学校代号,学校名称,专业代号,专业名称,计划数,分数线,位次
9,温州医科大学,21,临床药学,1,580,75732
9,温州医科大学,25,医学检验技术,1,595,58076
9,温州医科大学,31,生物技术,1,567,91217
9,温州医科大学,39,护理学,1,562,97307
9,温州医科大学,43,生物制药,1,549,113167
10,浙江海洋大学,12,护理学,1,565,93950
12,浙江中医药大学,22,护理学,2,544,119264
12,浙江中医药大学,29,生物科学,1,548,114107
12,浙江中医药大学,30,医学实验技术,1,581,73841
33,浙江树人学院,16,土木工程,78,484,189814
33,浙江树人学院,17,智能建造,1,528,138791
33,浙江树人学院,30,环境工程,40,489,185245
33,浙江树人学院,31,应用化学,11,505,167266
33,浙江树人学院,32,生物工程,6,499,173390
33,浙江树人学院,34,环境生态工程,55,487,186796
33,浙江树人学院,501,国际金融,80,471,203559
33,浙江树人学院,503,电子商务,78,475,199016
33,浙江树人学院,504,商务数据分析与应用,34,478,196077
33,浙江树人学院,506,现代文秘(涉外方向),60,465,208632
36,杭州医学院,12,医学检验技术,1,548,114431
36,杭州医学院,20,智能医学工程,2,538,126933
41,浙江艺术职业学院,510,音像技术,5,489,184551
41,浙江艺术职业学院,513,影视编导,9,488,185555
41,浙江艺术职业学院,519,文化创意与策划,55,485,189050
41,浙江艺术职业学院,523,公共文化服务与管理,56,478,196504
42,浙江交通职业技术学院,510,城市轨道交通运营管理,1,565,94118
43,浙江工商职业技术学院,503,大数据与会计(中外合作办学),44,485,189567
43,浙江工商职业技术学院,508,国际商务(中外合作办学),57,461,213024
43,浙江工商职业技术学院,511,商务数据分析与应用,9,489,185010
43,浙江工商职业技术学院,518,工程造价,32,487,186988
43,浙江工商职业技术学院,521,建筑工程技术,6,487,187285
43,浙江工商职业技术学院,527,软件技术,28,489,185371
43,浙江工商职业技术学院,532,应用电子技术,11,489,185210
44,浙江工贸职业技术学院,502,材料工程技术,12,485,188857
44,浙江工贸职业技术学院,505,模具设计与制造,14,488,186237
44,浙江工贸职业技术学院,506,工业机器人技术(中外合作办学),40,459,213920
44,浙江工贸职业技术学院,507,环境工程技术,28,476,198963
44,浙江工贸职业技术学院,509,智能网联汽车技术,23,486,188258
44,浙江工贸职业技术学院,510,电子信息工程技术,68,481,193690
44,浙江工贸职业技术学院,512,软件技术,90,482,192274
44,浙江工贸职业技术学院,513,人工智能技术应用,65,481,193624
44,浙江工贸职业技术学院,514,大数据技术,59,482,192644
44,浙江工贸职业技术学院,516,动漫制作技术,1,513,157308
44,浙江工贸职业技术学院,518,工业设计,6,487,187580
44,浙江工贸职业技术学院,524,眼视光技术(中外合作办学),71,469,205263
44,浙江工贸职业技术学院,525,商务英语,110,476,198898
44,浙江工贸职业技术学院,526,市场营销,11,477,197318
44,浙江工贸职业技术学院,527,国际经济与贸易,66,476,198881
44,浙江工贸职业技术学院,528,电子商务,94,478,196488
44,浙江工贸职业技术学院,529,现代物流管理,51,475,199655
44,浙江工贸职业技术学院,530,商务数据分析与应用,41,475,199951
44,浙江工贸职业技术学院,532,酒店管理与数字化运营,2,485,189247
44,浙江工贸职业技术学院,534,人力资源管理,42,476,198657
44,浙江工贸职业技术学院,535,金融服务与管理,41,474,200061
44,浙江工贸职业技术学院,536,知识产权管理,57,484,190452
46,浙江商业职业技术学院,502,现代物流管理(中美合作),33,460,213114
46,浙江商业职业技术学院,503,智能物流技术,10,488,185510
46,浙江商业职业技术学院,504,工商企业管理(数字管理方向),11,489,184728
46,浙江商业职业技术学院,505,连锁经营与管理,8,489,184793
46,浙江商业职业技术学院,507,市场营销(中法合作),31,465,208909
46,浙江商业职业技术学院,508,金融科技应用,23,488,186105
46,浙江商业职业技术学院,513,电子商务(中美合作),28,480,194660
46,浙江商业职业技术学院,518,导游（国际旅游）,3,489,185238
46,浙江商业职业技术学院,520,餐饮智能管理,5,488,185736
46,浙江商业职业技术学院,523,智能控制技术,10,489,184631
46,浙江商业职业技术学院,525,应用电子技术,1,522,147022
46,浙江商业职业技术学院,526,工业互联网应用,40,486,187675
47,浙江警官职业学院,507,建筑消防技术,142,457,216371
47,浙江警官职业学院,508,安全防范技术,132,458,214976
47,浙江警官职业学院,509,智能安防运营管理,87,460,213590
47,浙江警官职业学院,510,无人机应用技术,30,483,191012
47,浙江警官职业学院,512,密码技术应用,91,464,209794
47,浙江警官职业学院,513,移动应用开发,85,464,209633
47,浙江警官职业学院,514,司法鉴定技术,20,481,192938
48,浙江工业职业技术学院,503,工业机器人技术,27,480,194161
48,浙江工业职业技术学院,504,机械制造及自动化,52,482,192159
48,浙江工业职业技术学院,505,数控技术,69,474,200048
48,浙江工业职业技术学院,506,智能制造装备技术,2,484,189812
48,浙江工业职业技术学院,507,信息安全技术应用,7,481,193694
48,浙江工业职业技术学院,508,计算机应用技术(智能移动终端软件开发),38,482,191966
48,浙江工业职业技术学院,509,工业设计,67,471,202961
48,浙江工业职业技术学院,510,视觉传达设计,74,479,195608
48,浙江工业职业技术学院,511,大数据技术,36,480,194249
48,浙江工业职业技术学院,512,智能网联汽车技术,8,478,196771
48,浙江工业职业技术学院,514,电子信息工程技术,32,478,196232
48,浙江工业职业技术学院,515,微电子技术,39,474,200389
48,浙江工业职业技术学院,519,统计与大数据分析,81,481,193327
48,浙江工业职业技术学院,520,电子商务,44,478,196742
48,浙江工业职业技术学院,521,国际经济与贸易,43,477,197120
48,浙江工业职业技术学院,522,市场营销,82,468,206008
48,浙江工业职业技术学院,523,跨境电子商务,95,470,204417
48,浙江工业职业技术学院,524,建筑工程技术,10,469,205123
48,浙江工业职业技术学院,525,工程造价,97,469,204911
48,浙江工业职业技术学院,526,智能建造技术,24,469,205544
48,浙江工业职业技术学院,527,道路与桥梁工程技术,95,465,209324
48,浙江工业职业技术学院,528,室内艺术设计,87,465,209490
48,浙江工业职业技术学院,529,模具设计与制造,39,475,199067
48,浙江工业职业技术学院,530,食品检验检测技术,20,485,189618
48,浙江工业职业技术学院,532,智能控制技术,28,476,198819
49,浙江旅游职业学院,501,酒店管理与数字化运营,50,470,204355
49,浙江旅游职业学院,503,餐饮智能管理,40,466,208096
49,浙江旅游职业学院,504,民宿管理与运营,20,473,201613
49,浙江旅游职业学院,505,中西面点工艺(中外合作办学),9,467,207490
49,浙江旅游职业学院,506,导游,32,475,199696
49,浙江旅游职业学院,507,研学旅行管理与服务,57,471,203686
49,浙江旅游职业学院,508,旅游管理,15,484,190370
49,浙江旅游职业学院,509,旅游英语,41,481,193915
49,浙江旅游职业学院,510,国际邮轮乘务管理,33,466,208313
49,浙江旅游职业学院,513,旅游日语,24,473,201221
49,浙江旅游职业学院,514,应用俄语,44,461,213035
49,浙江旅游职业学院,515,人力资源管理,59,481,193586
49,浙江旅游职业学院,516,网络营销与直播电商,10,486,188379
49,浙江旅游职业学院,517,会展策划与管理,48,482,192451
49,浙江旅游职业学院,518,传播与策划,28,487,187267
49,浙江旅游职业学院,524,智慧旅游技术应用,39,466,207814
49,浙江旅游职业学院,526,大数据技术,12,486,187998
49,浙江旅游职业学院,527,智慧健康养老服务与管理,53,478,196170
49,浙江旅游职业学院,528,茶艺与茶文化,7,476,198132
49,浙江旅游职业学院,529,休闲体育,7,478,196676
49,浙江旅游职业学院,531,健康管理,22,484,190530
52,浙江建设职业技术学院,502,土木工程检测技术,6,485,189254
52,浙江建设职业技术学院,503,建筑钢结构工程技术,10,486,188279
52,浙江建设职业技术学院,504,智能建造技术,14,487,187100
52,浙江建设职业技术学院,506,工程造价,23,488,186121
52,浙江建设职业技术学院,507,建设工程管理,12,485,188743
52,浙江建设职业技术学院,508,建筑经济信息化管理,7,487,186938
52,浙江建设职业技术学院,509,房地产经营与管理,6,482,192913
52,浙江建设职业技术学院,511,工程安全评价与监理,8,486,187978
52,浙江建设职业技术学院,515,建筑电气工程技术(中外合作办学),24,468,206359
52,浙江建设职业技术学院,517,市政工程技术,25,486,188250
52,浙江建设职业技术学院,518,给排水工程技术,16,486,187753
52,浙江建设职业技术学院,520,建筑消防技术,1,568,89579
52,浙江建设职业技术学院,521,智能工程机械运用技术,1,511,159345
52,浙江建设职业技术学院,522,建筑设计,11,487,187140
52,浙江建设职业技术学院,523,建筑设计(中外合作办学),9,470,204470
52,浙江建设职业技术学院,530,装配化装修技术,25,480,194241
53,浙江经贸职业技术学院,531,酒店管理与数字化运营(中外合作办学),32,482,192880
54,浙江育英职业技术学院,501,民航安全技术管理,20,433,234611
54,浙江育英职业技术学院,502,城市轨道交通运营管理,185,420,242881
54,浙江育英职业技术学院,503,高速铁路客运服务,45,417,245097
54,浙江育英职业技术学院,504,计算机应用技术,75,427,238610
54,浙江育英职业技术学院,505,大数据技术,75,417,245081
54,浙江育英职业技术学院,506,计算机网络技术,80,421,242500
54,浙江育英职业技术学院,507,信息安全技术应用,50,416,245762
54,浙江育英职业技术学院,508,人工智能技术应用,50,422,241774
54,浙江育英职业技术学院,509,电子商务,45,417,244760
54,浙江育英职业技术学院,510,跨境电子商务,30,417,245154
54,浙江育英职业技术学院,511,市场营销,10,417,245238
54,浙江育英职业技术学院,512,大数据与会计,65,436,232738
54,浙江育英职业技术学院,513,网络营销与直播电商,25,414,246514
54,浙江育英职业技术学院,514,国际商务,30,411,248495
54,浙江育英职业技术学院,515,酒店管理与数字化运营,8,419,243807
54,浙江育英职业技术学院,516,会展策划与管理,25,412,248004
54,浙江育英职业技术学院,517,旅游管理,12,413,247126
54,浙江育英职业技术学院,518,体育运营与管理,10,414,246710
54,浙江育英职业技术学院,521,人物形象设计,5,434,234214
55,浙江东方职业技术学院,501,民政服务与管理,30,420,243270
55,浙江东方职业技术学院,502,护理,10,477,197635
55,浙江东方职业技术学院,503,酒店管理与数字化运营,28,406,250940
55,浙江东方职业技术学院,504,智慧健康养老服务与管理,10,437,232144
55,浙江东方职业技术学院,505,学前教育(师范),13,463,210740
55,浙江东方职业技术学院,506,社会工作,15,418,244654
55,浙江东方职业技术学院,507,电子商务,30,413,247493
55,浙江东方职业技术学院,508,现代物流管理,35,409,249402
55,浙江东方职业技术学院,509,工商企业管理,20,408,250178
55,浙江东方职业技术学院,510,网络营销与直播电商,45,405,251587
55,浙江东方职业技术学院,511,国际经济与贸易,27,412,247671
55,浙江东方职业技术学院,512,跨境电子商务,30,413,247228
55,浙江东方职业技术学院,513,商务数据分析与应用,25,405,251737
55,浙江东方职业技术学院,514,财富管理,20,405,251906
55,浙江东方职业技术学院,515,大数据与会计,80,426,239174
55,浙江东方职业技术学院,516,大数据与财务管理,45,415,246245
55,浙江东方职业技术学院,517,会计信息管理,20,409,249321
55,浙江东方职业技术学院,518,大数据技术,40,411,248080
55,浙江东方职业技术学院,519,数字媒体技术,30,428,238284
55,浙江东方职业技术学院,520,计算机应用技术,82,416,245531
55,浙江东方职业技术学院,521,计算机网络技术,55,410,248660
55,浙江东方职业技术学院,522,人工智能技术应用,45,415,246002
55,浙江东方职业技术学院,523,软件技术,60,407,250634
55,浙江东方职业技术学院,524,信息安全技术应用,65,404,252120
55,浙江东方职业技术学院,525,电气自动化技术,99,432,235437
55,浙江东方职业技术学院,526,工业设计,70,405,251950
55,浙江东方职业技术学院,527,智能制造装备技术,70,412,247865
55,浙江东方职业技术学院,528,智能控制技术,89,406,250947
55,浙江东方职业技术学院,529,新能源装备技术,70,415,245911
55,浙江东方职业技术学院,530,数字媒体艺术设计,65,406,251068
55,浙江东方职业技术学院,531,工艺美术品设计,35,402,253200
56,浙江长征职业技术学院,501,建筑室内设计,24,414,246742
56,浙江长征职业技术学院,502,工程造价,22,413,247264
56,浙江长征职业技术学院,503,工业机器人技术,30,419,243502
56,浙江长征职业技术学院,504,无人机应用技术,22,423,241263
56,浙江长征职业技术学院,505,汽车电子技术,10,414,246820
56,浙江长征职业技术学院,506,城市轨道交通运营管理,130,413,247072
56,浙江长征职业技术学院,507,计算机应用技术,37,419,243461
56,浙江长征职业技术学院,508,软件技术,10,419,243723
56,浙江长征职业技术学院,509,数字媒体技术,47,421,242553
56,浙江长征职业技术学院,510,护理,256,422,241979
56,浙江长征职业技术学院,511,健康大数据管理与服务,10,419,243872
56,浙江长征职业技术学院,512,大数据与财务管理,8,423,241133
56,浙江长征职业技术学院,513,大数据与会计,88,417,245149
56,浙江长征职业技术学院,514,电子商务,12,425,240188
56,浙江长征职业技术学院,515,网络新闻与传播,10,419,244048
56,浙江长征职业技术学院,516,药品经营与管理,47,412,247603
56,浙江长征职业技术学院,517,人工智能技术应用,27,417,244923
56,浙江长征职业技术学院,518,学前教育(师范),70,436,232365
56,浙江长征职业技术学院,519,口腔卫生保健,65,410,248771
56,浙江长征职业技术学院,520,口腔医学技术,65,416,245475
56,浙江长征职业技术学院,521,新能源汽车技术,40,413,246991
58,浙江纺织服装职业技术学院,502,服装与服饰设计,36,463,210569
58,浙江纺织服装职业技术学院,506,人物形象设计(中外合作办学)(中韩合作),10,459,214285
58,浙江纺织服装职业技术学院,511,数字媒体艺术设计,15,478,196114
58,浙江纺织服装职业技术学院,513,服装设计与工艺,27,465,209315
58,浙江纺织服装职业技术学院,514,服装陈列与展示设计,25,456,216617
58,浙江纺织服装职业技术学院,515,针织技术与针织服装,8,461,212601
58,浙江纺织服装职业技术学院,516,服装设计与工艺(时装管理),65,455,217481
58,浙江纺织服装职业技术学院,517,服装设计与工艺(中外合作办学)(中日合作),50,435,233461
58,浙江纺织服装职业技术学院,518,服装与服饰设计(中外合作办学)(中英合作),27,439,230236
58,浙江纺织服装职业技术学院,519,服装陈列与展示设计(中外合作办学)(时尚传媒，中英合作),27,431,235735
58,浙江纺织服装职业技术学院,520,服装设计与工艺(中外合作办学)(时装管理，中英合作),20,431,235994
58,浙江纺织服装职业技术学院,522,软件技术,33,469,205411
58,浙江纺织服装职业技术学院,523,云计算技术应用,35,466,207625
58,浙江纺织服装职业技术学院,524,大数据技术,63,465,208968
58,浙江纺织服装职业技术学院,525,人工智能技术应用,58,471,203547
58,浙江纺织服装职业技术学院,526,市场营销,90,459,214043
58,浙江纺织服装职业技术学院,527,电子商务,54,469,205294
58,浙江纺织服装职业技术学院,528,国际经济与贸易,80,463,210632
58,浙江纺织服装职业技术学院,529,跨境电子商务,40,466,208269
58,浙江纺织服装职业技术学院,531,现代物流管理,39,460,213254
58,浙江纺织服装职业技术学院,532,工业机器人技术,33,471,203101
58,浙江纺织服装职业技术学院,534,工业互联网应用,30,465,209045
58,浙江纺织服装职业技术学院,535,纺织品检验与贸易,31,455,217445
58,浙江纺织服装职业技术学院,536,纺织品设计(设计与贸易),83,453,219823
58,浙江纺织服装职业技术学院,537,数字化染整技术,57,455,218185
58,浙江纺织服装职业技术学院,538,现代纺织技术(智能制造),63,456,217040
58,浙江纺织服装职业技术学院,539,建筑室内设计,25,466,208358
59,浙江广厦建设职业技术大学,1,建筑工程,29,481,193683
59,浙江广厦建设职业技术大学,2,园林景观工程,1,562,97132
59,浙江广厦建设职业技术大学,4,智能建造工程,34,481,193254
59,浙江广厦建设职业技术大学,5,道路与桥梁工程,45,478,196086
59,浙江广厦建设职业技术大学,6,工程造价,34,479,195206
59,浙江广厦建设职业技术大学,7,建设工程管理,24,477,197191
59,浙江广厦建设职业技术大学,16,建筑电气与智能化工程,14,484,189831
59,浙江广厦建设职业技术大学,20,计算机应用工程,2,500,172104
59,浙江广厦建设职业技术大学,21,软件工程技术,31,485,188801
59,浙江广厦建设职业技术大学,22,虚拟现实技术,30,483,190838
59,浙江广厦建设职业技术大学,29,给排水工程,34,478,196214
59,浙江广厦建设职业技术大学,30,建筑环境与能源工程,35,479,195209
59,浙江广厦建设职业技术大学,501,建筑设计,17,433,234313
59,浙江广厦建设职业技术大学,502,建设工程监理,17,425,240286
59,浙江广厦建设职业技术大学,503,道路与桥梁工程技术,35,425,239695
59,浙江广厦建设职业技术大学,504,建筑经济信息化管理,30,411,248328
59,浙江广厦建设职业技术大学,505,金融科技应用,34,425,239743
59,浙江广厦建设职业技术大学,506,大数据与财务管理,33,441,228727
59,浙江广厦建设职业技术大学,507,护理,23,475,199687
59,浙江广厦建设职业技术大学,508,康复治疗技术,22,443,227720
59,浙江广厦建设职业技术大学,509,智慧健康养老服务与管理,54,408,249862
59,浙江广厦建设职业技术大学,510,民航安全技术管理,53,407,250783
59,浙江广厦建设职业技术大学,511,社会工作,36,422,242162
59,浙江广厦建设职业技术大学,512,计算机应用技术,8,471,203233
59,浙江广厦建设职业技术大学,513,虚拟现实技术应用,6,445,225778
59,浙江广厦建设职业技术大学,514,机械制造及自动化,26,449,222741
59,浙江广厦建设职业技术大学,515,机电一体化技术,3,485,188744
59,浙江广厦建设职业技术大学,516,药品生产技术,21,433,234871
59,浙江广厦建设职业技术大学,517,药品质量与安全,26,426,239311
59,浙江广厦建设职业技术大学,518,药学,29,441,228629
59,浙江广厦建设职业技术大学,519,环境监测技术,30,415,246151
59,浙江广厦建设职业技术大学,520,环境工程技术,41,414,246689
59,浙江广厦建设职业技术大学,521,新能源材料应用技术,35,419,243483
59,浙江广厦建设职业技术大学,522,国际经济与贸易,28,425,239759
59,浙江广厦建设职业技术大学,523,商务英语,28,422,242184
59,浙江广厦建设职业技术大学,527,视觉传达设计,16,450,221684
59,浙江广厦建设职业技术大学,528,摄影与摄像艺术,14,429,237034
61,金华职业技术大学,531,园艺技术,1,568,90115
61,金华职业技术大学,548,应用化工技术,1,561,98054
62,义乌工商职业技术学院,501,旅游管理,11,458,215465
62,义乌工商职业技术学院,502,酒店管理与数字化运营,12,458,215485
62,义乌工商职业技术学院,503,会展策划与管理,24,458,215079
62,义乌工商职业技术学院,505,现代文秘(数智文秘),37,459,214711
62,义乌工商职业技术学院,506,机电一体化技术,53,473,201171
62,义乌工商职业技术学院,507,工业机器人技术,38,468,206241
62,义乌工商职业技术学院,508,电气自动化技术,49,475,199871
62,义乌工商职业技术学院,509,计算机应用技术,71,472,202714
62,义乌工商职业技术学院,510,大数据技术,41,464,209843
62,义乌工商职业技术学院,511,人工智能技术应用,32,466,207799
62,义乌工商职业技术学院,512,金融服务与管理,18,462,212182
62,义乌工商职业技术学院,513,大数据与会计,107,481,193033
62,义乌工商职业技术学院,514,工商企业管理,12,457,215701
62,义乌工商职业技术学院,515,市场营销,12,457,216236
62,义乌工商职业技术学院,516,国际经济与贸易,4,485,189434
62,义乌工商职业技术学院,517,国际商务,39,456,217267
62,义乌工商职业技术学院,518,现代物流管理,44,456,216542
62,义乌工商职业技术学院,519,应用英语,63,456,217330
62,义乌工商职业技术学院,520,应用西班牙语,25,455,217704
62,义乌工商职业技术学院,521,建筑装饰工程技术,14,454,218863
62,义乌工商职业技术学院,522,建筑工程技术(智慧建造技术),29,454,218375
62,义乌工商职业技术学院,523,建设工程管理,28,452,220463
62,义乌工商职业技术学院,524,市政工程技术,20,457,216397
62,义乌工商职业技术学院,525,数字媒体艺术设计,47,467,207148
62,义乌工商职业技术学院,527,产品艺术设计,19,457,216288
62,义乌工商职业技术学院,528,服装与服饰设计,20,454,218428
62,义乌工商职业技术学院,532,电子商务,38,474,200709
62,义乌工商职业技术学院,533,跨境电子商务,56,467,206795
62,义乌工商职业技术学院,534,网络营销与直播电商,32,460,213245
62,义乌工商职业技术学院,535,商务数据分析与应用,40,455,217979
64,温州职业技术学院,520,建筑加固与修复技术,13,496,177369
64,温州职业技术学院,528,虚拟现实技术应用(中外合作办学),20,484,190621
64,温州职业技术学院,529,服装与服饰设计(中外合作办学),6,487,187254
65,浙江越秀外国语学院,1,英语,1,565,94001
65,浙江越秀外国语学院,42,大数据管理与应用(中外合作办学),7,483,190840
65,浙江越秀外国语学院,501,商务管理,43,407,250718
65,浙江越秀外国语学院,502,应用日语,41,399,254716
65,浙江越秀外国语学院,503,应用西班牙语,43,390,259449
65,浙江越秀外国语学院,504,应用英语,114,404,252360
65,浙江越秀外国语学院,505,应用法语,45,385,261592
65,浙江越秀外国语学院,506,跨境电子商务,43,432,235446
65,浙江越秀外国语学院,507,融媒体技术与运营,79,411,248375
66,台州职业技术学院,501,机电一体化技术,24,480,194262
66,台州职业技术学院,502,数控技术,52,466,207719
66,台州职业技术学院,503,电气自动化技术,28,479,195456
66,台州职业技术学院,504,电气自动化技术(智慧物联),36,467,206973
66,台州职业技术学院,505,工业机器人技术,49,464,209575
66,台州职业技术学院,506,电气自动化技术(中外合作办学),40,452,220311
66,台州职业技术学院,507,汽车制造与试验技术,73,455,217700
66,台州职业技术学院,508,新能源汽车技术,72,469,205097
66,台州职业技术学院,509,计算机应用技术,48,468,205866
66,台州职业技术学院,510,数字媒体技术,23,480,194635
66,台州职业技术学院,511,建筑装饰工程技术,37,452,220122
66,台州职业技术学院,512,工程造价,32,459,213935
66,台州职业技术学院,513,药品生产技术,71,467,207531
66,台州职业技术学院,514,药品质量与安全,33,469,205036
66,台州职业技术学院,518,金融服务与管理,36,457,216190
66,台州职业技术学院,519,社区管理与服务,35,463,211234
66,台州职业技术学院,520,商务英语,72,458,215467
66,台州职业技术学院,521,市场营销,36,453,219447
66,台州职业技术学院,522,电子商务,37,459,214357
66,台州职业技术学院,523,酒店管理与数字化运营,48,452,220745
66,台州职业技术学院,524,机电一体化技术(机电一体化师),24,471,203232
66,台州职业技术学院,525,建筑工程技术,37,451,221171
66,台州职业技术学院,526,化学制药技术,34,465,209195
66,台州职业技术学院,527,商务数据分析与应用,37,454,218760
67,绍兴职业技术学院,501,计算机应用技术,54,446,224877
67,绍兴职业技术学院,502,计算机网络技术,55,442,228433
67,绍兴职业技术学院,503,软件技术,27,452,220249
67,绍兴职业技术学院,504,大数据技术,55,442,228347
67,绍兴职业技术学院,505,物联网应用技术,50,440,229996
67,绍兴职业技术学院,506,人工智能技术应用,55,442,228584
67,绍兴职业技术学院,507,大数据与会计,55,453,219915
67,绍兴职业技术学院,508,金融服务与管理,45,437,231650
67,绍兴职业技术学院,509,国际经济与贸易,50,437,231733
67,绍兴职业技术学院,510,电子商务,55,439,230554
67,绍兴职业技术学院,511,商务英语,55,436,232578
67,绍兴职业技术学院,512,跨境电子商务,53,442,228550
67,绍兴职业技术学院,513,机电一体化技术,50,454,218363
67,绍兴职业技术学院,514,工业机器人技术,20,451,220922
67,绍兴职业技术学院,515,城市轨道交通运营管理,135,456,217156
67,绍兴职业技术学院,516,城市轨道交通机电技术,97,447,224589
67,绍兴职业技术学院,517,城市轨道交通通信信号技术,47,452,220409
67,绍兴职业技术学院,518,室内艺术设计,50,440,229991
67,绍兴职业技术学院,519,数字媒体艺术设计,10,453,219362
67,绍兴职业技术学院,520,动漫设计,14,447,224636
67,绍兴职业技术学院,521,建筑工程技术,20,438,231015
67,绍兴职业技术学院,522,工程造价,50,434,234125
67,绍兴职业技术学院,523,智能建造技术,11,441,228917
67,绍兴职业技术学院,524,建设工程管理(BIM技术),15,438,230807
67,绍兴职业技术学院,525,护理,253,458,214795
67,绍兴职业技术学院,526,护理(中外合作办学),20,453,219495
67,绍兴职业技术学院,527,中医学,60,483,191309
67,绍兴职业技术学院,528,中药学,154,456,217089
67,绍兴职业技术学院,529,早期教育,20,434,233607
67,绍兴职业技术学院,530,学前教育(师范),99,437,231818
69,嘉兴职业技术学院,501,现代农业技术,33,469,205323
69,嘉兴职业技术学院,502,园艺技术,20,476,198091
69,嘉兴职业技术学院,503,园林技术,38,465,209493
69,嘉兴职业技术学院,505,环境工程技术,37,464,210022
69,嘉兴职业技术学院,506,工程造价,77,465,208623
69,嘉兴职业技术学院,507,工业机器人技术,35,473,201004
69,嘉兴职业技术学院,509,无人机应用技术,8,487,186872
69,嘉兴职业技术学院,510,现代纺织技术,38,460,213527
69,嘉兴职业技术学院,511,纺织品设计,40,458,215629
69,嘉兴职业技术学院,512,食品质量与安全,22,481,193390
69,嘉兴职业技术学院,513,飞机机电设备维修,30,473,201515
69,嘉兴职业技术学院,515,物联网应用技术,32,471,203330
69,嘉兴职业技术学院,516,软件技术,30,475,199726
69,嘉兴职业技术学院,517,信息安全技术应用,33,471,203739
69,嘉兴职业技术学院,518,虚拟现实技术应用,31,469,204886
69,嘉兴职业技术学院,519,人工智能技术应用,33,472,202635
69,嘉兴职业技术学院,521,国际经济与贸易,32,472,202121
69,嘉兴职业技术学院,522,电子商务,24,478,196750
69,嘉兴职业技术学院,523,现代物流管理,33,468,206475
69,嘉兴职业技术学院,524,旅游管理,38,463,210909
69,嘉兴职业技术学院,525,酒店管理与数字化运营,39,463,210827
69,嘉兴职业技术学院,526,文化创意与策划,29,478,196950
69,嘉兴职业技术学院,527,服装与服饰设计(中外合作办学),35,443,227569
69,嘉兴职业技术学院,528,工业设计,34,467,207240
70,湖州职业技术学院,501,市政工程技术,18,470,204418
70,湖州职业技术学院,502,建筑工程技术,10,470,204146
70,湖州职业技术学院,503,工程造价,30,470,204311
70,湖州职业技术学院,504,电梯工程技术,15,483,191304
70,湖州职业技术学院,505,机电一体化技术,2,520,149264
70,湖州职业技术学院,506,工业过程自动化技术,19,480,194858
70,湖州职业技术学院,507,工业机器人技术,17,480,194197
70,湖州职业技术学院,508,工业机器人技术(中外合作办学),55,454,218400
70,湖州职业技术学院,509,数字化设计与制造技术,17,474,200743
70,湖州职业技术学院,510,电气自动化技术,17,488,185786
70,湖州职业技术学院,511,新能源汽车技术,50,476,198943
70,湖州职业技术学院,512,新能源装备技术,19,474,200503
70,湖州职业技术学院,513,无人机应用技术,10,486,188251
70,湖州职业技术学院,514,智能网联汽车技术,20,470,204071
70,湖州职业技术学院,515,大数据技术,50,475,199076
70,湖州职业技术学院,516,电子信息工程技术,16,478,196833
70,湖州职业技术学院,517,软件技术,57,473,201197
70,湖州职业技术学院,518,物联网应用技术,40,470,204253
70,湖州职业技术学院,519,集成电路技术,20,472,202809
70,湖州职业技术学院,521,电子商务,5,488,186267
70,湖州职业技术学院,522,国际经济与贸易,10,481,193411
70,湖州职业技术学院,523,金融科技应用,4,482,192704
70,湖州职业技术学院,524,跨境电子商务,10,479,195393
70,湖州职业技术学院,525,现代物流管理,17,472,202507
70,湖州职业技术学院,526,酒店管理与数字化运营,14,470,204222
70,湖州职业技术学院,527,旅游管理,11,473,201881
70,湖州职业技术学院,528,旅游管理(中外合作办学),20,454,218970
70,湖州职业技术学院,529,智慧景区开发与管理,4,475,199580
70,湖州职业技术学院,530,服装与服饰设计,8,478,196270
70,湖州职业技术学院,531,视觉传达设计,27,474,199990
70,湖州职业技术学院,532,室内艺术设计,13,474,200857
70,湖州职业技术学院,533,数字媒体艺术设计,28,480,194336
70,湖州职业技术学院,534,人力资源管理,47,471,203682
70,湖州职业技术学院,535,商务英语,65,476,198761
71,衢州职业技术学院,501,护理(中外合作办学),24,485,189361
71,衢州职业技术学院,507,艺术设计,15,452,220464
71,衢州职业技术学院,508,摄影摄像技术,14,459,214637
71,衢州职业技术学院,509,数字媒体艺术设计,15,467,207536
71,衢州职业技术学院,510,大数据与会计,8,484,190483
71,衢州职业技术学院,511,跨境电子商务,19,454,218681
71,衢州职业技术学院,512,连锁经营与管理,30,449,222871
71,衢州职业技术学院,513,金融服务与管理,28,453,219698
71,衢州职业技术学院,514,计算机应用技术,38,462,211953
71,衢州职业技术学院,515,大数据技术,21,459,214554
71,衢州职业技术学院,516,物联网应用技术,25,457,215864
71,衢州职业技术学院,517,电气自动化技术,14,478,196859
71,衢州职业技术学院,518,人工智能技术应用,13,460,213261
71,衢州职业技术学院,519,工业机器人技术,7,465,208656
71,衢州职业技术学院,520,机电一体化技术,26,471,203009
71,衢州职业技术学院,521,新能源汽车技术,17,470,204169
71,衢州职业技术学院,522,智能制造装备技术,9,462,211693
71,衢州职业技术学院,523,飞行器维修技术,23,464,210312
71,衢州职业技术学院,524,休闲体育,4,454,218922
71,衢州职业技术学院,525,体育运营与管理,3,454,218772
71,衢州职业技术学院,526,化工装备技术,5,456,216789
71,衢州职业技术学院,527,化工智能制造技术,5,457,215706
71,衢州职业技术学院,528,应用化工技术,4,479,195016
71,衢州职业技术学院,529,分析检验技术,4,475,199255
72,丽水职业技术学院,502,绿色食品生产技术,20,460,213880
72,丽水职业技术学院,503,园艺技术,10,469,204898
72,丽水职业技术学院,504,园林工程技术,9,456,217007
72,丽水职业技术学院,505,现代竹木产品设计与制造,15,447,224716
72,丽水职业技术学院,506,测绘地理信息技术,50,446,225219
72,丽水职业技术学院,507,建筑室内设计,44,451,221381
72,丽水职业技术学院,508,智能建造技术,50,446,225140
72,丽水职业技术学院,509,工程造价,17,453,219358
72,丽水职业技术学院,510,数控技术,14,462,211369
72,丽水职业技术学院,511,数字化设计与制造技术,30,456,216530
72,丽水职业技术学院,512,机电一体化技术,47,468,206273
72,丽水职业技术学院,513,工业机器人技术,38,460,213555
72,丽水职业技术学院,514,电气自动化技术,26,471,203722
72,丽水职业技术学院,515,大数据与会计,96,470,204475
72,丽水职业技术学院,516,跨境电子商务,44,452,220615
72,丽水职业技术学院,517,旅游管理,41,449,223167
72,丽水职业技术学院,518,电子信息工程技术,25,460,213315
72,丽水职业技术学院,519,计算机网络技术,49,464,210271
72,丽水职业技术学院,520,集成电路技术,49,454,218580
72,丽水职业技术学院,521,微电子技术,40,451,221089
72,丽水职业技术学院,522,人工智能技术应用,40,458,215327
72,丽水职业技术学院,523,机电一体化技术(汽车热管理),25,462,211722
74,宁波财经学院,16,金融工程,58,486,187885
74,宁波财经学院,17,金融科技,60,485,188712
74,宁波财经学院,502,传播与策划(新媒体运营),14,480,194777
74,宁波财经学院,503,摄影与摄像艺术,25,453,219854
74,宁波财经学院,504,播音与主持,8,467,207611
74,宁波财经学院,505,广播影视节目制作,23,452,220014
75,台州科技职业学院,501,旅游管理(中外合作办学),41,431,235754
75,台州科技职业学院,502,业财数据应用与管理,37,452,220395
75,台州科技职业学院,503,园艺技术,46,455,217522
75,台州科技职业学院,504,现代物流管理,41,452,220474
75,台州科技职业学院,505,保险实务,37,448,223475
75,台州科技职业学院,506,电子商务,41,456,216569
75,台州科技职业学院,507,早期教育,76,448,223380
75,台州科技职业学院,508,商务数据分析与应用,38,451,221505
75,台州科技职业学院,509,园林工程技术,36,451,221497
75,台州科技职业学院,510,环境工程技术,36,451,221509
75,台州科技职业学院,511,食品检验检测技术,36,458,214804
75,台州科技职业学院,512,机械制造及自动化,36,464,209825
75,台州科技职业学院,513,模具设计与制造,40,458,215573
75,台州科技职业学院,514,汽车制造与试验技术,32,454,218874
75,台州科技职业学院,515,信息安全技术应用,41,457,216203
75,台州科技职业学院,516,智能控制技术,37,457,215677
75,台州科技职业学院,517,飞行器数字化制造技术,36,455,217466
75,台州科技职业学院,518,工业设计,35,453,219459
75,台州科技职业学院,519,人工智能技术应用,39,459,214407
75,台州科技职业学院,520,大数据技术,34,459,214396
75,台州科技职业学院,521,工业互联网应用,33,454,218837
75,台州科技职业学院,523,市场营销,37,452,220726
75,台州科技职业学院,524,金融科技应用,42,451,221018
75,台州科技职业学院,525,学前教育(师范),31,476,198707
75,台州科技职业学院,526,数控技术,36,458,215055
75,台州科技职业学院,527,计算机应用技术,36,463,210733
76,杭州科技职业技术学院,506,跨境电子商务,28,486,188490
76,杭州科技职业技术学院,507,工程造价,81,479,195539
76,杭州科技职业技术学院,508,会展策划与管理,64,484,190437
76,杭州科技职业技术学院,509,酒店管理与数字化运营,77,467,207271
76,杭州科技职业技术学院,510,研学旅行管理与服务,41,470,203937
76,杭州科技职业技术学院,511,工业机器人技术,30,487,187624
76,杭州科技职业技术学院,512,数字化设计与制造技术(汽车模具方向),85,475,199859
76,杭州科技职业技术学院,513,工业互联网应用,35,483,191015
76,杭州科技职业技术学院,515,智能控制技术,31,486,188668
76,杭州科技职业技术学院,516,应用电子技术,60,486,188107
76,杭州科技职业技术学院,517,物联网应用技术,6,498,175001
76,杭州科技职业技术学院,519,软件技术,23,487,187456
76,杭州科技职业技术学院,520,汽车智能技术,39,483,191805
76,杭州科技职业技术学院,522,市政工程技术,86,471,203477
76,杭州科技职业技术学院,523,建筑工程技术,42,472,201977
76,杭州科技职业技术学院,524,机电一体化技术(中外合作办学),90,463,210588
77,杭州万向职业技术学院,501,机电一体化技术,75,445,225936
77,杭州万向职业技术学院,502,新能源汽车技术,20,446,225036
77,杭州万向职业技术学院,503,数字化设计与制造技术,51,437,231931
77,杭州万向职业技术学院,504,城市轨道交通运营管理,18,466,207805
77,杭州万向职业技术学院,505,大数据技术,96,435,233513
77,杭州万向职业技术学院,506,绿色食品生产技术,100,435,233201
77,杭州万向职业技术学院,507,护理,20,481,193875
77,杭州万向职业技术学院,508,酒店管理与数字化运营,30,431,235780
77,杭州万向职业技术学院,509,智慧健康养老服务与管理,26,440,229587
77,杭州万向职业技术学院,510,康复工程技术,20,437,232148
77,杭州万向职业技术学院,511,环境监测技术,51,429,237271
77,杭州万向职业技术学院,512,工业设计,40,438,230823
77,杭州万向职业技术学院,513,服装设计与工艺,63,428,238155
77,杭州万向职业技术学院,514,工商企业管理,50,429,237272
77,杭州万向职业技术学院,515,工商企业管理(创业管理方向),35,427,238399
77,杭州万向职业技术学院,516,工商企业管理(未来社区数字化运营与管理方向),35,429,237128
77,杭州万向职业技术学院,517,国际经济与贸易,40,434,233634
77,杭州万向职业技术学院,518,跨境电子商务,24,442,228000
77,杭州万向职业技术学院,519,大数据与会计,29,453,219273
77,杭州万向职业技术学院,520,商务英语,45,433,234827
78,嘉兴南洋职业技术学院,501,建筑装饰工程技术,65,403,252786
78,嘉兴南洋职业技术学院,502,室内艺术设计,45,421,242445
78,嘉兴南洋职业技术学院,503,建筑工程技术,75,403,252777
78,嘉兴南洋职业技术学院,504,工程造价,65,411,248091
78,嘉兴南洋职业技术学院,505,船舶工程技术,30,428,238308
78,嘉兴南洋职业技术学院,506,智能建造技术,30,412,247565
78,嘉兴南洋职业技术学院,507,机械制造及自动化,25,433,234819
78,嘉兴南洋职业技术学院,508,机电一体化技术,85,433,234299
78,嘉兴南洋职业技术学院,509,电气自动化技术,58,437,231936
78,嘉兴南洋职业技术学院,510,城市轨道交通机电技术,25,437,231626
78,嘉兴南洋职业技术学院,511,城市轨道交通运营管理,45,437,231515
78,嘉兴南洋职业技术学院,512,数字化设计与制造技术,75,422,242116
78,嘉兴南洋职业技术学院,513,金融科技应用,35,411,248179
78,嘉兴南洋职业技术学院,514,大数据与会计,75,432,235036
78,嘉兴南洋职业技术学院,515,工商企业管理,30,414,246387
78,嘉兴南洋职业技术学院,516,移动商务,30,409,249376
78,嘉兴南洋职业技术学院,517,跨境电子商务,30,422,241973
78,嘉兴南洋职业技术学院,518,网络营销与直播电商,30,416,245673
78,嘉兴南洋职业技术学院,519,数字媒体技术,75,433,234682
78,嘉兴南洋职业技术学院,520,虚拟现实技术应用,30,415,245994
78,嘉兴南洋职业技术学院,521,人工智能技术应用,45,428,237801
78,嘉兴南洋职业技术学院,522,移动应用开发,30,412,247797
78,嘉兴南洋职业技术学院,523,视觉传达设计,30,419,243585
78,嘉兴南洋职业技术学院,524,产品艺术设计,45,410,248890
78,嘉兴南洋职业技术学院,525,视觉传达设计(中外合作办学),20,402,253466
78,嘉兴南洋职业技术学院,526,商务英语,58,419,243931
78,嘉兴南洋职业技术学院,527,婴幼儿托育服务与管理,44,402,253303
78,嘉兴南洋职业技术学院,528,智慧健康养老服务与管理,70,418,244214
78,嘉兴南洋职业技术学院,529,护理,89,446,225265
85,温州科技职业学院,501,设施农业与装备,9,474,200515
85,温州科技职业学院,502,食品智能加工技术,15,466,208495
85,温州科技职业学院,503,食品质量与安全,38,466,207930
85,温州科技职业学院,504,绿色食品生产技术,32,475,199684
85,温州科技职业学院,505,环境工程技术,14,459,214718
85,温州科技职业学院,507,现代农业技术,9,472,202082
85,温州科技职业学院,508,园艺技术,25,476,198038
85,温州科技职业学院,509,园林技术,43,458,215592
85,温州科技职业学院,510,园林技术(中外合作办学),25,442,228129
85,温州科技职业学院,511,园林工程技术,19,456,217215
85,温州科技职业学院,512,水利工程,44,464,209672
85,温州科技职业学院,513,森林生态旅游与康养,4,472,202661
85,温州科技职业学院,517,宠物养护与驯导,17,488,186472
85,温州科技职业学院,518,动物医学(中外合作办学),21,487,187453
85,温州科技职业学院,519,工业机器人技术,28,470,204740
85,温州科技职业学院,520,智能控制技术,26,466,207818
85,温州科技职业学院,521,物联网应用技术,44,463,210775
85,温州科技职业学院,522,现代农业装备应用技术,10,461,212859
85,温州科技职业学院,523,国际商务,25,459,214752
85,温州科技职业学院,524,跨境电子商务,20,461,212417
85,温州科技职业学院,525,市场营销,25,459,214530
85,温州科技职业学院,526,连锁经营与管理,8,458,215443
85,温州科技职业学院,527,电子商务,43,463,210594
85,温州科技职业学院,528,商务数据分析与应用,27,457,216334
85,温州科技职业学院,529,大数据与会计,32,488,185498
85,温州科技职业学院,530,金融科技应用,19,459,214574
85,温州科技职业学院,531,计算机网络技术,47,470,204005
85,温州科技职业学院,532,数字媒体技术,63,476,198085
85,温州科技职业学院,533,软件技术,69,467,206663
85,温州科技职业学院,534,人工智能技术应用,62,465,209155
85,温州科技职业学院,535,区块链技术应用,35,456,216739
86,浙江横店影视职业学院,501,大数据与会计,20,446,225437
86,浙江横店影视职业学院,502,国际经济与贸易,42,401,253721
86,浙江横店影视职业学院,503,电子商务,34,416,245541
86,浙江横店影视职业学院,504,跨境电子商务,43,400,254215
86,浙江横店影视职业学院,505,全媒体广告策划与营销,36,407,250403
86,浙江横店影视职业学院,506,网络营销与直播电商,30,401,253685
86,浙江横店影视职业学院,507,休闲体育(康养产业经营),15,406,251124
86,浙江横店影视职业学院,508,旅游管理,49,407,250603
86,浙江横店影视职业学院,509,导游,47,399,254834
86,浙江横店影视职业学院,510,休闲服务与管理(茶企经营),16,406,251378
86,浙江横店影视职业学院,511,空中乘务,13,398,255597
86,浙江横店影视职业学院,512,医学美容技术,10,436,232514
86,浙江横店影视职业学院,513,新闻采编与制作,35,403,252681
86,浙江横店影视职业学院,514,融媒体技术与运营,35,402,253162
86,浙江横店影视职业学院,515,戏剧影视表演,19,390,259341
86,浙江横店影视职业学院,516,戏剧影视表演(影视动作),3,399,255072
86,浙江横店影视职业学院,517,音乐表演,4,429,237456
86,浙江横店影视职业学院,518,舞蹈表演,9,387,260712
86,浙江横店影视职业学院,519,时尚表演与传播,18,391,259002
86,浙江横店影视职业学院,520,表演艺术(学前艺术),10,389,259717
86,浙江横店影视职业学院,521,表演艺术,10,393,257926
86,浙江横店影视职业学院,522,播音与主持,20,411,248051
86,浙江横店影视职业学院,523,人物形象设计,69,414,246850
86,浙江横店影视职业学院,524,服装与服饰设计,25,398,255120
86,浙江横店影视职业学院,525,舞台艺术设计与制作,14,396,256174
86,浙江横店影视职业学院,526,舞台艺术设计与制作(庆典艺术策划),26,391,258678
86,浙江横店影视职业学院,527,艺术设计,21,397,255727
86,浙江横店影视职业学院,528,工艺美术品设计,24,394,257445
86,浙江横店影视职业学院,529,摄影摄像技术,14,411,248461
86,浙江横店影视职业学院,530,广播影视节目制作(影视后期制作),90,393,257632
86,浙江横店影视职业学院,531,广播影视节目制作(视觉特效制作),23,399,254798
86,浙江横店影视职业学院,532,影视动画,11,439,230257
86,浙江横店影视职业学院,533,影视编导,23,419,243850
86,浙江横店影视职业学院,534,录音技术与艺术,13,399,255023
87,浙江汽车职业技术学院,501,汽车检测与维修技术,31,429,237644
87,浙江汽车职业技术学院,502,汽车制造与试验技术,55,413,247242
87,浙江汽车职业技术学院,503,智能交通技术,35,399,254590
87,浙江汽车职业技术学院,504,汽车造型与改装技术,55,400,254263
87,浙江汽车职业技术学院,505,智能网联汽车技术,30,400,254418
87,浙江汽车职业技术学院,506,数控技术,30,418,244118
87,浙江汽车职业技术学院,507,计算机网络技术,55,401,253836
87,浙江汽车职业技术学院,508,机械制造及自动化,50,436,232358
87,浙江汽车职业技术学院,509,网络新闻与传播,15,401,253889
87,浙江汽车职业技术学院,510,智能产品开发与应用,85,403,253021
87,浙江汽车职业技术学院,511,新能源汽车技术,160,416,245686
87,浙江汽车职业技术学院,512,电气自动化技术,62,428,238258
87,浙江汽车职业技术学院,513,工业机器人技术,75,402,253373
87,浙江汽车职业技术学院,514,工业互联网应用,15,400,254522
87,浙江汽车职业技术学院,515,汽车智能技术,55,398,255217
87,浙江汽车职业技术学院,516,工商企业管理,15,405,251507
87,浙江汽车职业技术学院,517,汽车技术服务与营销,55,399,254975
87,浙江汽车职业技术学院,518,现代物流管理,20,407,250754
87,浙江汽车职业技术学院,519,电子商务,15,404,252395
87,浙江汽车职业技术学院,520,城市轨道交通运营管理,105,407,250375
87,浙江汽车职业技术学院,521,大数据与会计,55,404,252229
88,浙江宇翔职业技术学院,501,电子商务,102,383,262278
88,浙江宇翔职业技术学院,502,网络营销与直播电商,114,375,265530
88,浙江宇翔职业技术学院,503,旅游管理,56,376,265221
88,浙江宇翔职业技术学院,504,婴幼儿托育服务与管理,40,378,264509
88,浙江宇翔职业技术学院,505,护理,165,402,253540
88,浙江宇翔职业技术学院,506,口腔医学技术,60,404,252138
88,浙江宇翔职业技术学院,507,国际经济与贸易,94,374,265951
88,浙江宇翔职业技术学院,508,茶艺与茶文化,24,392,258514
88,浙江宇翔职业技术学院,509,空中乘务,60,372,266938
88,浙江宇翔职业技术学院,510,城市轨道交通运营管理,96,396,256516
88,浙江宇翔职业技术学院,511,大数据与会计,74,390,259163
88,浙江宇翔职业技术学院,512,财税大数据应用,126,373,266555
88,浙江宇翔职业技术学院,513,视觉传达设计,71,378,264612
88,浙江宇翔职业技术学院,514,数字媒体技术,55,387,260525
88,浙江宇翔职业技术学院,515,工业机器人技术,76,396,256210
88,浙江宇翔职业技术学院,516,现代物流管理,30,383,262454
88,浙江宇翔职业技术学院,517,无人机应用技术,139,382,262710
88,浙江宇翔职业技术学院,518,人工智能技术应用,93,377,264682
88,浙江宇翔职业技术学院,519,物联网应用技术,88,378,264519
88,浙江宇翔职业技术学院,520,计算机应用技术,71,382,262880
88,浙江宇翔职业技术学院,521,消防救援技术,45,374,266197
88,浙江宇翔职业技术学院,522,摄影摄像技术,55,374,266223
88,浙江宇翔职业技术学院,523,电子竞技运动与管理,40,374,266247
90,湖州健康职业学院,501,护理,399,424,240784
90,湖州健康职业学院,502,智慧健康养老服务与管理,50,422,242096
90,湖州健康职业学院,503,康复治疗技术,99,423,241338
90,湖州健康职业学院,504,食品营养与健康,50,421,242677
90,湖州健康职业学院,505,医学美容技术,198,413,247231
90,湖州健康职业学院,506,健康大数据管理与服务,100,409,249292
101,浙江农林大学暨阳学院,6,园林,1,562,97751
106,浙江同济科技职业学院,502,水利工程(土地整治),18,485,189081
106,浙江同济科技职业学院,503,水利工程(中外合作办学),46,457,215962
106,浙江同济科技职业学院,504,水利水电建筑工程,25,483,191617
106,浙江同济科技职业学院,505,水利水电工程智能管理,39,480,194848
106,浙江同济科技职业学院,506,工程测量技术,40,468,205876
106,浙江同济科技职业学院,507,水生态修复技术,52,473,201178
106,浙江同济科技职业学院,508,无人机测绘技术,27,485,189350
106,浙江同济科技职业学院,509,建筑工程技术(中外合作办学),39,451,221492
106,浙江同济科技职业学院,510,建设工程管理,32,468,206317
106,浙江同济科技职业学院,511,市政工程技术,26,475,199587
106,浙江同济科技职业学院,512,工程造价,65,473,201741
106,浙江同济科技职业学院,513,建筑智能化工程技术,3,487,187584
106,浙江同济科技职业学院,514,智能建造技术,35,472,202041
106,浙江同济科技职业学院,515,发电厂及电力系统,38,480,194108
106,浙江同济科技职业学院,517,机电一体化技术,40,487,186629
106,浙江同济科技职业学院,518,数控技术,31,483,191574
106,浙江同济科技职业学院,519,电梯工程技术,35,479,195638
106,浙江同济科技职业学院,520,分布式发电与智能微电网技术,43,474,200231
106,浙江同济科技职业学院,522,电子商务,33,485,189476
106,浙江同济科技职业学院,523,金融科技应用,22,484,189995
106,浙江同济科技职业学院,524,信息安全技术应用,32,485,189538
106,浙江同济科技职业学院,525,商务数据分析与应用,12,487,187500
106,浙江同济科技职业学院,526,环境艺术设计,71,467,207496
106,浙江同济科技职业学院,527,风景园林设计,27,478,196642
106,浙江同济科技职业学院,528,建筑设计,45,470,204060
111,浙江国际海运职业技术学院,501,航海技术,22,468,205776
111,浙江国际海运职业技术学院,502,轮机工程技术,28,454,218266
111,浙江国际海运职业技术学院,503,船舶电子电气技术,9,459,214047
111,浙江国际海运职业技术学院,504,港口与航运管理,13,459,214084
111,浙江国际海运职业技术学院,505,船舶工程技术,19,453,219213
111,浙江国际海运职业技术学院,506,机电一体化技术,20,462,211576
111,浙江国际海运职业技术学院,507,智能控制技术,15,455,217416
111,浙江国际海运职业技术学院,508,无人机应用技术,14,459,214575
111,浙江国际海运职业技术学院,509,工业机器人技术,15,455,217965
111,浙江国际海运职业技术学院,510,船舶工程技术(中外合作办学)(中乌合作),15,441,229239
111,浙江国际海运职业技术学院,511,工业机器人技术(中外合作办学)(中乌合作),15,444,226898
111,浙江国际海运职业技术学院,512,大数据技术,40,449,222482
111,浙江国际海运职业技术学院,513,数字媒体艺术设计,15,450,222045
111,浙江国际海运职业技术学院,514,关务与外贸服务,39,445,226146
111,浙江国际海运职业技术学院,515,跨境电子商务,40,444,226331
111,浙江国际海运职业技术学院,516,国际邮轮乘务管理,34,444,226817
111,浙江国际海运职业技术学院,517,食品检验检测技术,40,446,225047
111,浙江国际海运职业技术学院,518,定制旅行管理与服务,45,438,230831
111,浙江国际海运职业技术学院,519,应用英语,50,445,226207
111,浙江国际海运职业技术学院,520,石油化工技术,24,448,223869
111,浙江国际海运职业技术学院,521,应用化工技术,20,447,224475
111,浙江国际海运职业技术学院,522,油气储运技术,19,445,225686
111,浙江国际海运职业技术学院,523,高分子合成技术,16,448,223443
113,宁波城市职业技术学院,501,现代物流管理,74,474,200218
113,宁波城市职业技术学院,502,工商企业管理,36,478,196761
113,宁波城市职业技术学院,503,电子商务,48,486,187854
113,宁波城市职业技术学院,504,跨境电子商务,116,479,195946
113,宁波城市职业技术学院,505,金融服务与管理,38,482,192621
113,宁波城市职业技术学院,507,供应链运营,42,474,200678
113,宁波城市职业技术学院,508,计算机应用技术,59,486,188163
113,宁波城市职业技术学院,509,计算机网络技术,73,483,191114
113,宁波城市职业技术学院,510,工业互联网技术,80,477,197576
113,宁波城市职业技术学院,511,人工智能技术应用,62,481,193393
113,宁波城市职业技术学院,512,智能产品开发与应用,44,475,199175
113,宁波城市职业技术学院,513,智能控制技术,37,481,193398
113,宁波城市职业技术学院,514,智能机器人技术,38,479,195345
113,宁波城市职业技术学院,518,旅游管理,35,467,207276
113,宁波城市职业技术学院,519,酒店管理与数字化运营,46,462,211830
113,宁波城市职业技术学院,520,会展策划与管理,41,476,198041
113,宁波城市职业技术学院,521,研学旅行管理与服务,76,463,210507
113,宁波城市职业技术学院,522,智慧旅游技术应用,85,455,218187
113,宁波城市职业技术学院,523,应用英语,62,487,187376
113,宁波城市职业技术学院,524,应用法语,47,465,209151
113,宁波城市职业技术学院,526,计算机应用技术(中外合作办学),45,452,220225
113,宁波城市职业技术学院,527,市场营销(中外合作办学),45,451,221091
113,宁波城市职业技术学院,528,园林技术,39,465,208609
113,宁波城市职业技术学院,529,风景园林设计,80,461,212729
115,浙江特殊教育职业学院,506,电子商务,11,475,199433
124,宁波幼儿师范高等专科学校,501,学前教育(师范),185,474,200184
124,宁波幼儿师范高等专科学校,502,新闻采编与制作,123,469,205671
124,宁波幼儿师范高等专科学校,503,应用英语,70,480,194242
124,宁波幼儿师范高等专科学校,504,传播与策划,31,476,198517
124,宁波幼儿师范高等专科学校,505,跨境电子商务,127,464,209536
124,宁波幼儿师范高等专科学校,506,现代文秘,77,472,202067
124,宁波幼儿师范高等专科学校,507,电子商务,78,464,210176
124,宁波幼儿师范高等专科学校,508,商务数据分析与应用,84,456,217065
124,宁波幼儿师范高等专科学校,509,影视编导,67,461,212781
124,宁波幼儿师范高等专科学校,515,音乐教育(幼教方向)(师范),81,443,227221
124,宁波幼儿师范高等专科学校,516,体育教育(幼教方向)(师范),82,449,222620
124,宁波幼儿师范高等专科学校,517,学前教育(中外合作办学)(师范),70,382,262701
126,温州商学院,3,数字经济,31,484,189897
126,温州商学院,4,金融科技,48,483,190898
126,温州商学院,5,金融数学,14,484,189989
126,温州商学院,14,计算机类,51,488,186346
126,温州商学院,15,软件工程,11,488,185718
126,温州商学院,16,人工智能,62,486,187890
126,温州商学院,501,国际经济与贸易,136,398,255392
126,温州商学院,502,国际金融,192,379,264112
126,温州商学院,503,大数据与会计,194,438,231243
126,温州商学院,504,工商企业管理,146,383,262375
126,温州商学院,505,电子商务,83,399,254957
126,温州商学院,506,商务英语,136,385,261698
126,温州商学院,507,计算机应用技术,209,414,246376
126,温州商学院,508,移动应用开发,60,395,256972
126,温州商学院,509,网络新闻与传播,212,390,259438
126,温州商学院,510,视觉传达设计,75,397,256047
128,浙江邮电职业技术学院,501,现代通信技术,43,469,204987
128,浙江邮电职业技术学院,502,物联网应用技术,34,465,208998
128,浙江邮电职业技术学院,503,现代移动通信技术,46,461,212866
128,浙江邮电职业技术学院,504,通信工程设计与监理,57,460,213408
128,浙江邮电职业技术学院,505,集成电路技术,61,459,214130
128,浙江邮电职业技术学院,506,云计算技术应用,43,461,212279
128,浙江邮电职业技术学院,507,无人机应用技术,36,471,203038
128,浙江邮电职业技术学院,508,人工智能技术应用,45,463,210508
128,浙江邮电职业技术学院,509,信息安全技术应用,74,459,214333
128,浙江邮电职业技术学院,510,大数据技术,33,464,210027
128,浙江邮电职业技术学院,512,数字媒体艺术设计,26,471,203589
128,浙江邮电职业技术学院,513,软件技术,48,467,207113
128,浙江邮电职业技术学院,514,电信服务与管理,79,457,215712
128,浙江邮电职业技术学院,515,市场营销,57,455,217743
128,浙江邮电职业技术学院,516,邮政快递运营管理,41,467,207204
128,浙江邮电职业技术学院,517,邮政快递智能技术,46,460,213821
128,浙江邮电职业技术学院,518,跨境电子商务,38,460,213425
128,浙江邮电职业技术学院,519,安全技术与管理,50,456,217087
129,浙江农业商贸职业学院,501,大数据与会计,175,462,211704
129,浙江农业商贸职业学院,502,财富管理,48,445,225980
129,浙江农业商贸职业学院,503,金融科技应用,75,446,224803
129,浙江农业商贸职业学院,504,会展策划与管理,140,444,226764
129,浙江农业商贸职业学院,505,环境艺术设计,60,447,224333
129,浙江农业商贸职业学院,506,数字媒体艺术设计,59,456,217387
129,浙江农业商贸职业学院,507,园林技术,39,444,226786
129,浙江农业商贸职业学院,508,新能源汽车技术,90,454,218395
129,浙江农业商贸职业学院,509,人工智能技术应用,75,453,219857
129,浙江农业商贸职业学院,510,商务英语,96,445,225645
129,浙江农业商贸职业学院,511,跨境电子商务,81,448,223405
129,浙江农业商贸职业学院,512,农村电子商务,20,450,222227
129,浙江农业商贸职业学院,513,绿色食品生产技术,88,450,222386
129,浙江农业商贸职业学院,514,茶叶生产与加工技术,24,450,221616
129,浙江农业商贸职业学院,515,茶艺与茶文化,25,449,223012
129,浙江农业商贸职业学院,516,园艺技术,68,448,223815
129,浙江农业商贸职业学院,517,现代农业技术,41,449,222732
129,浙江农业商贸职业学院,518,酒店管理与数字化运营,15,450,222296
129,浙江农业商贸职业学院,519,餐饮智能管理,25,448,223788
129,浙江农业商贸职业学院,520,中西面点工艺,23,471,203416
129,浙江农业商贸职业学院,521,西式烹饪工艺,39,459,214679
133,浙江安防职业技术学院,501,酒店管理与数字化运营,5,451,221027
133,浙江安防职业技术学院,502,市场营销,20,447,224571
133,浙江安防职业技术学院,503,电子商务,45,448,223870
133,浙江安防职业技术学院,504,大数据与会计,48,463,210821
133,浙江安防职业技术学院,505,大数据技术,70,451,220941
133,浙江安防职业技术学院,506,大数据技术(地理空间大数据),41,448,223928
133,浙江安防职业技术学院,507,信息安全技术应用,46,450,222400
133,浙江安防职业技术学院,508,信息安全技术应用(信创方向),25,449,222982
133,浙江安防职业技术学院,509,人工智能技术应用,49,451,221107
133,浙江安防职业技术学院,510,物联网应用技术,90,446,224743
133,浙江安防职业技术学院,511,云计算技术应用,33,448,223518
133,浙江安防职业技术学院,512,区块链技术应用,12,447,224370
133,浙江安防职业技术学院,513,安全防范技术,23,454,218401
133,浙江安防职业技术学院,514,安全技术与管理,14,449,222428
133,浙江安防职业技术学院,515,安全智能监测技术,15,449,222623
133,浙江安防职业技术学院,516,职业健康安全技术,17,446,225200
133,浙江安防职业技术学院,518,工业设计,32,447,224633
133,浙江安防职业技术学院,519,虚拟现实技术应用,30,447,224270
133,浙江安防职业技术学院,520,数字媒体技术,64,454,218437
133,浙江安防职业技术学院,521,工业机器人技术,38,452,220460
133,浙江安防职业技术学院,522,无人机应用技术,45,454,218570
133,浙江安防职业技术学院,523,无人机测绘技术,25,452,220634
133,浙江安防职业技术学院,524,智能控制技术,45,449,222866
133,浙江安防职业技术学院,525,智能制造装备技术,28,449,222922
133,浙江安防职业技术学院,526,新能源装备技术,48,450,221695
133,浙江安防职业技术学院,527,光伏工程技术,35,449,222613
133,浙江安防职业技术学院,528,工程造价,55,444,226287
133,浙江安防职业技术学院,529,建筑消防技术,9,461,212972
133,浙江安防职业技术学院,530,工程安全评价与监理,10,446,224890
133,浙江安防职业技术学院,531,智能建造技术,15,446,225018
133,浙江安防职业技术学院,532,防灾减灾救灾技术,25,443,227322
133,浙江安防职业技术学院,533,应急救援技术,24,443,227292
150,浙江金华科贸职业技术学院,501,物联网应用技术,150,388,260190
150,浙江金华科贸职业技术学院,502,计算机应用技术,100,396,256142
150,浙江金华科贸职业技术学院,503,计算机网络技术,100,392,258112
150,浙江金华科贸职业技术学院,504,软件技术,100,389,259742
150,浙江金华科贸职业技术学院,505,数字媒体技术,100,399,254874
150,浙江金华科贸职业技术学院,506,智能机器人技术,150,388,260098
150,浙江金华科贸职业技术学院,507,汽车制造与试验技术,132,386,261026
150,浙江金华科贸职业技术学院,508,新能源汽车技术,102,398,255352
150,浙江金华科贸职业技术学院,509,智能网联汽车技术,140,384,261873
150,浙江金华科贸职业技术学院,510,汽车技术服务与营销,100,383,262430
150,浙江金华科贸职业技术学院,511,大数据与会计,118,409,249529
150,浙江金华科贸职业技术学院,512,国际经济与贸易,187,385,261403
150,浙江金华科贸职业技术学院,513,电子商务,100,396,256353
150,浙江金华科贸职业技术学院,514,跨境电子商务,76,393,258059
150,浙江金华科贸职业技术学院,515,婴幼儿托育服务与管理,50,388,260362
150,浙江金华科贸职业技术学院,516,旅游管理,110,388,260227
150,浙江金华科贸职业技术学院,517,艺术设计,25,400,254419
150,浙江金华科贸职业技术学院,519,环境艺术设计,25,397,256059
150,浙江金华科贸职业技术学院,522,现代文秘,100,392,258364
199,浙江药科职业大学,1,药学,1,531,135184
199,浙江药科职业大学,4,化妆品工程技术,1,530,136447
199,浙江药科职业大学,12,食品营养与健康,1,533,132958
199,浙江药科职业大学,16,药物分析,1,531,135213
232,浙江舟山群岛新区旅游与健康职业学院,501,导游,80,439,230613
232,浙江舟山群岛新区旅游与健康职业学院,502,酒店管理与数字化运营,78,440,229490
232,浙江舟山群岛新区旅游与健康职业学院,504,健康管理,25,451,221122
232,浙江舟山群岛新区旅游与健康职业学院,505,智慧健康养老服务与管理,29,455,218129
232,浙江舟山群岛新区旅游与健康职业学院,506,跨境电子商务,90,442,228255
232,浙江舟山群岛新区旅游与健康职业学院,507,大数据技术,45,445,225774
232,浙江舟山群岛新区旅游与健康职业学院,508,健康管理(中外合作办学),60,413,247441
1102,北京城市学院,25,人工智能,1,488,185988
1106,北京第二外国语学院中瑞酒店管理学院,2,酒店管理(资产管理与投融资),1,511,159548
1106,北京第二外国语学院中瑞酒店管理学院,4,财务管理,2,513,157891
1106,北京第二外国语学院中瑞酒店管理学院,5,人力资源管理,2,511,160095
1106,北京第二外国语学院中瑞酒店管理学院,7,市场营销(数字化营销),1,512,158854
1106,北京第二外国语学院中瑞酒店管理学院,8,酒店管理(国际课程班),1,516,154233
1106,北京第二外国语学院中瑞酒店管理学院,10,健康服务与管理(中日国际班),1,516,154184
1106,北京第二外国语学院中瑞酒店管理学院,11,金融学（国际班）,4,511,160260
1109,北京科技职业大学,502,服装设计与工艺,1,489,184750
1112,北京金融科技学院,1,数字经济,2,470,203924
1112,北京金融科技学院,2,金融学,1,535,131065
1112,北京金融科技学院,3,金融工程,1,475,199629
1112,北京金融科技学院,4,金融科技,1,483,191262
1112,北京金融科技学院,6,应用心理学,2,517,152558
1112,北京金融科技学院,7,人工智能,3,471,203112
1112,北京金融科技学院,8,计算机科学与技术,4,470,204451
1112,北京金融科技学院,9,数据科学与大数据技术,1,468,206461
1112,北京金融科技学院,10,大数据管理与应用,2,467,206670
1112,北京金融科技学院,11,会计学,4,514,156591
1112,北京金融科技学院,15,广播电视编导,1,514,156622
1114,北京工业大学耿丹学院,1,国际经济与贸易,1,523,145924
1114,北京工业大学耿丹学院,4,金融工程,3,473,201240
1114,北京工业大学耿丹学院,5,机械设计制造及其自动化(机器人方向),1,489,184486
1114,北京工业大学耿丹学院,6,城乡规划,2,477,197936
1114,北京工业大学耿丹学院,9,气象技术与工程,2,481,193130
1114,北京工业大学耿丹学院,10,测控技术与仪器,1,476,198036
1114,北京工业大学耿丹学院,11,遥感科学与技术,2,477,197351
1114,北京工业大学耿丹学院,12,计算机科学与技术,2,483,191315
1117,北京化工大学,5,化学工程与工艺(化工、法语联合学士学位),1,629,24104
1118,北京汇佳职业学院,501,婴幼儿托育服务与管理,4,317,281679
1118,北京汇佳职业学院,502,学前教育,20,312,282535
1118,北京汇佳职业学院,503,体育运营与管理(青少年体适能),8,319,281411
1118,北京汇佳职业学院,504,卫生信息管理,10,316,281873
1118,北京汇佳职业学院,505,护理,14,332,278622
1118,北京汇佳职业学院,506,康复治疗技术,5,315,282072
1118,北京汇佳职业学院,507,智慧健康养老服务与管理,6,315,282039
1118,北京汇佳职业学院,509,影视制片管理,8,322,280813
1118,北京汇佳职业学院,512,数字媒体技术,8,331,278922
1118,北京汇佳职业学院,513,软件技术,8,332,278751
1118,北京汇佳职业学院,514,城市轨道交通通信信号技术,12,336,277719
1118,北京汇佳职业学院,515,空中乘务,10,319,281288
1118,北京汇佳职业学院,516,机场运行服务与管理,14,316,281883
1118,北京汇佳职业学院,517,网络营销与直播电商,8,333,278559
1118,北京汇佳职业学院,518,电子商务(数字化新居住运营),4,349,274576
1118,北京汇佳职业学院,520,人力资源管理,8,334,278281
1118,北京汇佳职业学院,521,国际商务,8,326,279971
1119,吉利学院,4,计算机类,2,482,192069
1119,吉利学院,5,大数据管理与应用,3,484,190375
1119,吉利学院,6,金融科技,6,480,194152
1119,吉利学院,7,财务管理,1,523,145493
1122,北京经贸职业学院,501,大数据与会计,4,396,256129
1122,北京经贸职业学院,502,大数据与会计(银行业务方向),2,399,254608
1122,北京经贸职业学院,503,学前教育,2,400,254493
1122,北京经贸职业学院,504,人力资源管理,4,376,265226
1122,北京经贸职业学院,505,智慧健康养老服务与管理,3,365,269337
1122,北京经贸职业学院,506,计算机应用技术(5G软件开发),4,389,259568
1122,北京经贸职业学院,507,信息安全技术应用,4,345,275625
1122,北京经贸职业学院,508,人工智能技术应用,15,345,275487
1122,北京经贸职业学院,509,建筑室内设计,4,346,275185
1122,北京经贸职业学院,510,影视动画(影视特效),3,400,254148
1125,北京科技职业学院,501,护理,2,411,248144
1125,北京科技职业学院,502,康复治疗技术,1,431,235930
1125,北京科技职业学院,503,药品生物技术,3,394,257133
1125,北京科技职业学院,504,学前教育,6,374,265988
1125,北京科技职业学院,505,商务英语,4,401,253898
1125,北京科技职业学院,506,电子商务,1,426,239360
1125,北京科技职业学院,507,影视多媒体技术,1,450,221818
1125,北京科技职业学院,509,民航安全技术管理,3,420,242921
1125,北京科技职业学院,510,大数据与会计,3,419,243487
1125,北京科技职业学院,511,连锁经营与管理(人力资源管理方向),2,406,251427
1125,北京科技职业学院,512,计算机网络技术,1,410,248754
1125,北京科技职业学院,513,软件技术,1,401,253760
1125,北京科技职业学院,514,人工智能技术应用,2,416,245432
1129,北京培黎职业学院,501,国际经济与贸易(国际商务管理),4,372,266702
1129,北京培黎职业学院,502,电子商务(移动电商运营与管理),3,367,268688
1129,北京培黎职业学院,505,商务英语(涉外经贸),6,370,267851
1129,北京培黎职业学院,506,计算机应用技术,3,360,271190
1129,北京培黎职业学院,507,软件技术,3,398,255300
1129,北京培黎职业学院,508,大数据技术,5,363,270084
1129,北京培黎职业学院,509,应用西班牙语,1,332,278633
1141,北京邮电大学世纪学院,1,机械电子工程,1,493,180485
1141,北京邮电大学世纪学院,2,通信工程,15,480,194180
1141,北京邮电大学世纪学院,4,计算机科学与技术,2,488,185983
1141,北京邮电大学世纪学院,5,软件工程,3,484,190727
1141,北京邮电大学世纪学院,6,物联网工程,2,482,192115
1141,北京邮电大学世纪学院,7,数字媒体技术,1,486,187645
1141,北京邮电大学世纪学院,9,财务管理(国际注册会计师),1,554,106838
1150,首都师范大学科德学院,1,计算机科学与技术,6,474,200499
1150,首都师范大学科德学院,2,人工智能,3,471,203065
1150,首都师范大学科德学院,3,汉语言文学,1,517,153196
1150,首都师范大学科德学院,4,会计学,1,517,153086
1150,首都师范大学科德学院,5,金融科技,4,471,202896
1150,首都师范大学科德学院,7,应用心理学,2,517,152989
1150,首都师范大学科德学院,8,小学教育,2,513,157184
1150,首都师范大学科德学院,9,国际经济与贸易,2,513,157545
1178,北京北大方正软件职业技术学院,501,护理,35,281,287916
1178,北京北大方正软件职业技术学院,502,康复治疗技术,15,324,280313
1201,北京科技大学天津学院,3,物流工程,2,520,149059
1201,北京科技大学天津学院,5,金融工程,2,512,158251
1201,北京科技大学天津学院,11,知识产权,1,575,81985
1205,天津滨海职业学院,501,智能焊接技术,2,448,223638
1205,天津滨海职业学院,502,智能制造装备技术,2,447,224072
1205,天津滨海职业学院,503,机电一体化技术,1,480,194573
1205,天津滨海职业学院,504,工业机器人技术,2,447,223992
1205,天津滨海职业学院,507,物联网应用技术,2,466,207679
1205,天津滨海职业学院,509,软件技术,2,480,194815
1205,天津滨海职业学院,510,人工智能技术应用,2,475,199056
1205,天津滨海职业学院,511,工业互联网技术,2,439,230403
1205,天津滨海职业学院,512,关务与外贸服务(货运代理),2,436,232461
1205,天津滨海职业学院,513,电子商务,2,433,234690
1205,天津滨海职业学院,514,现代物流管理,2,440,229327
1205,天津滨海职业学院,515,商务英语,2,459,214728
1205,天津滨海职业学院,516,智能建造技术,2,437,231797
1205,天津滨海职业学院,517,工程造价,2,435,233130
1205,天津滨海职业学院,518,大数据与会计,1,489,185242
1205,天津滨海职业学院,519,学前教育,2,445,225772
1205,天津滨海职业学院,520,智慧健康养老服务与管理,2,446,225430
1205,天津滨海职业学院,521,虚拟现实技术应用,2,459,214463
1205,天津滨海职业学院,522,融媒体技术与运营,2,432,235250
1207,天津财经大学珠江学院,2,金融科技,13,492,181341
1207,天津财经大学珠江学院,3,数字经济,5,492,181655
1209,天津城市职业学院,501,电子商务,4,433,234932
1209,天津城市职业学院,502,市场营销,3,428,237948
1209,天津城市职业学院,503,大数据与会计,3,451,221519
1209,天津城市职业学院,504,金融科技应用,3,431,235981
1209,天津城市职业学院,505,会展策划与管理,3,429,237594
1209,天津城市职业学院,506,酒店管理与数字化运营,3,425,240268
1211,天津仁爱学院,2,机械设计制造及其自动化,6,485,188996
1211,天津仁爱学院,3,智能制造工程,3,482,192169
1211,天津仁爱学院,4,新能源汽车工程,2,483,190893
1211,天津仁爱学院,5,储能科学与工程,3,478,195970
1211,天津仁爱学院,6,智能交互设计,4,478,196088
1211,天津仁爱学院,7,自动化,3,484,190013
1211,天津仁爱学院,8,电子信息工程,4,481,193075
1211,天津仁爱学院,9,通信工程,3,480,194498
1211,天津仁爱学院,10,电气工程及其自动化,2,489,184579
1211,天津仁爱学院,11,物联网工程,12,476,198107
1211,天津仁爱学院,12,人工智能,6,480,194471
1211,天津仁爱学院,13,软件工程,8,476,198056
1211,天津仁爱学院,14,计算机科学与技术,13,478,195989
1211,天津仁爱学院,15,数据科学与大数据技术,7,476,198154
1211,天津仁爱学院,17,土木工程,6,472,202129
1211,天津仁爱学院,18,给排水科学与工程,3,473,201023
1211,天津仁爱学院,19,水利水电工程,5,480,194200
1211,天津仁爱学院,20,港口航道与海岸工程,3,476,198202
1211,天津仁爱学院,21,物流工程,10,471,203259
1211,天津仁爱学院,22,信息管理与信息系统,10,473,201002
1211,天津仁爱学院,23,工程管理,10,469,204842
1211,天津仁爱学院,25,金融工程,10,471,203036
1211,天津仁爱学院,26,工业工程,9,473,201213
1211,天津仁爱学院,27,化学工程与工艺,11,474,200134
1211,天津仁爱学院,28,制药工程,11,476,198058
1211,天津仁爱学院,29,新能源科学与工程,5,475,199277
1212,天津电子信息职业技术学院,502,数字媒体技术,3,482,192553
1212,天津电子信息职业技术学院,503,大数据与会计,1,487,186766
1212,天津电子信息职业技术学院,504,计算机网络技术,2,481,193407
1212,天津电子信息职业技术学院,505,信息安全技术应用,3,468,206289
1213,天津商务职业学院,501,国际经济与贸易,4,437,232093
1213,天津商务职业学院,502,关务与外贸服务,4,435,233533
1213,天津商务职业学院,503,港口与航运管理,3,437,231544
1213,天津商务职业学院,504,商务英语,5,438,231440
1213,天津商务职业学院,505,市场营销,4,425,240146
1213,天津商务职业学院,506,商务数据分析与应用,3,433,234413
1213,天津商务职业学院,507,大数据与会计,4,450,221598
1213,天津商务职业学院,508,大数据与审计(审计助理方向),2,435,233329
1213,天津商务职业学院,509,软件技术(欧美软件测试方向),2,451,221588
1213,天津商务职业学院,510,大数据技术,2,434,233640
1213,天津商务职业学院,511,人工智能技术应用,3,444,226663
1213,天津商务职业学院,512,旅游管理(中外合作办学),4,384,261744
1213,天津商务职业学院,513,会展策划与管理,4,435,233391
1213,天津商务职业学院,514,茶艺与茶文化,2,430,236911
1213,天津商务职业学院,515,金融科技应用,4,433,234503
1218,天津国土资源和房屋职业学院,501,宝玉石鉴定与加工,6,422,241739
1218,天津国土资源和房屋职业学院,502,建筑智能化工程技术,6,428,238369
1218,天津国土资源和房屋职业学院,503,工程造价,8,422,241958
1218,天津国土资源和房屋职业学院,504,电梯工程技术,4,445,226161
1218,天津国土资源和房屋职业学院,505,大数据与会计,6,433,234450
1219,天津海运职业学院,501,航海技术,8,452,220176
1219,天津海运职业学院,502,轮机工程技术,5,449,222846
1219,天津海运职业学院,503,港口机械与智能控制,3,436,232246
1219,天津海运职业学院,504,船舶工程技术,3,440,229755
1219,天津海运职业学院,505,海洋工程装备技术,3,435,233035
1219,天津海运职业学院,506,港口与航运管理,3,434,233614
1219,天津海运职业学院,507,港口物流管理,3,430,236369
1219,天津海运职业学院,508,计算机网络技术,3,436,232173
1219,天津海运职业学院,509,软件技术,3,440,229547
1219,天津海运职业学院,510,制冷与空调技术,2,433,234265
1219,天津海运职业学院,511,安全技术与管理,2,432,235063
1219,天津海运职业学院,512,国际邮轮乘务管理,2,441,229138
1220,天津机电职业技术学院,504,物联网应用技术,1,457,215932
1220,天津机电职业技术学院,505,智能控制技术,1,474,199964
1220,天津机电职业技术学院,506,工业互联网应用,1,465,209460
1220,天津机电职业技术学院,507,数控技术,1,458,214973
1220,天津机电职业技术学院,508,汽车制造与试验技术,1,455,217454
1220,天津机电职业技术学院,509,模具设计与制造,1,475,199001
1220,天津机电职业技术学院,510,新能源汽车技术,1,474,200160
1220,天津机电职业技术学院,511,智能焊接技术,1,542,122539
1220,天津机电职业技术学院,512,飞机机载设备装配调试技术,1,466,208195
1220,天津机电职业技术学院,513,数字媒体技术,1,479,195208
1220,天津机电职业技术学院,514,大数据技术,1,469,205043
1220,天津机电职业技术学院,515,软件技术,2,457,215724
1220,天津机电职业技术学院,516,人工智能技术应用,1,451,220785
1220,天津机电职业技术学院,517,大数据与会计,2,470,204255
1220,天津机电职业技术学院,518,现代物流管理,1,453,219701
1221,天津交通职业学院,501,新能源汽车技术,4,454,218949
1221,天津交通职业学院,502,智能网联汽车技术,4,430,236852
1221,天津交通职业学院,503,现代物流管理,4,433,234686
1221,天津交通职业学院,504,供应链运营,4,428,237876
1221,天津交通职业学院,505,工业机器人技术,4,445,226116
1225,天津理工大学中环信息学院,17,工程管理,5,493,180339
1227,天津农学院,28,生物制药,1,531,135957
1228,天津轻工职业技术学院,504,数字媒体技术,1,470,203945
1228,天津轻工职业技术学院,505,模具设计与制造,1,471,203763
1228,天津轻工职业技术学院,506,光伏工程技术,2,462,212168
1228,天津轻工职业技术学院,507,大数据与会计,2,477,197563
1228,天津轻工职业技术学院,508,现代物流管理(国际物流与报关),2,451,221117
1231,天津生物工程职业技术学院,501,生物制药技术,2,462,211385
1231,天津生物工程职业技术学院,502,化学制药技术,2,458,215555
1231,天津生物工程职业技术学院,503,药品质量与安全(药品质量检测),2,459,214161
1237,天津现代职业技术学院,501,环境管理与评价,3,437,231916
1237,天津现代职业技术学院,502,光伏工程技术,2,432,235266
1237,天津现代职业技术学院,503,储能材料技术,3,441,228930
1237,天津现代职业技术学院,504,数控技术,2,456,216590
1237,天津现代职业技术学院,505,机电一体化技术,2,459,214107
1237,天津现代职业技术学院,506,工业机器人技术,3,462,211596
1237,天津现代职业技术学院,507,电气自动化技术,2,453,219137
1237,天津现代职业技术学院,508,包装策划与设计,2,427,238797
1237,天津现代职业技术学院,509,食品智能加工技术,2,455,217550
1237,天津现代职业技术学院,510,食品营养与健康,2,444,226811
1237,天津现代职业技术学院,511,食品检验检测技术,2,461,212649
1237,天津现代职业技术学院,512,物联网应用技术,3,451,220972
1237,天津现代职业技术学院,513,应用电子技术,2,441,228750
1237,天津现代职业技术学院,514,人工智能技术应用,2,443,227653
1237,天津现代职业技术学院,515,卫星通信与导航技术,2,445,225855
1237,天津现代职业技术学院,516,大数据与会计,2,480,194894
1237,天津现代职业技术学院,517,电子商务,3,433,234428
1237,天津现代职业技术学院,518,旅游管理,3,433,234838
1237,天津现代职业技术学院,519,传播与策划,2,446,225349
1237,天津现代职业技术学院,520,电子竞技运动与管理,3,444,226504
1237,天津现代职业技术学院,521,智慧健康养老服务与管理,2,461,213006
1238,天津工业职业学院,501,环境工程技术,2,438,231013
1238,天津工业职业学院,502,建筑智能化工程技术,2,434,233589
1238,天津工业职业学院,503,机械制造及自动化,4,450,221846
1238,天津工业职业学院,504,工业机器人技术,2,444,227021
1238,天津工业职业学院,505,工业互联网应用,2,449,222483
1238,天津工业职业学院,506,无人机应用技术,2,453,219831
1238,天津工业职业学院,507,大数据技术,2,445,225961
1238,天津工业职业学院,508,云计算技术应用,2,442,228017
1238,天津工业职业学院,509,信息安全技术应用,2,441,228975
1238,天津工业职业学院,510,现代通信技术,2,445,225693
1238,天津工业职业学院,511,智能互联网络技术,2,439,230539
1238,天津工业职业学院,512,大数据与会计,2,453,219938
1238,天津工业职业学院,513,跨境电子商务,2,429,237317
1238,天津工业职业学院,514,现代物流管理,2,433,234655
1241,天津医学高等专科学校,502,预防医学,1,464,209816
1241,天津医学高等专科学校,503,护理,2,467,206784
1241,天津医学高等专科学校,504,助产,2,430,236904
1241,天津医学高等专科学校,505,智能医疗装备技术,2,454,218256
1241,天津医学高等专科学校,506,医学美容技术,1,465,209042
1241,天津医学高等专科学校,507,美容美体艺术,1,487,186860
1241,天津医学高等专科学校,508,口腔医学,8,468,206243
1241,天津医学高等专科学校,509,药学,4,455,218050
1241,天津医学高等专科学校,510,药物制剂技术,4,443,227079
1241,天津医学高等专科学校,511,中药学,2,466,207624
1241,天津医学高等专科学校,513,医学检验技术,3,452,220009
1241,天津医学高等专科学校,514,医学生物技术,2,446,224810
1241,天津医学高等专科学校,515,针灸推拿,4,473,201368
1241,天津医学高等专科学校,516,康复治疗技术,2,461,212278
1241,天津医学高等专科学校,517,临床医学,5,461,212288
1242,天津艺术职业学院,509,旅游管理,1,428,238091
1242,天津艺术职业学院,510,会展策划与管理,1,426,239201
1242,天津艺术职业学院,511,艺术教育,1,442,228040
1242,天津艺术职业学院,512,研学旅行管理与服务,1,425,240248
1244,天津市职业大学,501,化工技术类,5,478,196000
1244,天津市职业大学,505,产品艺术设计(眼镜设计),4,469,205236
1244,天津市职业大学,508,烹饪工艺与营养,1,488,185612
1244,天津市职业大学,512,印刷数字图文技术,3,468,206099
1244,天津市职业大学,513,学前教育,1,475,199102
1248,天津天狮学院,1,自动化,1,479,195374
1248,天津天狮学院,3,食品科学与工程类,1,473,200984
1248,天津天狮学院,4,生物工程,1,473,201218
1248,天津天狮学院,5,药学,1,479,195312
1248,天津天狮学院,6,康复治疗学,1,482,192019
1249,天津铁道职业技术学院,504,集装箱运输管理,5,451,221142
1249,天津铁道职业技术学院,506,现代通信技术,3,485,189204
1250,天津城市建设管理职业技术学院,501,摄影测量与遥感技术(无人机方向),2,455,217741
1250,天津城市建设管理职业技术学院,502,计算机应用技术,2,444,226754
1250,天津城市建设管理职业技术学院,503,大数据与会计,2,452,220350
1250,天津城市建设管理职业技术学院,504,电气自动化技术,2,453,219272
1250,天津城市建设管理职业技术学院,505,建筑装饰工程技术,2,427,238714
1305,沧州交通学院,4,计算机科学与技术,8,486,187749
1305,沧州交通学院,5,电气工程及其自动化,7,488,185727
1305,沧州交通学院,6,机械工程,5,486,187953
1306,北京经济技术职业学院,501,大数据与会计,2,404,252102
1306,北京经济技术职业学院,502,空中乘务,2,386,261097
1306,北京经济技术职业学院,503,软件技术,2,403,252908
1306,北京经济技术职业学院,504,计算机应用技术,2,396,256084
1306,北京经济技术职业学院,505,学前教育,2,360,271067
1308,北京中医药大学东方学院,6,中药学,1,535,130264
1308,北京中医药大学东方学院,12,口腔医学技术,1,524,143840
1318,河北工程大学科信学院,12,工程管理,1,516,153451
1322,河北交通职业技术学院,501,道路运输管理,2,448,223238
1322,河北交通职业技术学院,502,汽车检测与维修技术,2,450,222138
1326,河北科技大学,6,环境科学(中外合作办学),3,494,179387
1333,衡水学院,10,数学与应用数学(中外合作办学),2,492,181210
1340,秦皇岛职业技术学院,501,计算机网络技术,4,431,236235
1340,秦皇岛职业技术学院,502,工业机器人技术,4,441,228986
1343,石家庄铁道大学四方学院,3,土木工程,1,514,155719
1344,石家庄医学高等专科学校,501,临床医学,1,481,193588
1344,石家庄医学高等专科学校,503,护理,7,435,233293
1344,石家庄医学高等专科学校,504,助产,2,404,252292
1344,石家庄医学高等专科学校,505,药学,2,397,255839
1344,石家庄医学高等专科学校,506,中医学,2,477,197522
1344,石家庄医学高等专科学校,507,中医骨伤,2,465,209316
1344,石家庄医学高等专科学校,508,针灸推拿,4,479,195920
1344,石家庄医学高等专科学校,509,中药学,1,457,216174
1344,石家庄医学高等专科学校,510,中医康复技术,2,454,218974
1344,石家庄医学高等专科学校,511,医学检验技术,3,420,243213
1344,石家庄医学高等专科学校,512,医学影像技术,3,390,259060
1344,石家庄医学高等专科学校,513,口腔医学技术,2,484,190763
1344,石家庄医学高等专科学校,514,医学美容技术,2,371,267353
1344,石家庄医学高等专科学校,515,康复治疗技术,2,423,241549
1344,石家庄医学高等专科学校,516,心理咨询,2,431,235674
1344,石家庄医学高等专科学校,517,眼视光技术,2,396,256149
1344,石家庄医学高等专科学校,519,康复治疗技术(中外合作办学),2,411,248520
1345,石家庄邮电职业技术学院,501,金融类,1,501,171811
1345,石家庄邮电职业技术学院,502,物流类,1,500,172027
1345,石家庄邮电职业技术学院,503,邮政快递运营管理,1,515,154999
1347,邢台医学院,503,口腔医学技术,4,483,190890
1351,保定理工学院,8,学前教育,1,551,111426
1356,河北科技学院,6,物联网工程,4,483,190880
1361,河北科技工程职业技术大学,501,财富管理,3,465,209237
1361,河北科技工程职业技术大学,502,建筑装饰工程技术,3,431,235655
1361,河北科技工程职业技术大学,503,全媒体广告策划与营销,3,434,233852
1364,石家庄人民医学高等专科学校,501,临床医学,2,472,202118
1365,廊坊卫生职业学院,501,护理,5,466,207860
1366,唐山幼儿师范高等专科学校,501,学前教育(师范),1,414,246392
1366,唐山幼儿师范高等专科学校,503,小学语文教育(师范),1,487,187332
1366,唐山幼儿师范高等专科学校,508,数字媒体技术,2,400,254299
1366,唐山幼儿师范高等专科学校,509,信息安全技术应用,2,394,257113
1366,唐山幼儿师范高等专科学校,510,应用英语,1,381,263324
1367,邢台应用技术职业学院,501,无人机应用技术,3,322,280804
1367,邢台应用技术职业学院,502,新能源汽车检测与维修技术,3,368,268377
1367,邢台应用技术职业学院,503,应用电子技术,2,318,281469
1367,邢台应用技术职业学院,504,大数据技术,2,333,278429
1369,邢台新能源职业学院,502,光伏工程技术,2,268,0
1369,邢台新能源职业学院,503,物联网应用技术,1,310,282888
1369,邢台新能源职业学院,504,软件技术,1,330,279167
1409,山西药科职业学院,501,药学,24,445,225592
1427,山西同文职业技术学院,501,医学影像技术,5,430,236562
1427,山西同文职业技术学院,502,医学检验技术,5,367,268623
1427,山西同文职业技术学院,503,医疗器械维护与管理,10,298,284908
1505,内蒙古科技大学,10,信息管理与信息系统,1,521,147490
1506,内蒙古科技大学包头师范学院,5,应用统计学,1,556,104273
1506,内蒙古科技大学包头师范学院,6,化学(师范),1,524,143859
1508,内蒙古农业大学,6,家具设计与工程,1,521,148133
1513,内蒙古北方职业技术学院,501,中医学,5,461,213031
1513,内蒙古北方职业技术学院,502,针灸推拿,2,455,218081
1513,内蒙古北方职业技术学院,503,中药学,2,388,260116
1513,内蒙古北方职业技术学院,504,护理,3,347,274931
1513,内蒙古北方职业技术学院,505,助产,1,366,269011
1513,内蒙古北方职业技术学院,506,康复治疗技术,1,370,267500
1513,内蒙古北方职业技术学院,507,口腔医学技术,1,488,186047
1513,内蒙古北方职业技术学院,508,医学检验技术,1,429,237708
1513,内蒙古北方职业技术学院,509,信息安全技术应用,1,401,253575
1513,内蒙古北方职业技术学院,510,计算机网络技术,2,373,266658
1513,内蒙古北方职业技术学院,511,动物医学,2,454,218754
1513,内蒙古北方职业技术学院,512,畜牧兽医,2,432,234991
1513,内蒙古北方职业技术学院,513,药品经营与管理,1,403,252628
1513,内蒙古北方职业技术学院,515,大数据与会计,1,367,268942
1513,内蒙古北方职业技术学院,516,城市轨道交通运营管理,1,401,253608
1513,内蒙古北方职业技术学院,517,高速铁路客运服务,1,388,260383
1513,内蒙古北方职业技术学院,518,机电一体化技术,2,399,255009
1514,满洲里俄语职业学院,503,机电一体化技术,22,334,278273
1514,满洲里俄语职业学院,504,融媒体技术与运营,5,400,254275
1514,满洲里俄语职业学院,505,现代文秘,3,388,260154
1514,满洲里俄语职业学院,506,旅游管理,5,269,290396
2103,渤海大学,1,应用化学,1,531,135217
2103,渤海大学,8,食品科学与工程(中外合作办学),1,514,156332
2106,大连东软信息学院,1,计算机科学与技术,5,484,189803
2106,大连东软信息学院,2,物联网工程,8,476,198082
2106,大连东软信息学院,3,信息管理与信息系统,4,474,200075
2106,大连东软信息学院,6,通信工程,7,476,198541
2112,大连理工大学城市学院,4,土木工程,1,480,194271
2112,大连理工大学城市学院,7,软件工程,1,484,189852
2112,大连理工大学城市学院,9,大数据管理与应用,1,498,174655
2112,大连理工大学城市学院,13,通信工程,2,483,190977
2112,大连理工大学城市学院,17,数字媒体技术,1,488,185814
2112,大连理工大学城市学院,22,物联网工程,1,483,190911
2112,大连理工大学城市学院,24,虚拟现实技术,1,482,192293
2112,大连理工大学城市学院,27,工程造价,2,484,190009
2118,大连医科大学中山学院,6,医学检验技术,3,494,179181
2118,大连医科大学中山学院,10,计算机科学与技术,2,486,188215
2118,大连医科大学中山学院,11,数字媒体技术,3,484,190098
2118,大连医科大学中山学院,12,新媒体技术,2,481,193764
2118,大连医科大学中山学院,13,医学信息工程,2,480,194179
2118,大连医科大学中山学院,14,智能医学工程,3,484,190306
2118,大连医科大学中山学院,18,生物医药数据科学,3,483,191100
2123,大连财经学院,7,金融工程,1,485,189308
2123,大连财经学院,13,工程造价,1,482,192403
2123,大连财经学院,23,大数据管理与应用,2,487,186675
2124,东北大学,11,智能制造工程,1,648,11866
2128,辽宁对外经贸学院,19,信息管理与信息系统,4,468,205858
2132,辽宁金融职业学院,501,金融服务与管理,10,417,244796
2138,锦州医科大学,6,运动康复(中外合作办学),2,487,186866
2143,沈阳城市学院,3,电影制作,3,468,205865
2143,沈阳城市学院,4,医学影像技术,2,488,185508
2143,沈阳城市学院,5,智能医学工程,2,472,201948
2144,沈阳工程学院,501,热能动力工程技术(中外合作办学),2,484,190354
2152,沈阳城市建设学院,4,物流工程,5,465,209040
2154,沈阳工学院,1,机械设计制造及其自动化,2,488,186176
2154,沈阳工学院,2,材料成型及控制工程,2,480,193976
2154,沈阳工学院,3,机械电子工程,2,479,195137
2154,沈阳工学院,4,车辆工程,2,478,196277
2154,沈阳工学院,5,新能源汽车工程,2,482,192238
2154,沈阳工学院,6,机器人工程,2,479,195120
2154,沈阳工学院,12,金融科技,1,480,194554
2154,沈阳工学院,13,大数据管理与应用,3,476,198102
2154,沈阳工学院,14,计算机类,2,482,191983
2154,沈阳工学院,15,自动化,1,481,193244
2154,沈阳工学院,19,安全工程,2,472,201952
2154,沈阳工学院,20,测绘工程,3,473,201009
2154,沈阳工学院,21,水利水电工程,3,481,193081
2154,沈阳工学院,22,动物医学,1,489,184424
2154,沈阳工学院,23,生物工程,3,473,201083
2154,沈阳工学院,25,食品质量与安全,2,473,201006
2154,沈阳工学院,501,机械制造及自动化,3,373,266459
2154,沈阳工学院,502,机电一体化技术,4,378,264359
2154,沈阳工学院,503,计算机网络技术,3,431,235942
2154,沈阳工学院,504,大数据与会计,4,337,277579
2154,沈阳工学院,505,金融科技应用,3,268,0
2154,沈阳工学院,506,电气自动化技术,5,425,239812
2154,沈阳工学院,507,工业机器人技术,2,268,0
2154,沈阳工学院,508,无人机应用技术,4,361,270875
2164,辽宁经济职业技术学院,501,电子商务,5,435,232881
2201,北华大学,19,林学,1,594,58604
2203,长春光华学院,23,机器人工程,2,483,191750
2203,长春光华学院,24,电气工程及其自动化,5,482,192602
2203,长春光华学院,25,电子信息工程,1,482,192306
2203,长春光华学院,26,人工智能,2,480,194374
2203,长春光华学院,27,计算机科学与技术,2,483,190848
2203,长春光华学院,28,物联网工程,3,475,199272
2203,长春光华学院,29,数字媒体技术,3,477,197367
2204,长春大学旅游学院,19,智能建造,5,466,207632
2204,长春大学旅游学院,22,工程造价,4,462,211408
2204,长春大学旅游学院,23,工程管理,5,456,216565
2204,长春大学旅游学院,24,网络工程,5,468,206340
2204,长春大学旅游学院,25,物联网工程,2,471,203102
2204,长春大学旅游学院,26,数据科学与大数据技术,5,467,207142
2204,长春大学旅游学院,27,人工智能,5,470,203958
2204,长春大学旅游学院,28,数字媒体技术,5,469,205020
2206,长春工程学院,23,土木工程(中外合作办学),3,485,189582
2208,长春工业大学人文信息学院,1,机械工程,2,478,196532
2208,长春工业大学人文信息学院,2,机械设计制造及其自动化,2,486,188184
2208,长春工业大学人文信息学院,3,车辆工程,2,476,198034
2208,长春工业大学人文信息学院,4,新能源汽车工程,2,478,196603
2208,长春工业大学人文信息学院,5,智能车辆工程,2,473,201074
2208,长春工业大学人文信息学院,6,电气工程及其自动化,4,486,188090
2208,长春工业大学人文信息学院,7,轨道交通信号与控制,2,486,187754
2208,长春工业大学人文信息学院,8,机器人工程,1,475,199260
2208,长春工业大学人文信息学院,9,电子信息工程,2,471,203004
2208,长春工业大学人文信息学院,10,计算机科学与技术,3,483,190845
2208,长春工业大学人文信息学院,11,软件工程,2,476,198566
2208,长春工业大学人文信息学院,12,数据科学与大数据技术,2,471,203327
2208,长春工业大学人文信息学院,13,生物制药,2,478,195996
2209,长春金融高等专科学校,501,金融服务与管理,4,422,241790
2209,长春金融高等专科学校,502,国际金融,1,430,236875
2209,长春金融高等专科学校,503,金融科技应用,2,415,245855
2209,长春金融高等专科学校,504,大数据与会计,1,475,199755
2209,长春金融高等专科学校,505,财富管理,1,434,234012
2209,长春金融高等专科学校,506,证券实务,1,418,244586
2209,长春金融高等专科学校,507,大数据与财务管理,6,402,253092
2209,长春金融高等专科学校,508,资产评估与管理,1,431,236282
2209,长春金融高等专科学校,509,市场营销,1,430,236865
2209,长春金融高等专科学校,510,现代物流管理,1,436,232678
2209,长春金融高等专科学校,511,电子商务,5,419,243604
2209,长春金融高等专科学校,512,跨境电子商务,5,419,243924
2209,长春金融高等专科学校,513,供应链运营,1,434,234179
2209,长春金融高等专科学校,514,商务数据分析与应用,1,418,244162
2209,长春金融高等专科学校,515,计算机网络技术,2,431,235803
2209,长春金融高等专科学校,516,大数据技术,2,435,233258
2209,长春金融高等专科学校,517,云计算技术应用,1,427,238910
2209,长春金融高等专科学校,518,人工智能技术应用,1,434,233570
2209,长春金融高等专科学校,519,计算机应用技术,6,429,237167
2209,长春金融高等专科学校,520,国际金融(中外合作办学),3,409,249492
2209,长春金融高等专科学校,521,大数据与会计(中外合作办学),3,414,246614
2211,长春电子科技学院,1,新能源科学与工程,4,472,202345
2211,长春电子科技学院,2,电子信息工程,5,473,201048
2211,长春电子科技学院,3,电气工程及其自动化,9,479,195277
2211,长春电子科技学院,4,轨道交通信号与控制,5,477,197107
2211,长春电子科技学院,5,计算机科学与技术,10,474,200595
2211,长春电子科技学院,6,软件工程,9,471,202935
2211,长春电子科技学院,7,机械设计制造及其自动化,10,474,200099
2211,长春电子科技学院,8,机械电子工程,4,477,197179
2211,长春电子科技学院,12,数字经济,10,465,208670
2211,长春电子科技学院,17,光电信息科学与工程,10,470,203901
2211,长春电子科技学院,19,光电信息科学与工程,10,469,204857
2213,长春师范大学,14,日语(师范),1,575,81777
2215,长春财经学院,2,经济统计学,6,470,204484
2215,长春财经学院,3,数字经济,6,469,204906
2215,长春财经学院,12,计算机科学与技术,1,484,190073
2215,长春财经学院,13,物联网工程,2,474,200053
2215,长春财经学院,14,智能科学与技术,2,474,200232
2215,长春财经学院,15,数据科学与大数据技术,2,472,202077
2215,长春财经学院,24,金融工程(中外合作办学),12,460,213584
2216,长春医学高等专科学校,503,护理,2,486,188412
2216,长春医学高等专科学校,505,中医养生保健,1,473,201349
2216,长春医学高等专科学校,507,医学影像技术,3,478,196595
2216,长春医学高等专科学校,508,康复治疗技术,1,476,198111
2216,长春医学高等专科学校,509,眼视光技术,1,484,190203
2219,长春人文学院,16,护理学,29,481,193064
2219,长春人文学院,18,康复治疗学,15,476,198653
2219,长春人文学院,21,数据科学与大数据技术,3,475,199422
2219,长春人文学院,22,数字媒体技术,3,468,205909
2219,长春人文学院,23,数学与应用数学,2,468,205948
2221,吉林动画学院,16,数字媒体技术,3,483,191048
2224,吉林工业职业技术学院,501,应用化工技术,8,425,239781
2224,吉林工业职业技术学院,502,工业机器人技术,7,423,240985
2224,吉林工业职业技术学院,503,新能源汽车技术,8,423,241003
2224,吉林工业职业技术学院,504,机械设计与制造,10,410,248877
2224,吉林工业职业技术学院,505,机械制造及自动化,9,420,243452
2224,吉林工业职业技术学院,506,物联网应用技术,3,420,243234
2225,吉林外国语大学,24,金融科技,1,487,187120
2225,吉林外国语大学,31,人工智能,3,491,182899
2227,吉林建筑大学,34,土木工程(中外合作办学),1,502,169740
2227,吉林建筑大学,35,工程管理(中外合作办学),2,489,184978
2228,吉林建筑科技学院,3,土木工程,8,466,208107
2228,吉林建筑科技学院,4,道路桥梁与渡河工程,2,472,202052
2228,吉林建筑科技学院,5,智慧交通,3,465,208669
2228,吉林建筑科技学院,6,建筑环境与能源应用工程,3,464,209661
2228,吉林建筑科技学院,7,给排水科学与工程,3,465,208902
2228,吉林建筑科技学院,8,新能源科学与工程,2,484,189858
2228,吉林建筑科技学院,9,电气工程及其自动化,3,476,198561
2228,吉林建筑科技学院,10,自动化,4,473,201597
2228,吉林建筑科技学院,11,机器人工程,3,471,203444
2228,吉林建筑科技学院,12,机械设计制造及其自动化,5,472,202648
2228,吉林建筑科技学院,13,计算机科学与技术,6,471,203405
2228,吉林建筑科技学院,14,软件工程,2,474,199981
2228,吉林建筑科技学院,15,网络工程,5,467,206998
2228,吉林建筑科技学院,16,数据科学与大数据技术,5,467,206847
2228,吉林建筑科技学院,17,人工智能,1,482,192183
2228,吉林建筑科技学院,18,工程管理,1,464,210120
2228,吉林建筑科技学院,19,工程造价,4,464,210218
2228,吉林建筑科技学院,24,智能建造,2,464,209554
2229,长春建筑学院,1,土木工程,6,464,209638
2229,长春建筑学院,2,测绘工程,6,465,208773
2229,长春建筑学院,3,交通工程,4,468,205788
2229,长春建筑学院,4,智慧交通,6,465,209122
2229,长春建筑学院,6,康复治疗学,8,472,202208
2229,长春建筑学院,7,房地产开发与管理,3,466,207690
2230,吉林交通职业技术学院,501,现代物业管理,5,418,244263
2230,吉林交通职业技术学院,502,机械制造及自动化,5,434,233604
2230,吉林交通职业技术学院,503,工业机器人技术,5,430,236807
2230,吉林交通职业技术学院,504,无人机应用技术,5,430,236618
2230,吉林交通职业技术学院,505,新能源汽车技术,5,433,234417
2230,吉林交通职业技术学院,506,道路与桥梁工程技术,5,430,236425
2230,吉林交通职业技术学院,507,汽车技术服务与营销,5,357,272015
2230,吉林交通职业技术学院,508,城市轨道车辆应用技术,5,439,230030
2230,吉林交通职业技术学院,509,现代物流管理,5,422,241747
2231,吉林农业大学,21,生物技术(中外合作办学),1,517,152218
2231,吉林农业大学,22,动物科学(中外合作办学),5,488,185732
2232,长春科技学院,1,电子信息科学与技术,3,473,200980
2232,长春科技学院,2,机械设计制造及其自动化,2,482,191935
2232,长春科技学院,3,计算机类,9,472,202259
2232,长春科技学院,4,新能源汽车工程,3,479,195015
2232,长春科技学院,5,食品科学与工程类,16,465,209003
2232,长春科技学院,6,应用化学,16,465,208661
2232,长春科技学院,7,生物工程,8,469,205082
2232,长春科技学院,8,中药学,10,475,199127
2232,长春科技学院,9,眼视光学,10,477,196973
2232,长春科技学院,10,康复治疗学,2,485,188763
2232,长春科技学院,21,机器人工程,1,481,193008
2232,长春科技学院,501,护理,6,426,239141
2232,长春科技学院,502,口腔医学,26,453,219374
2232,长春科技学院,503,药学,4,425,239703
2232,长春科技学院,504,中药学,10,408,249797
2232,长春科技学院,505,动物医学,5,470,204122
2232,长春科技学院,506,学前教育,8,389,259710
2232,长春科技学院,507,体育教育,4,420,242853
2232,长春科技学院,508,数字媒体技术,4,413,247428
2235,吉林师范大学博达学院,1,信息工程,4,469,205051
2235,吉林师范大学博达学院,2,电子信息工程,3,474,200167
2235,吉林师范大学博达学院,3,软件工程,3,473,201176
2235,吉林师范大学博达学院,4,食品科学与工程,3,475,199432
2235,吉林师范大学博达学院,5,食品质量与安全,3,471,203476
2235,吉林师范大学博达学院,6,数据科学与大数据技术,6,468,206141
2236,吉林司法警官职业学院,501,法律事务,19,453,219460
2236,吉林司法警官职业学院,502,法律文秘,20,437,232147
2236,吉林司法警官职业学院,503,安全防范技术,10,443,227392
2238,吉林铁道职业技术大学,503,铁路物流管理,2,477,197600
2238,吉林铁道职业技术大学,504,高速铁路综合维修技术,2,473,201021
2238,吉林铁道职业技术大学,505,铁道供电技术,1,485,189352
2238,吉林铁道职业技术大学,506,铁道工程技术,2,483,191639
2238,吉林铁道职业技术大学,507,高速铁路施工与维护,2,469,205474
2238,吉林铁道职业技术大学,508,铁道桥梁隧道工程技术,2,473,201020
2238,吉林铁道职业技术大学,509,铁道养路机械应用技术,4,467,207328
2238,吉林铁道职业技术大学,510,轨道交通通信信号设备制造与维护,2,474,199967
2238,吉林铁道职业技术大学,511,城市轨道交通运营管理,2,487,186850
2238,吉林铁道职业技术大学,512,城市轨道车辆应用技术,4,463,211281
2238,吉林铁道职业技术大学,513,城市轨道交通机电技术,4,456,216558
2238,吉林铁道职业技术大学,514,城市轨道交通工程技术,4,459,214424
2238,吉林铁道职业技术大学,515,城市轨道交通供配电技术,4,456,216527
2238,吉林铁道职业技术大学,516,城市轨道交通车辆制造与维护,1,474,200020
2238,吉林铁道职业技术大学,517,建筑工程技术,3,438,231348
2239,吉林医药学院,5,医学信息工程,1,531,135177
2239,吉林医药学院,20,生物制药(中外合作办学),4,488,186136
2241,通化师范学院,11,生物科学(中外合作办学),5,484,189879
2241,通化师范学院,12,食品科学与工程(中外合作办学),2,484,190126
2246,吉林电子信息职业技术学院,501,大数据技术,10,412,247608
2246,吉林电子信息职业技术学院,502,计算机网络技术,10,410,248864
2246,吉林电子信息职业技术学院,503,电子商务,10,411,248131
2248,长春师范高等专科学校,501,婴幼儿托育服务与管理,2,408,250046
2248,长春师范高等专科学校,502,动漫设计,2,441,228706
2248,长春师范高等专科学校,503,健身指导与管理,2,404,252256
2248,长春师范高等专科学校,504,学前教育(中外合作办学)(师范),4,386,261257
2249,长春早期教育职业学院,501,早期教育,10,275,289114
2249,长春早期教育职业学院,502,学前教育,10,268,0
2249,长春早期教育职业学院,503,体育教育,20,283,287525
2249,长春早期教育职业学院,504,特殊教育,8,268,0
2249,长春早期教育职业学院,505,音乐教育,8,277,288684
2249,长春早期教育职业学院,506,康复治疗技术,25,268,0
2249,长春早期教育职业学院,507,口腔医学技术,25,309,283168
2249,长春早期教育职业学院,508,医学营养,5,268,0
2249,长春早期教育职业学院,509,眼视光技术,10,268,0
2251,吉林职业技术学院,501,中医学,3,448,223943
2251,吉林职业技术学院,502,医学检验技术,3,330,279064
2251,吉林职业技术学院,503,医学影像技术,4,306,283565
2302,东北石油大学,13,油气储运工程(中外合作办学),1,521,147486
2305,黑龙江工商学院,3,软件工程,7,470,204431
2311,哈尔滨华德学院,1,软件工程(英才班),4,472,202376
2311,哈尔滨华德学院,2,机械设计制造及其自动化(英才班),4,477,197601
2311,哈尔滨华德学院,3,新能源汽车工程(英才班),9,475,199617
2311,哈尔滨华德学院,4,土木工程(英才班),5,466,207963
2315,哈尔滨师范大学,14,计算机科学与技术(中美人才121双学位项目),1,528,138812
2318,哈尔滨铁道职业技术学院,501,地下与隧道工程技术,1,489,184453
2321,鹤岗师范高等专科学校,501,学前教育(师范),20,391,258784
2321,鹤岗师范高等专科学校,502,矿物加工技术,10,410,248768
2322,黑龙江八一农垦大学,18,风景园林,1,522,147115
2324,黑龙江东方学院,1,电气工程及其自动化,9,475,198991
2327,黑龙江建筑职业技术学院,501,建筑工程技术,3,429,237169
2327,黑龙江建筑职业技术学院,502,电气自动化技术,2,444,226908
2327,黑龙江建筑职业技术学院,503,服装与服饰设计,2,444,226761
2327,黑龙江建筑职业技术学院,504,数字媒体技术,3,439,230455
2329,黑龙江农垦职业学院,501,护理,5,430,236717
2329,黑龙江农垦职业学院,502,医学检验技术,5,370,267717
2329,黑龙江农垦职业学院,503,康复治疗技术,5,431,236176
2329,黑龙江农垦职业学院,504,小学语文教育(师范),14,344,275800
2329,黑龙江农垦职业学院,505,学前教育(师范),10,363,270184
2329,黑龙江农垦职业学院,506,早期教育,10,326,279959
2330,黑龙江农业工程职业学院,501,建筑室内设计,2,428,238173
2330,黑龙江农业工程职业学院,502,数控技术,2,443,227620
2330,黑龙江农业工程职业学院,503,电气自动化技术,2,438,230992
2330,黑龙江农业工程职业学院,504,计算机应用技术,2,432,235118
2330,黑龙江农业工程职业学院,505,室内艺术设计,2,408,249968
2333,佳木斯大学,6,药学,1,529,138115
2334,牡丹江大学,501,机电一体化技术,2,452,220080
2334,牡丹江大学,502,计算机应用技术,2,468,205847
2334,牡丹江大学,503,动漫制作技术,3,470,203866
2334,牡丹江大学,504,康复治疗技术,2,459,214727
2334,牡丹江大学,505,大数据与会计,1,470,204716
2334,牡丹江大学,506,电子商务,2,427,238868
2334,牡丹江大学,507,数字媒体艺术设计,1,435,233415
2334,牡丹江大学,508,广告艺术设计,2,427,238580
2334,牡丹江大学,509,应用英语,3,430,236823
2351,黑龙江交通职业技术学院,501,铁道机车运用与维护,5,466,207987
2351,黑龙江交通职业技术学院,502,铁道车辆技术,5,453,219638
2351,黑龙江交通职业技术学院,503,铁道供电技术,5,451,221225
2351,黑龙江交通职业技术学院,504,铁道交通运营管理,5,459,214611
2351,黑龙江交通职业技术学院,505,铁道工程技术,5,451,221283
2351,黑龙江交通职业技术学院,506,电梯工程技术,5,435,232926
2352,哈尔滨北方航空职业技术学院,501,无人机测绘技术,5,298,284846
2352,哈尔滨北方航空职业技术学院,502,应急救援技术,3,290,286292
2352,哈尔滨北方航空职业技术学院,503,机场电工技术,5,291,286080
2352,哈尔滨北方航空职业技术学院,504,数控技术,10,268,0
2352,哈尔滨北方航空职业技术学院,505,机械制造及自动化,10,276,288920
2352,哈尔滨北方航空职业技术学院,506,智能机器人技术,8,268,0
2352,哈尔滨北方航空职业技术学院,507,飞机机载设备装配调试技术,6,268,0
2352,哈尔滨北方航空职业技术学院,508,无人机应用技术,5,301,284350
2352,哈尔滨北方航空职业技术学院,509,高速铁路客运服务,10,268,0
2352,哈尔滨北方航空职业技术学院,510,空中乘务,29,268,0
2352,哈尔滨北方航空职业技术学院,511,民航安全技术管理,5,268,0
2352,哈尔滨北方航空职业技术学院,512,民航空中安全保卫,6,268,0
2352,哈尔滨北方航空职业技术学院,514,通用航空器维修,15,268,0
2352,哈尔滨北方航空职业技术学院,515,通用航空航务技术,4,268,0
2352,哈尔滨北方航空职业技术学院,516,城市轨道交通运营管理,2,320,281242
2352,哈尔滨北方航空职业技术学院,517,航空物流管理,6,268,0
2352,哈尔滨北方航空职业技术学院,518,旅游管理,3,268,0
2353,黑龙江三江美术职业学院,501,建筑室内设计,1,306,283621
2353,黑龙江三江美术职业学院,502,工业设计,3,268,0
2353,黑龙江三江美术职业学院,503,服装设计与工艺,1,272,289755
2353,黑龙江三江美术职业学院,504,动漫制作技术,1,320,281177
2353,黑龙江三江美术职业学院,508,数字媒体艺术设计,2,287,286847
2353,黑龙江三江美术职业学院,511,影视动画,2,293,285747
2354,黑龙江职业学院,501,电气自动化技术,5,437,231798
2354,黑龙江职业学院,502,数控技术,5,415,246219
2354,黑龙江职业学院,503,工业互联网应用,20,358,271782
2355,哈尔滨传媒职业学院,501,动漫制作技术,5,271,289969
2355,哈尔滨传媒职业学院,502,网络营销与直播电商,5,268,0
2357,齐齐哈尔高等师范专科学校,501,机械制造及自动化,3,410,249007
2357,齐齐哈尔高等师范专科学校,502,高速铁路客运服务,4,398,255189
2357,齐齐哈尔高等师范专科学校,503,小学语文教育(师范),3,417,244960
2358,佳木斯职业学院,501,护理,20,332,278639
3108,上海邦德职业技术学院,501,现代物流管理(货代),18,353,273392
3108,上海邦德职业技术学院,502,国际金融,15,360,271313
3108,上海邦德职业技术学院,503,大数据与会计,25,372,266759
3108,上海邦德职业技术学院,504,社会工作,15,359,271546
3108,上海邦德职业技术学院,505,跨境电子商务,15,364,269900
3108,上海邦德职业技术学院,506,电子商务,15,368,268242
3108,上海邦德职业技术学院,507,现代物业管理,15,348,274772
3108,上海邦德职业技术学院,508,旅游管理,16,354,273000
3108,上海邦德职业技术学院,509,酒店管理与数字化运营,15,352,273543
3108,上海邦德职业技术学院,510,烹饪工艺与营养,12,378,264434
3108,上海邦德职业技术学院,511,应用英语(跨境商务营销),16,350,274187
3108,上海邦德职业技术学院,512,应用英语(少儿英语),12,345,275564
3108,上海邦德职业技术学院,513,应用法语(奢侈品管理),16,336,277667
3108,上海邦德职业技术学院,514,应用日语(商务与旅游),16,352,273496
3108,上海邦德职业技术学院,515,计算机应用技术(网络应用技术),22,358,271689
3108,上海邦德职业技术学院,516,计算机应用技术(软件设计与应用),22,354,272990
3108,上海邦德职业技术学院,517,数字媒体技术(虚拟现实VR设计),30,361,270651
3108,上海邦德职业技术学院,525,护理,14,419,243718
3108,上海邦德职业技术学院,526,汽车智能技术,35,346,275401
3110,上海城建职业学院,501,空间数字建模与应用技术,2,482,192474
3110,上海城建职业学院,502,建筑工程技术,3,488,186322
3110,上海城建职业学院,503,智能建造技术,3,484,189917
3110,上海城建职业学院,505,建设工程管理,3,478,196585
3110,上海城建职业学院,506,安全技术与管理,3,477,197914
3110,上海城建职业学院,507,智慧城市管理技术,2,479,195448
3110,上海城建职业学院,508,建筑智能化工程技术,3,480,194018
3110,上海城建职业学院,509,现代物业管理,1,488,185553
3110,上海城建职业学院,511,环境工程技术,4,484,190680
3110,上海城建职业学院,512,园林工程技术,2,481,192973
3110,上海城建职业学院,513,市政工程技术,3,488,185976
3110,上海城建职业学院,516,智能控制技术,5,487,187546
3110,上海城建职业学院,518,区块链技术应用,3,485,189561
3110,上海城建职业学院,525,酒店管理与数字化运营,4,475,199262
3110,上海城建职业学院,536,连锁经营与管理,1,487,187443
3110,上海城建职业学院,541,建筑装饰工程技术,3,488,185841
3111,上海出版印刷高等专科学校,501,工业设计,7,467,207268
3111,上海出版印刷高等专科学校,504,印刷媒体技术,8,481,193502
3111,上海出版印刷高等专科学校,506,虚拟现实技术应用,3,487,187245
3111,上海出版印刷高等专科学校,507,人工智能技术应用,11,466,207710
3111,上海出版印刷高等专科学校,508,移动应用开发,13,459,214263
3111,上海出版印刷高等专科学校,523,出版商务(中外合作办学)(文化媒介与版权经纪，中法合作),14,447,224520
3111,上海出版印刷高等专科学校,526,广播影视节目制作(中外合作办学)(中法合作),10,449,223042
3112,上海大学,9,理科试验班,1,640,16416
3116,上海电影艺术职业学院,507,影视编导,74,326,280043
3116,上海电影艺术职业学院,508,摄影摄像技术,35,330,279226
3116,上海电影艺术职业学院,509,影视多媒体技术(影视特效后期制作),35,335,278114
3116,上海电影艺术职业学院,519,影视编导(双语教学),26,305,283767
3117,上海电子信息职业技术学院,501,应用电子技术,18,481,193394
3117,上海电子信息职业技术学院,502,智能控制技术,24,472,202115
3117,上海电子信息职业技术学院,503,微电子技术,20,468,206186
3117,上海电子信息职业技术学院,504,集成电路技术,4,478,196484
3117,上海电子信息职业技术学院,505,工业机器人技术,15,477,197117
3117,上海电子信息职业技术学院,507,智能机器人技术,21,483,191881
3117,上海电子信息职业技术学院,509,金融服务与管理,8,469,204909
3117,上海电子信息职业技术学院,511,密码技术应用,7,456,216626
3117,上海电子信息职业技术学院,512,信息安全技术应用,12,485,189290
3117,上海电子信息职业技术学院,513,大数据技术,8,487,187029
3117,上海电子信息职业技术学院,514,建筑智能化工程技术(楼宇智能化方向),7,457,216085
3117,上海电子信息职业技术学院,515,智能互联网络技术,13,463,210998
3117,上海电子信息职业技术学院,517,计算机应用技术,1,496,176725
3117,上海电子信息职业技术学院,518,现代通信技术,23,461,212871
3117,上海电子信息职业技术学院,519,计算机网络技术,9,485,188986
3117,上海电子信息职业技术学院,521,飞机机电设备维修,19,470,204080
3117,上海电子信息职业技术学院,522,飞机电子设备维修,28,460,213845
3117,上海电子信息职业技术学院,523,数字化设计与制造技术,11,464,210147
3118,上海东海职业技术学院,501,学前教育,60,326,279963
3118,上海东海职业技术学院,502,婴幼儿托育服务与管理,20,332,278654
3118,上海东海职业技术学院,504,财税大数据应用,24,347,275079
3118,上海东海职业技术学院,505,关务与外贸服务,12,366,269031
3118,上海东海职业技术学院,507,电子商务,10,377,264923
3118,上海东海职业技术学院,509,机电一体化技术,14,400,254373
3118,上海东海职业技术学院,510,新能源汽车技术,10,374,265896
3118,上海东海职业技术学院,511,工业机器人技术,10,383,262484
3118,上海东海职业技术学院,512,机械制造及自动化,10,388,260421
3118,上海东海职业技术学院,513,集成电路技术,35,336,277754
3118,上海东海职业技术学院,514,智能网联汽车技术,10,368,268332
3118,上海东海职业技术学院,515,汽车检测与维修技术(高本贯通),18,431,235808
3118,上海东海职业技术学院,516,护理,213,327,279797
3118,上海东海职业技术学院,518,智慧健康养老服务与管理,12,359,271591
3118,上海东海职业技术学院,519,空中乘务,15,355,272671
3118,上海东海职业技术学院,520,民航运输服务,30,342,276185
3118,上海东海职业技术学院,521,民航空中安全保卫,15,340,276683
3118,上海东海职业技术学院,522,计算机应用技术,25,363,270037
3118,上海东海职业技术学院,523,大数据技术,25,349,274372
3118,上海东海职业技术学院,524,信息安全技术应用,22,342,276388
3118,上海东海职业技术学院,525,人工智能技术应用,22,351,273832
3118,上海东海职业技术学院,529,广播影视节目制作,10,358,271690
3122,上海工商外国语职业学院,501,应用英语(高本贯通),1,488,185982
3122,上海工商外国语职业学院,502,应用日语(高本贯通),32,437,231767
3122,上海工商外国语职业学院,503,应用法语,2,404,252476
3122,上海工商外国语职业学院,504,应用西班牙语,15,335,278055
3122,上海工商外国语职业学院,505,大数据技术(中外合作办学)(大数据分析，中美合作),26,348,274879
3122,上海工商外国语职业学院,506,软件技术,76,331,279003
3122,上海工商外国语职业学院,507,法律事务,4,415,246253
3122,上海工商外国语职业学院,508,影视编导,5,372,266908
3128,上海济光职业技术学院,501,建筑设计,25,356,272418
3128,上海济光职业技术学院,502,风景园林设计,20,363,270241
3128,上海济光职业技术学院,503,数字媒体技术,40,379,264165
3128,上海济光职业技术学院,504,智慧城市管理技术,10,339,276964
3128,上海济光职业技术学院,505,建筑工程技术,20,352,273710
3128,上海济光职业技术学院,506,建筑智能化工程技术,10,388,260117
3128,上海济光职业技术学院,507,工程造价,35,349,274388
3128,上海济光职业技术学院,508,建设工程管理(房屋建筑方向),10,358,271667
3128,上海济光职业技术学院,509,空间数字建模与应用技术,20,332,278665
3128,上海济光职业技术学院,510,大数据与会计,40,383,262376
3128,上海济光职业技术学院,511,金融服务与管理,10,371,267178
3128,上海济光职业技术学院,512,酒店管理与数字化运营,5,379,264166
3128,上海济光职业技术学院,513,电子商务,15,388,260011
3128,上海济光职业技术学院,514,工商企业管理,10,381,263204
3128,上海济光职业技术学院,515,新能源汽车技术,20,386,261086
3128,上海济光职业技术学院,516,智能网联汽车技术,10,371,267241
3128,上海济光职业技术学院,517,人工智能技术应用,20,372,266973
3128,上海济光职业技术学院,518,护理,130,360,271110
3128,上海济光职业技术学院,519,助产,35,330,279166
3128,上海济光职业技术学院,520,计算机网络技术,40,367,268744
3128,上海济光职业技术学院,521,软件技术,35,362,270390
3128,上海济光职业技术学院,522,信息安全技术应用,30,339,276915
3128,上海济光职业技术学院,523,建筑室内设计,55,364,269873
3128,上海济光职业技术学院,524,学前教育,50,347,275028
3128,上海济光职业技术学院,525,建筑工程技术(高本贯通),12,421,242481
3128,上海济光职业技术学院,527,酒店管理与数字化运营(高本贯通),8,473,201154
3130,上海建桥学院,1,数字经济,4,481,193234
3130,上海建桥学院,3,工程管理,6,481,193783
3130,上海建桥学院,6,汽车服务工程,6,477,196979
3130,上海建桥学院,7,智能制造工程,4,480,193954
3130,上海建桥学院,8,电子科学与技术,3,481,192934
3130,上海建桥学院,9,微电子科学与工程,4,480,194378
3130,上海建桥学院,12,网络工程,7,481,193303
3130,上海建桥学院,13,物联网工程,2,479,195103
3130,上海建桥学院,14,数字媒体技术,5,481,193039
3130,上海建桥学院,15,机械设计制造及其自动化(中外合作办学),1,489,185234
3130,上海建桥学院,16,计算机科学与技术(双语班),6,483,190847
3130,上海建桥学院,17,网络工程(双语班),9,476,198209
3130,上海建桥学院,18,数字媒体技术(双语班),4,478,196725
3130,上海建桥学院,19,数字媒体技术(全英语教学),1,478,196176
3130,上海建桥学院,502,计算机应用技术(双语班),18,445,225585
3130,上海建桥学院,504,机电一体化技术,8,463,210530
3130,上海建桥学院,505,空中乘务,20,404,252375
3130,上海建桥学院,506,计算机应用技术,12,463,210638
3130,上海建桥学院,507,国际商务,17,457,216201
3130,上海建桥学院,508,工商企业管理,24,444,226572
3130,上海建桥学院,509,现代物流管理,10,442,228424
3130,上海建桥学院,510,旅游管理,9,442,228099
3130,上海建桥学院,511,商务英语,17,470,204767
3133,上海交通职业技术学院,507,汽车技术服务与营销,5,452,220262
3133,上海交通职业技术学院,508,汽车智能技术,9,478,196050
3133,上海交通职业技术学院,510,智能网联汽车技术,4,483,191725
3133,上海交通职业技术学院,511,城市燃气工程技术,5,471,203421
3133,上海交通职业技术学院,512,给排水工程技术,4,473,201675
3133,上海交通职业技术学院,513,道路工程检测技术,3,476,198151
3133,上海交通职业技术学院,514,安全技术与管理,4,463,210597
3133,上海交通职业技术学院,515,港口机械与智能控制,6,475,199919
3133,上海交通职业技术学院,516,集装箱运输管理,5,469,205535
3133,上海交通职业技术学院,517,智能机电技术,4,485,189461
3133,上海交通职业技术学院,518,轮机工程技术,7,467,207322
3133,上海交通职业技术学院,519,关务与外贸服务,3,487,187626
3135,上海科学技术职业学院,501,现代通信技术,10,457,216349
3135,上海科学技术职业学院,502,安全防范技术(集成技术与产品制造),15,448,223540
3135,上海科学技术职业学院,503,信息安全技术应用,30,460,213068
3135,上海科学技术职业学院,504,移动互联应用技术,10,456,216972
3135,上海科学技术职业学院,505,人工智能技术应用,9,475,199956
3135,上海科学技术职业学院,506,物联网应用技术,10,463,210610
3135,上海科学技术职业学院,507,智能网联汽车技术,10,457,216113
3135,上海科学技术职业学院,508,新能源汽车技术,9,473,201306
3135,上海科学技术职业学院,509,新能源汽车检测与维修技术,25,447,224604
3135,上海科学技术职业学院,510,机电一体化技术,15,479,195680
3135,上海科学技术职业学院,511,机械制造及自动化,30,463,210446
3135,上海科学技术职业学院,512,智能控制技术,29,454,218245
3135,上海科学技术职业学院,513,网络营销与直播电商,14,457,216491
3135,上海科学技术职业学院,514,跨境电子商务,10,466,208076
3135,上海科学技术职业学院,516,电子商务,10,465,209453
3135,上海科学技术职业学院,517,数字媒体技术,8,477,197618
3137,上海立达学院,7,人工智能,12,475,199202
3137,上海立达学院,8,计算机科学与技术,11,475,199015
3137,上海立达学院,9,数据科学与大数据技术,11,472,201960
3137,上海立达学院,10,数字经济,4,476,198393
3137,上海立达学院,11,金融科技(CFA方向),4,476,198245
3137,上海立达学院,12,会计学(注册会计师CPA及美国注册管理会计师CMA方向),5,524,144647
3137,上海立达学院,14,国际商务(数字经贸方向),1,526,142242
3137,上海立达学院,15,汉语言文学,4,517,153256
3137,上海立达学院,16,应用心理学,2,519,150081
3137,上海立达学院,501,计算机应用技术,30,417,245101
3137,上海立达学院,502,计算机网络技术,21,411,248440
3137,上海立达学院,503,护理,8,461,212295
3137,上海立达学院,504,金融服务与管理,22,406,251328
3137,上海立达学院,505,大数据与会计,48,424,240473
3137,上海立达学院,506,电子商务,19,412,247901
3137,上海立达学院,507,会展策划与管理,10,424,240881
3137,上海立达学院,508,传播与策划,49,384,262028
3137,上海立达学院,509,商务英语,26,395,256845
3139,上海旅游高等专科学校,501,空中乘务,6,456,216931
3139,上海旅游高等专科学校,505,旅游管理,12,478,196350
3139,上海旅游高等专科学校,506,定制旅行管理与服务,2,470,204677
3139,上海旅游高等专科学校,507,酒店管理与数字化运营,8,456,216754
3139,上海旅游高等专科学校,508,葡萄酒文化与营销,5,447,224202
3139,上海旅游高等专科学校,509,智慧旅游技术应用,2,470,203916
3139,上海旅游高等专科学校,511,休闲服务与管理,14,458,215162
3139,上海旅游高等专科学校,512,烹饪工艺与营养,13,474,200784
3139,上海旅游高等专科学校,515,旅游英语,14,469,205665
3139,上海旅游高等专科学校,516,应用韩语,7,460,213700
3139,上海旅游高等专科学校,517,应用西班牙语,1,563,96748
3139,上海旅游高等专科学校,518,酒店管理与数字化运营(中外合作办学),15,423,241378
3140,上海民远职业技术学院,501,宠物医疗技术,33,376,265319
3140,上海民远职业技术学院,502,大数据与会计,19,363,270133
3140,上海民远职业技术学院,503,机电一体化技术,23,373,266372
3140,上海民远职业技术学院,504,新能源汽车技术,25,368,268394
3140,上海民远职业技术学院,505,工业机器人技术,15,363,270138
3140,上海民远职业技术学院,506,智能医疗装备技术,15,354,273144
3140,上海民远职业技术学院,507,酒店管理与数字化运营,8,346,275260
3140,上海民远职业技术学院,508,电子商务,14,351,274007
3140,上海民远职业技术学院,509,跨境电子商务,15,349,274467
3140,上海民远职业技术学院,510,宠物养护与驯导,33,352,273702
3141,上海农林职业技术学院,501,农业生物技术,9,459,214374
3141,上海农林职业技术学院,502,花卉生产与花艺,8,450,222109
3141,上海农林职业技术学院,503,园林技术,8,447,224563
3141,上海农林职业技术学院,506,药品生物技术,12,471,203498
3141,上海农林职业技术学院,507,环境工程技术,10,427,238636
3141,上海农林职业技术学院,509,风景园林设计,10,448,223681
3141,上海农林职业技术学院,510,融媒体技术与运营,9,465,209482
3141,上海农林职业技术学院,511,物联网应用技术,12,460,213809
3141,上海农林职业技术学院,513,人工智能技术应用,14,460,213654
3143,上海杉达学院,17,食品质量与安全,2,486,188100
3143,上海杉达学院,44,建筑电气与智能化,2,488,185654
3143,上海杉达学院,45,工程管理,1,486,188352
3143,上海杉达学院,46,土木工程,2,483,190940
3143,上海杉达学院,502,智能控制技术,19,436,232575
3143,上海杉达学院,503,电气自动化技术,20,439,230454
3143,上海杉达学院,504,现代物流管理(国际多式联运),19,424,240569
3146,上海师范大学天华学院,1,汽车服务工程,5,474,199973
3146,上海师范大学天华学院,2,电子信息工程,5,483,191713
3146,上海师范大学天华学院,3,通信工程,5,477,197258
3146,上海师范大学天华学院,4,集成电路设计与集成系统,4,480,194102
3146,上海师范大学天华学院,9,金融数学(智能量化投资方向),11,475,199104
3146,上海师范大学天华学院,11,人工智能,6,479,195160
3146,上海师范大学天华学院,12,网络工程,3,480,194038
3146,上海师范大学天华学院,14,小学教育(中外合作办学),1,534,132549
3146,上海师范大学天华学院,15,康复治疗学(中外合作办学),8,471,202932
3147,上海思博职业技术学院,501,护理,10,420,242878
3147,上海思博职业技术学院,502,护理(涉外护理方向),15,420,242888
3147,上海思博职业技术学院,504,卫生信息管理(病案管理与医疗文秘方向),25,345,275528
3147,上海思博职业技术学院,505,现代物流管理(国际物流管理方向),20,342,276288
3147,上海思博职业技术学院,506,应用英语(中外合作办学)(涉外服务管理方向),18,333,278523
3147,上海思博职业技术学院,508,学前教育,8,341,276446
3147,上海思博职业技术学院,509,建筑工程技术(装配化施工方向，高本贯通),35,369,267885
3147,上海思博职业技术学院,510,建筑工程技术(装配化施工方向),18,334,278276
3147,上海思博职业技术学院,511,建筑装饰工程技术(装饰工程设计方向),16,338,277314
3147,上海思博职业技术学院,512,新能源汽车技术,67,349,274401
3147,上海思博职业技术学院,513,机电一体化技术,34,357,272158
3147,上海思博职业技术学院,514,数控技术(智能制造方向),15,347,275045
3147,上海思博职业技术学院,515,健身指导与管理,8,349,274531
3150,上海兴伟学院,1,英语,8,489,185225
3150,上海兴伟学院,2,国际商务,4,501,171321
3152,上海外国语大学贤达经济人文学院,7,金融科技,1,489,184678
3152,上海外国语大学贤达经济人文学院,28,大数据管理与应用,3,485,189130
3154,上海工商职业技术学院,501,机电一体化技术,33,399,254570
3154,上海工商职业技术学院,502,工业机器人技术,35,380,263467
3154,上海工商职业技术学院,503,数控技术,30,368,268366
3154,上海工商职业技术学院,504,机械制造及自动化,33,372,266911
3154,上海工商职业技术学院,505,智能制造装备技术,32,349,274548
3154,上海工商职业技术学院,506,新能源汽车技术,48,372,266841
3154,上海工商职业技术学院,507,智能网联汽车技术,45,343,276064
3154,上海工商职业技术学院,508,计算机网络技术,50,346,275412
3154,上海工商职业技术学院,509,计算机应用技术(移动互联网应用软件开发),60,339,276969
3154,上海工商职业技术学院,510,物联网应用技术,25,350,274180
3154,上海工商职业技术学院,511,移动互联应用技术,28,341,276563
3154,上海工商职业技术学院,512,学前教育,32,338,277187
3154,上海工商职业技术学院,513,药学,45,354,273066
3154,上海工商职业技术学院,514,商务日语,18,345,275609
3154,上海工商职业技术学院,515,宝玉石鉴定与加工,25,338,277348
3154,上海工商职业技术学院,516,大数据与会计(助理会计师、涉外会计),10,384,261937
3154,上海工商职业技术学院,517,电子商务,5,381,263419
3154,上海工商职业技术学院,518,国际商务(跨境贸易),20,363,270254
3154,上海工商职业技术学院,519,会展策划与管理,6,364,269786
3154,上海工商职业技术学院,520,餐饮智能管理,3,358,271796
3154,上海工商职业技术学院,521,酒店管理与数字化运营,6,351,273862
3154,上海工商职业技术学院,522,护理,60,390,259338
3154,上海工商职业技术学院,523,空中乘务,20,337,277487
3154,上海工商职业技术学院,524,餐饮智能管理(中外合作办学)(中马合作),11,331,278899
3154,上海工商职业技术学院,525,酒店管理与数字化运营(中外合作办学)(中马合作),12,332,278696
3154,上海工商职业技术学院,529,新能源汽车检测与维修技术(高本贯通),17,453,219908
3154,上海工商职业技术学院,530,餐饮智能管理(高本贯通),13,407,250771
3155,上海行健职业学院,501,应用英语,1,489,185317
3155,上海行健职业学院,502,应用日语(动漫运营方向),12,463,211172
3155,上海行健职业学院,503,应用法语(商务法语方向),6,469,205381
3155,上海行健职业学院,504,工商企业管理(中外合作办学)(中法合作),11,441,228999
3155,上海行健职业学院,505,酒店管理与数字化运营,11,455,218204
3155,上海行健职业学院,506,商务数据分析与应用,2,479,195881
3155,上海行健职业学院,507,影视多媒体技术,1,487,187622
3155,上海行健职业学院,508,飞行器数字化制造技术(飞机制造技术方向),5,467,207179
3155,上海行健职业学院,509,汽车检测与维修技术,2,455,218231
3155,上海行健职业学院,510,软件技术,7,462,212114
3155,上海行健职业学院,511,信息安全技术应用,6,453,219513
3155,上海行健职业学院,512,大数据技术,2,476,198713
3155,上海行健职业学院,513,人工智能技术应用,7,460,213552
3156,上海健康医学院,11,药学,1,536,129552
3160,上海震旦职业学院,501,护理,190,357,272024
3160,上海震旦职业学院,502,药学,80,381,263149
3160,上海震旦职业学院,503,呼吸治疗技术,20,366,269121
3160,上海震旦职业学院,504,食品检验检测技术,20,362,270396
3160,上海震旦职业学院,505,宠物医疗技术,20,408,249970
3160,上海震旦职业学院,506,康复治疗技术,19,381,263309
3160,上海震旦职业学院,507,机电一体化技术,25,383,262265
3160,上海震旦职业学院,508,数字媒体技术,30,369,267965
3160,上海震旦职业学院,509,数字媒体技术(电竞内容制作),25,357,272054
3160,上海震旦职业学院,510,虚拟现实技术应用,30,347,275150
3160,上海震旦职业学院,511,物联网应用技术,28,346,275336
3160,上海震旦职业学院,512,建筑工程技术,28,338,277248
3160,上海震旦职业学院,513,工程造价,24,341,276522
3160,上海震旦职业学院,514,无人机测绘技术,20,362,270494
3160,上海震旦职业学院,515,大数据与会计,30,370,267515
3160,上海震旦职业学院,516,电子商务,30,358,271789
3160,上海震旦职业学院,517,工商企业管理,25,358,271860
3160,上海震旦职业学院,518,酒店管理与数字化运营,25,344,275874
3160,上海震旦职业学院,519,酒店管理与数字化运营(高本贯通),21,424,240833
3160,上海震旦职业学院,520,现代物流管理,30,344,275912
3160,上海震旦职业学院,521,学前教育,50,335,278042
3160,上海震旦职业学院,523,传播与策划,30,350,274097
3160,上海震旦职业学院,524,融媒体技术与运营,25,347,274967
3160,上海震旦职业学院,527,影视编导,18,346,275284
3160,上海震旦职业学院,528,影视多媒体技术,18,357,272239
3163,上海中侨职业技术大学,1,建筑工程,3,478,196301
3163,上海中侨职业技术大学,2,工程造价,1,488,185548
3163,上海中侨职业技术大学,3,数字媒体技术,4,487,187307
3163,上海中侨职业技术大学,4,物联网工程技术,4,484,189872
3163,上海中侨职业技术大学,5,大数据工程技术,4,482,192008
3163,上海中侨职业技术大学,6,人工智能工程技术,1,494,178958
3163,上海中侨职业技术大学,8,智能制造工程技术,3,488,185953
3163,上海中侨职业技术大学,10,食品质量与安全,8,480,193977
3163,上海中侨职业技术大学,11,食品营养与健康,6,478,196024
3163,上海中侨职业技术大学,12,合成生物技术,2,482,192177
3163,上海中侨职业技术大学,23,建筑工程(中外合作办学),4,472,202326
3163,上海中侨职业技术大学,24,食品质量与安全(中外合作办学),8,471,203473
3163,上海中侨职业技术大学,501,应用英语,45,365,269523
3163,上海中侨职业技术大学,502,商务日语(进出口贸易实务),40,357,272214
3163,上海中侨职业技术大学,503,应用西班牙语(进出口贸易实务),20,355,272714
3163,上海中侨职业技术大学,504,金融服务与管理,30,381,263367
3163,上海中侨职业技术大学,505,建筑工程技术,20,364,269829
3163,上海中侨职业技术大学,506,工程造价,20,380,263574
3163,上海中侨职业技术大学,507,计算机应用技术,45,402,253140
3163,上海中侨职业技术大学,508,无人机应用技术,45,391,258698
3163,上海中侨职业技术大学,509,机电一体化技术,35,410,248804
3163,上海中侨职业技术大学,510,汽车检测与维修技术,20,372,266799
3163,上海中侨职业技术大学,511,食品智能加工技术(烘焙与饮品加工),20,378,264496
3163,上海中侨职业技术大学,512,旅游管理,20,367,268854
3163,上海中侨职业技术大学,513,食品质量与安全,45,362,270559
3163,上海中侨职业技术大学,514,生物制药技术,30,392,258410
3163,上海中侨职业技术大学,515,护理(康复护理),38,412,247991
3163,上海中侨职业技术大学,516,护理(老年护理),10,406,251186
3163,上海中侨职业技术大学,517,医用电子仪器技术,20,392,258288
3168,上海民航职业技术学院,501,空中乘务,84,417,245193
3168,上海民航职业技术学院,502,民航空中安全保卫,19,425,240230
3168,上海民航职业技术学院,503,民航运输服务,6,487,187518
3168,上海民航职业技术学院,505,民航运输服务(航空旅游服务),2,487,187212
3168,上海民航职业技术学院,507,航空物流管理,2,488,186081
3168,上海民航职业技术学院,512,机场电工技术,3,483,191754
3168,上海民航职业技术学院,514,飞机机电设备维修(中外合作办学)(中美合作),14,469,205338
3168,上海民航职业技术学院,517,航空发动机装配调试技术,3,483,191644
3168,上海民航职业技术学院,518,航空复合材料成型与加工技术,3,481,193435
3168,上海民航职业技术学院,519,工业产品质量检测技术,5,467,207415
3168,上海民航职业技术学院,520,航空发动机维修技术,2,488,186051
3168,上海民航职业技术学院,521,飞机机载设备装配调试技术,4,484,190168
3168,上海民航职业技术学院,522,飞行器数字化制造技术,3,486,187916
3173,上海南湖职业技术学院,502,数字媒体技术,8,485,189746
3173,上海南湖职业技术学院,503,人工智能技术应用,8,453,219211
3173,上海南湖职业技术学院,504,民宿管理与运营,10,446,224850
3173,上海南湖职业技术学院,505,网络营销与直播电商,13,450,221778
3173,上海南湖职业技术学院,506,国际邮轮乘务管理,6,446,225221
3173,上海南湖职业技术学院,507,新能源汽车检测与维修技术,6,456,216756
3173,上海南湖职业技术学院,508,汽车智能技术,4,462,211986
3174,上海科创职业技术学院,501,工业机器人技术,8,469,205356
3174,上海科创职业技术学院,502,工业互联网技术,3,454,218545
3174,上海科创职业技术学院,503,数控技术,2,464,209578
3174,上海科创职业技术学院,504,电气自动化技术,10,470,204072
3174,上海科创职业技术学院,505,智能控制技术,9,455,217831
3174,上海科创职业技术学院,506,新能源汽车技术,7,476,198661
3174,上海科创职业技术学院,507,智能网联汽车技术,6,453,219849
3174,上海科创职业技术学院,508,汽车制造与试验技术,12,439,230015
3174,上海科创职业技术学院,509,工程造价,10,443,227129
3174,上海科创职业技术学院,510,烹饪工艺与营养,3,462,211544
3174,上海科创职业技术学院,511,跨境电子商务,3,457,216014
3174,上海科创职业技术学院,512,商务数据分析与应用,6,451,221308
3175,上海闵行职业技术学院,501,智能机电技术,3,457,215851
3175,上海闵行职业技术学院,502,工业机器人技术,10,453,219640
3175,上海闵行职业技术学院,503,新能源汽车检测与维修技术,2,459,214325
3175,上海闵行职业技术学院,504,建筑室内设计,2,471,203493
3175,上海闵行职业技术学院,505,电子竞技运动与管理,4,455,218162
3175,上海闵行职业技术学院,506,跨境电子商务,2,460,213242
3175,上海闵行职业技术学院,507,云计算技术应用,3,452,220281
3175,上海闵行职业技术学院,508,智能机器人技术,8,451,221539
3175,上海闵行职业技术学院,509,工业互联网应用,10,445,225813
3175,上海闵行职业技术学院,510,数字化设计与制造技术,6,450,222240
3175,上海闵行职业技术学院,511,智慧健康养老服务与管理,3,459,213982
3176,上海现代化工职业学院,501,机电一体化技术,4,474,199994
3176,上海现代化工职业学院,502,数字化设计与制造技术,9,452,219979
3176,上海现代化工职业学院,503,应用化工技术,10,447,224708
3176,上海现代化工职业学院,504,分析检验技术,9,463,210460
3176,上海现代化工职业学院,505,高分子材料智能制造技术,7,443,227523
3176,上海现代化工职业学院,506,现代物流管理,6,453,219294
3176,上海现代化工职业学院,507,工业互联网应用,11,447,224115
3176,上海现代化工职业学院,508,化工安全技术,1,450,222169
3176,上海现代化工职业学院,509,智能控制技术,8,452,220585
3176,上海现代化工职业学院,510,新能源材料应用技术,10,442,228369
3176,上海现代化工职业学院,511,安全技术与管理,9,436,232484
3176,上海现代化工职业学院,512,智慧旅游技术应用,2,446,225451
3177,上海建设管理职业技术学院,501,装配式建筑工程技术,8,436,232518
3177,上海建设管理职业技术学院,502,智能建造技术,8,441,228757
3177,上海建设管理职业技术学院,503,工程造价,30,434,233992
3177,上海建设管理职业技术学院,504,市政工程技术,8,453,219469
3177,上海建设管理职业技术学院,505,市政管网智能检测与维护,8,444,226858
3177,上海建设管理职业技术学院,506,测绘地理信息技术,27,440,229830
3177,上海建设管理职业技术学院,507,园林技术,4,447,224292
3177,上海建设管理职业技术学院,508,风景园林设计,2,454,218442
3177,上海建设管理职业技术学院,509,花卉生产与花艺,8,445,225684
3177,上海建设管理职业技术学院,510,房地产经营与管理,14,435,233095
3177,上海建设管理职业技术学院,511,建筑智能化工程技术,9,441,228705
3177,上海建设管理职业技术学院,512,物联网应用技术,10,445,226009
3177,上海建设管理职业技术学院,513,智慧城市管理技术,13,439,230534
3178,上海浦东职业技术学院,502,飞行器数字化装配技术,3,477,197760
3178,上海浦东职业技术学院,503,人工智能技术应用,6,463,210751
3178,上海浦东职业技术学院,504,智能机器人技术,3,471,203312
3178,上海浦东职业技术学院,505,融媒体技术与运营,1,487,187437
3178,上海浦东职业技术学院,506,虚拟现实技术应用,4,467,206991
3178,上海浦东职业技术学院,507,跨境电子商务,2,482,192906
3179,上海中华职业技术学院,501,智能机器人技术,6,392,258525
3179,上海中华职业技术学院,502,人工智能技术应用,6,399,254569
3179,上海中华职业技术学院,503,工业互联网技术,6,389,259567
3179,上海中华职业技术学院,504,酒店管理与数字化运营,12,361,270760
3202,常州纺织服装职业技术学院,501,信息安全技术应用,4,440,229931
3202,常州纺织服装职业技术学院,502,数字化染整技术,10,440,229971
3202,常州纺织服装职业技术学院,503,纺织品检验与贸易,5,442,228482
3202,常州纺织服装职业技术学院,504,纺织品设计,5,440,229867
3202,常州纺织服装职业技术学院,505,跨境电子商务,5,441,228885
3202,常州纺织服装职业技术学院,506,商务英语,5,438,231198
3202,常州纺织服装职业技术学院,507,智慧健康养老服务与管理,5,443,227602
3202,常州纺织服装职业技术学院,508,婴幼儿托育服务与管理,5,437,231978
3202,常州纺织服装职业技术学院,509,电子商务,5,443,227330
3203,常州机电职业技术学院,501,机械制造及自动化,5,485,189569
3203,常州机电职业技术学院,502,数控技术,7,476,198486
3203,常州机电职业技术学院,503,机电一体化技术,4,489,185107
3203,常州机电职业技术学院,504,智能机器人技术,9,477,196997
3203,常州机电职业技术学院,505,新能源汽车技术,16,472,202639
3203,常州机电职业技术学院,506,城市轨道车辆应用技术,2,483,190939
3203,常州机电职业技术学院,507,智能网联汽车技术,2,470,204273
3204,常州工业职业技术学院,501,大数据技术,5,458,215108
3204,常州工业职业技术学院,502,物联网应用技术,5,456,216732
3204,常州工业职业技术学院,503,软件技术,5,462,211450
3204,常州工业职业技术学院,504,机械设计与制造,10,458,215054
3204,常州工业职业技术学院,505,环境工程技术,10,442,228095
3204,常州工业职业技术学院,506,空中乘务,10,442,227845
3204,常州工业职业技术学院,507,金融服务与管理,5,446,224771
3204,常州工业职业技术学院,508,电子商务,10,445,226226
3205,常州信息职业技术学院,513,工业互联网技术,1,487,187107
3205,常州信息职业技术学院,515,智能网联汽车技术,1,488,185864
3205,常州信息职业技术学院,516,工业软件开发技术,1,542,121567
3208,硅湖职业技术学院,501,机电一体化技术,6,408,250048
3208,硅湖职业技术学院,502,工业机器人技术,5,398,255309
3208,硅湖职业技术学院,503,机械制造及自动化,5,409,249283
3208,硅湖职业技术学院,504,电气自动化技术,5,414,246409
3208,硅湖职业技术学院,505,智能制造装备技术,5,396,256219
3208,硅湖职业技术学院,506,计算机应用技术,6,400,254252
3208,硅湖职业技术学院,507,计算机网络技术,5,390,259387
3208,硅湖职业技术学院,508,建筑室内设计,5,402,253352
3208,硅湖职业技术学院,509,服装设计与工艺,5,396,256384
3208,硅湖职业技术学院,510,虚拟现实技术应用,5,392,258397
3208,硅湖职业技术学院,511,智慧健康养老服务与管理,6,380,263561
3208,硅湖职业技术学院,512,健康管理,5,372,266825
3208,硅湖职业技术学院,513,智能医疗装备技术,6,386,261125
3208,硅湖职业技术学院,514,药品质量与安全,5,417,244686
3208,硅湖职业技术学院,515,运动健康指导,5,371,267149
3208,硅湖职业技术学院,516,婴幼儿托育服务与管理,5,383,262513
3208,硅湖职业技术学院,517,旅游管理,5,385,261511
3208,硅湖职业技术学院,518,酒店管理与数字化运营,5,389,259974
3208,硅湖职业技术学院,519,现代殡葬技术与管理,3,486,188448
3208,硅湖职业技术学院,520,殡葬设备维护技术,10,417,245019
3208,硅湖职业技术学院,521,数字媒体技术,5,402,253336
3208,硅湖职业技术学院,522,电子竞技运动与管理,5,372,267050
3208,硅湖职业技术学院,523,网络营销与直播电商,5,387,260465
3208,硅湖职业技术学院,524,人工智能技术应用,6,395,257038
3208,硅湖职业技术学院,525,大数据技术,5,389,259555
3213,建东职业技术学院,501,建筑室内设计,5,371,267402
3213,建东职业技术学院,502,建筑工程技术,5,356,272354
3213,建东职业技术学院,503,建筑消防技术,5,357,272085
3213,建东职业技术学院,504,工程造价,5,361,270931
3213,建东职业技术学院,505,机械制造及自动化,6,374,266035
3213,建东职业技术学院,506,机电一体化技术,6,385,261457
3213,建东职业技术学院,507,电气自动化技术,6,399,254784
3213,建东职业技术学院,508,无人机应用技术,6,371,267336
3213,建东职业技术学院,509,汽车制造与试验技术,6,367,268627
3213,建东职业技术学院,510,汽车技术服务与营销,6,355,272643
3213,建东职业技术学院,511,应用电子技术,6,365,269470
3213,建东职业技术学院,512,计算机应用技术,5,370,267475
3213,建东职业技术学院,513,铁道交通运营管理,5,381,263008
3213,建东职业技术学院,514,高速铁路客运服务,5,372,267033
3213,建东职业技术学院,515,空中乘务,5,359,271622
3213,建东职业技术学院,516,民航安全技术管理,5,362,270527
3213,建东职业技术学院,517,城市轨道交通机电技术,5,381,263271
3213,建东职业技术学院,518,城市轨道交通运营管理,5,384,262122
3213,建东职业技术学院,519,大数据与会计,5,372,266955
3213,建东职业技术学院,520,国际商务,5,361,270850
3213,建东职业技术学院,521,工商企业管理,5,361,270797
3213,建东职业技术学院,522,市场营销,5,363,270216
3213,建东职业技术学院,523,电子商务,5,366,269241
3213,建东职业技术学院,524,跨境电子商务,5,363,270244
3213,建东职业技术学院,525,现代物流管理,5,365,269537
3213,建东职业技术学院,526,健身指导与管理,5,359,271345
3213,建东职业技术学院,527,新能源汽车技术,5,366,269148
3213,建东职业技术学院,528,网络营销与直播电商,3,377,264723
3213,建东职业技术学院,529,酒店管理与数字化运营,3,362,270424
3214,苏州健雄职业技术学院,501,机电一体化技术(中外合作办学),15,435,232956
3214,苏州健雄职业技术学院,502,医学生物技术,5,462,211340
3214,苏州健雄职业技术学院,503,大数据与财务管理,5,448,223315
3214,苏州健雄职业技术学院,504,现代物流管理(中外合作办学),15,415,246183
3215,江海职业技术学院,501,机电一体化技术,40,372,266783
3215,江海职业技术学院,502,计算机应用技术,40,355,272639
3215,江海职业技术学院,503,建筑工程技术,40,342,276248
3215,江海职业技术学院,504,建筑消防技术,50,343,276145
3215,江海职业技术学院,505,建筑室内设计,50,350,274277
3215,江海职业技术学院,506,大数据与会计,40,361,270678
3215,江海职业技术学院,507,婴幼儿托育服务与管理,20,346,275374
3218,江南影视艺术职业学院,505,无人机应用技术,10,371,267332
3218,江南影视艺术职业学院,506,高速铁路客运服务,5,377,264817
3218,江南影视艺术职业学院,507,空中乘务,5,363,270229
3218,江南影视艺术职业学院,509,人工智能技术应用,10,365,269454
3219,江苏财经职业技术学院,502,财税大数据应用,3,480,194709
3219,江苏财经职业技术学院,503,电子商务,6,461,212987
3219,江苏财经职业技术学院,504,旅游管理,5,451,221003
3219,江苏财经职业技术学院,505,金融科技应用,7,455,218036
3219,江苏财经职业技术学院,506,婴幼儿托育服务与管理,8,444,226575
3219,江苏财经职业技术学院,507,大数据技术,2,479,195024
3219,江苏财经职业技术学院,508,机电一体化技术,7,467,206749
3223,江苏海事职业技术学院,502,水路运输安全管理,4,484,190536
3223,江苏海事职业技术学院,506,船舶电子电气技术,3,482,192148
3223,江苏海事职业技术学院,510,船舶工程技术,3,484,190148
3223,江苏海事职业技术学院,511,海洋工程装备技术,4,470,204769
3223,江苏海事职业技术学院,512,关务与外贸服务,1,488,185901
3223,江苏海事职业技术学院,513,电子商务,1,480,194250
3223,江苏海事职业技术学院,514,商务英语,3,474,200396
3223,江苏海事职业技术学院,515,软件技术,7,484,190591
3223,江苏海事职业技术学院,517,物联网应用技术,2,479,195188
3223,江苏海事职业技术学院,518,大数据技术,5,480,194904
3223,江苏海事职业技术学院,520,旅游管理,4,461,212800
3223,江苏海事职业技术学院,522,邮轮内装技术,2,469,205121
3223,江苏海事职业技术学院,523,数字化设计与制造技术,5,475,199650
3229,江苏农林职业技术学院,501,园林技术,6,480,194906
3229,江苏农林职业技术学院,503,休闲农业经营与管理,6,455,217692
3229,江苏农林职业技术学院,506,食品智能加工技术,5,460,213115
3229,江苏农林职业技术学院,507,农业生物技术,5,459,214442
3229,江苏农林职业技术学院,508,食用菌生产与加工技术,5,451,220992
3229,江苏农林职业技术学院,509,现代物流管理,5,452,220614
3229,江苏农林职业技术学院,510,酒店管理与数字化运营,6,447,224112
3229,江苏农林职业技术学院,511,电子商务,6,459,214132
3229,江苏农林职业技术学院,512,新能源汽车技术,4,480,193964
3229,江苏农林职业技术学院,513,智能网联汽车技术,5,452,220116
3229,江苏农林职业技术学院,514,机电一体化技术,5,476,198757
3229,江苏农林职业技术学院,515,现代农业装备应用技术,6,454,218349
3229,江苏农林职业技术学院,516,计算机应用技术,6,465,209220
3229,江苏农林职业技术学院,517,云计算技术应用,6,449,222847
3229,江苏农林职业技术学院,518,物联网应用技术,8,453,219177
3229,江苏农林职业技术学院,520,园林工程技术(中外合作办学),24,395,256743
3230,江苏食品药品职业技术学院,501,食品智能加工技术,10,462,212146
3230,江苏食品药品职业技术学院,502,食品药品监督管理,5,468,206135
3230,江苏食品药品职业技术学院,504,卫生检验与检疫技术,5,473,201874
3231,江苏信息职业技术学院,501,集成电路技术,2,473,201351
3231,江苏信息职业技术学院,502,电子信息工程技术,2,483,190873
3231,江苏信息职业技术学院,503,机电一体化技术,2,478,196867
3231,江苏信息职业技术学院,505,软件技术,2,476,198230
3232,江苏农牧科技职业学院,503,生物制药技术,14,475,199436
3232,江苏农牧科技职业学院,504,药品质量与安全,3,471,203314
3232,江苏农牧科技职业学院,505,食品检验检测技术,5,475,199781
3232,江苏农牧科技职业学院,506,食品智能加工技术,2,467,207003
3232,江苏农牧科技职业学院,507,宠物医疗技术,3,488,185670
3232,江苏农牧科技职业学院,508,水产养殖技术,6,474,200780
3232,江苏农牧科技职业学院,509,现代农业技术,6,478,196282
3232,江苏农牧科技职业学院,510,智能物流技术,4,437,232122
3232,江苏农牧科技职业学院,511,计算机应用技术,3,464,209872
3232,江苏农牧科技职业学院,512,物联网应用技术,5,456,216543
3232,江苏农牧科技职业学院,513,大数据技术,8,449,223122
3233,江阴职业技术学院,501,机械制造及自动化,5,455,217475
3233,江阴职业技术学院,502,环境工程技术,5,437,232006
3233,江阴职业技术学院,503,现代纺织技术,5,440,229565
3233,江阴职业技术学院,504,旅游管理,5,440,229727
3233,江阴职业技术学院,505,建筑工程技术,5,441,228668
3233,江阴职业技术学院,506,国际经济与贸易,5,443,227427
3234,金肯职业技术学院,501,新能源汽车技术,25,372,266958
3234,金肯职业技术学院,502,建筑室内设计,25,363,270131
3234,金肯职业技术学院,503,工程造价,10,370,267848
3234,金肯职业技术学院,504,无人机应用技术,15,370,267732
3234,金肯职业技术学院,505,数字媒体技术,25,367,268777
3234,金肯职业技术学院,506,计算机应用技术,25,367,268946
3234,金肯职业技术学院,507,大数据与会计,25,372,266928
3234,金肯职业技术学院,508,电子商务,25,368,268234
3234,金肯职业技术学院,509,城市轨道交通运营管理,35,385,261544
3234,金肯职业技术学院,510,空中乘务,10,362,270342
3236,金山职业技术学院,501,建筑室内设计,5,375,265861
3236,金山职业技术学院,502,工程造价,5,379,263980
3236,金山职业技术学院,503,数控技术,5,390,259206
3236,金山职业技术学院,504,智能制造装备技术,5,368,268512
3236,金山职业技术学院,505,机电一体化技术,5,406,250982
3236,金山职业技术学院,506,工业机器人技术,5,378,264577
3236,金山职业技术学院,507,电气自动化技术,5,409,249278
3236,金山职业技术学院,508,无人机应用技术,5,376,265278
3236,金山职业技术学院,509,新能源汽车技术,5,380,263629
3236,金山职业技术学院,510,高速铁路客运服务,5,392,258568
3236,金山职业技术学院,511,汽车技术服务与营销,5,372,266810
3236,金山职业技术学院,512,民航运输服务,5,363,269996
3236,金山职业技术学院,513,城市轨道交通运营管理,5,406,251027
3236,金山职业技术学院,514,计算机网络技术,5,371,267326
3236,金山职业技术学院,515,数字媒体技术,5,394,257135
3236,金山职业技术学院,516,人工智能技术应用,5,364,269691
3236,金山职业技术学院,517,婴幼儿托育服务与管理,5,361,270914
3236,金山职业技术学院,518,大数据与会计,5,391,258928
3236,金山职业技术学院,519,连锁经营与管理,5,361,270897
3236,金山职业技术学院,520,市场营销,5,367,268825
3236,金山职业技术学院,521,电子商务,5,377,264909
3236,金山职业技术学院,522,现代物流管理,5,365,269468
3236,金山职业技术学院,523,旅游管理,5,363,270083
3236,金山职业技术学院,524,酒店管理与数字化运营,5,365,269596
3236,金山职业技术学院,525,融媒体技术与运营,5,360,271317
3237,昆山登云科技职业学院,501,智慧健康养老服务与管理,2,404,252376
3237,昆山登云科技职业学院,502,新能源汽车技术,2,402,253211
3237,昆山登云科技职业学院,503,汽车智能技术,2,378,264611
3237,昆山登云科技职业学院,504,计算机网络技术,2,381,263326
3237,昆山登云科技职业学院,505,移动互联应用技术,2,376,265152
3237,昆山登云科技职业学院,506,人工智能技术应用,2,378,264579
3237,昆山登云科技职业学院,507,大数据技术,2,377,264893
3237,昆山登云科技职业学院,508,数控技术,2,399,254638
3237,昆山登云科技职业学院,509,智能网联汽车技术,2,369,268027
3237,昆山登云科技职业学院,510,建筑室内设计,2,385,261520
3237,昆山登云科技职业学院,511,建筑工程技术,2,367,268705
3237,昆山登云科技职业学院,512,动漫制作技术,4,379,263987
3237,昆山登云科技职业学院,513,全媒体广告策划与营销,2,399,254707
3237,昆山登云科技职业学院,514,酒店管理与数字化运营,2,386,261146
3248,南京科技职业学院,501,环境监测技术,6,474,200560
3248,南京科技职业学院,502,应急救援技术,6,466,207981
3248,南京科技职业学院,503,热能动力工程技术,2,485,189345
3248,南京科技职业学院,507,软件技术,5,485,189164
3249,南京机电职业技术学院,506,数控技术,2,484,189832
3249,南京机电职业技术学院,509,智能制造装备技术,2,482,192629
3249,南京机电职业技术学院,510,电子信息工程技术,2,516,153394
3249,南京机电职业技术学院,512,智能产品开发与应用,4,477,197264
3249,南京机电职业技术学院,514,软件技术,2,485,188844
3249,南京机电职业技术学院,515,现代通信技术,3,472,201983
3249,南京机电职业技术学院,516,移动商务,6,466,208235
3249,南京机电职业技术学院,517,云计算技术应用,3,475,199358
3250,南京交通职业技术学院,502,道路与桥梁工程技术,8,484,190234
3250,南京交通职业技术学院,507,工程造价,4,482,192782
3250,南京交通职业技术学院,508,园林工程技术,5,471,203243
3252,南京理工大学泰州科技学院,10,土木工程,3,488,185563
3255,南京旅游职业学院,501,酒店管理与数字化运营,7,462,212190
3255,南京旅游职业学院,506,研学旅行管理与服务,4,466,208424
3255,南京旅游职业学院,507,智慧旅游技术应用,1,471,203301
3255,南京旅游职业学院,511,餐饮智能管理,2,474,200964
3255,南京旅游职业学院,512,空中乘务,4,465,208619
3255,南京旅游职业学院,513,旅游英语,3,472,202627
3255,南京旅游职业学院,517,大数据技术,3,484,190526
3262,南京视觉艺术职业学院,501,建筑设计,10,370,267702
3262,南京视觉艺术职业学院,502,建筑室内设计,10,390,259429
3262,南京视觉艺术职业学院,503,数字媒体技术,10,422,241708
3262,南京视觉艺术职业学院,504,婴幼儿托育服务与管理,10,362,270530
3262,南京视觉艺术职业学院,505,休闲服务与管理,10,371,267337
3262,南京视觉艺术职业学院,519,广播影视节目制作,5,372,266703
3262,南京视觉艺术职业学院,520,影视编导,5,397,255978
3262,南京视觉艺术职业学院,522,摄影摄像技术,5,403,252667
3262,南京视觉艺术职业学院,523,网络直播与运营,5,377,264927
3262,南京视觉艺术职业学院,524,全媒体广告策划与营销,5,374,266279
3269,南京信息职业技术学院,508,电信服务与管理,4,488,186496
3275,南京中医药大学,5,护理学,1,565,93150
3277,南通大学杏林学院,5,海洋技术,4,498,175156
3278,南通科技职业学院,501,风景园林设计,10,440,229444
3278,南通科技职业学院,502,药品生物技术,7,451,220787
3278,南通科技职业学院,503,食品检验检测技术,6,451,221127
3278,南通科技职业学院,504,电梯工程技术,6,458,215484
3278,南通科技职业学院,505,新能源汽车技术,7,454,218774
3278,南通科技职业学院,506,计算机应用技术,6,464,209770
3278,南通科技职业学院,507,大数据与会计,6,461,212359
3278,南通科技职业学院,508,电子商务,6,448,223229
3279,南通职业大学,501,工程造价,4,470,204586
3279,南通职业大学,505,服装设计与工艺,2,486,188428
3279,南通职业大学,507,计算机应用技术,2,486,188402
3279,南通职业大学,508,软件技术,1,494,178936
3279,南通职业大学,510,人工智能技术应用,2,485,189524
3279,南通职业大学,513,电子商务,2,489,185084
3279,南通职业大学,514,现代物流管理,3,473,201544
3280,三江学院,21,智能建造与智慧交通,2,488,185686
3284,苏州百年职业学院,501,建筑设计(中外合作办学),25,328,279523
3284,苏州百年职业学院,502,风景园林设计(中外合作办学),25,327,279725
3284,苏州百年职业学院,503,建筑室内设计(中外合作办学),30,332,278724
3284,苏州百年职业学院,504,机电一体化技术(中外合作办学),35,346,275285
3284,苏州百年职业学院,505,智能控制技术(中外合作办学),35,326,280002
3284,苏州百年职业学院,506,软件技术(中外合作办学),30,324,280338
3284,苏州百年职业学院,507,大数据技术(中外合作办学),30,327,279867
3284,苏州百年职业学院,508,云计算技术应用(中外合作办学),25,322,280778
3284,苏州百年职业学院,509,信息安全技术应用(中外合作办学),25,322,280735
3284,苏州百年职业学院,510,人工智能技术应用(中外合作办学),25,331,278976
3284,苏州百年职业学院,511,工业互联网技术(中外合作办学),25,324,280297
3284,苏州百年职业学院,512,动漫制作技术(中外合作办学),30,337,277560
3284,苏州百年职业学院,513,国际金融(中外合作办学),25,321,280997
3284,苏州百年职业学院,514,大数据与会计(中外合作办学),30,335,277945
3284,苏州百年职业学院,515,国际经济与贸易(中外合作办学),25,330,279191
3284,苏州百年职业学院,516,工商企业管理(中外合作办学),25,325,280144
3284,苏州百年职业学院,517,市场营销(中外合作办学),25,332,278712
3284,苏州百年职业学院,518,电子商务(中外合作办学),25,344,275725
3284,苏州百年职业学院,521,商务英语(中外合作办学),25,338,277334
3285,苏州高博职业学院,501,软件技术,20,376,265339
3285,苏州高博职业学院,502,城市轨道交通运营管理,30,387,260597
3285,苏州高博职业学院,503,无人机应用技术,30,372,266717
3285,苏州高博职业学院,504,新能源汽车技术,10,376,265166
3285,苏州高博职业学院,505,建筑室内设计,40,362,270353
3285,苏州高博职业学院,506,电子商务,20,373,266589
3285,苏州高博职业学院,507,空中乘务,10,359,271370
3285,苏州高博职业学院,508,大数据与会计,40,378,264583
3285,苏州高博职业学院,509,护理,48,375,265871
3285,苏州高博职业学院,510,药学,30,374,266195
3285,苏州高博职业学院,511,休闲体育,30,354,273056
3286,苏州工业园区职业技术学院,501,机械设计与制造,3,440,229340
3286,苏州工业园区职业技术学院,502,数控技术,3,452,220560
3286,苏州工业园区职业技术学院,503,模具设计与制造,3,448,223721
3286,苏州工业园区职业技术学院,504,机电一体化技术,4,459,214725
3286,苏州工业园区职业技术学院,505,智能机电技术,4,438,230986
3286,苏州工业园区职业技术学院,506,工业机器人技术,4,445,225584
3286,苏州工业园区职业技术学院,507,汽车检测与维修技术,3,421,242198
3286,苏州工业园区职业技术学院,508,智能网联汽车技术,3,434,233601
3286,苏州工业园区职业技术学院,509,电气自动化技术,4,449,222557
3286,苏州工业园区职业技术学院,510,药品生物技术,4,449,222737
3286,苏州工业园区职业技术学院,511,城市轨道交通通信信号技术,3,448,223802
3286,苏州工业园区职业技术学院,512,电子信息工程技术,3,441,229282
3286,苏州工业园区职业技术学院,513,物联网应用技术,3,434,234080
3286,苏州工业园区职业技术学院,514,计算机网络技术,4,441,228677
3286,苏州工业园区职业技术学院,515,软件技术,3,431,235797
3286,苏州工业园区职业技术学院,516,人工智能技术应用,3,426,239136
3286,苏州工业园区职业技术学院,517,集成电路技术,3,430,236453
3286,苏州工业园区职业技术学院,518,微电子技术,3,427,238674
3286,苏州工业园区职业技术学院,519,金融科技应用,3,421,242443
3286,苏州工业园区职业技术学院,520,大数据与会计,4,454,218592
3286,苏州工业园区职业技术学院,521,国际经济与贸易,4,445,226250
3286,苏州工业园区职业技术学院,522,市场营销,3,435,233119
3286,苏州工业园区职业技术学院,523,现代物流管理,4,433,234823
3286,苏州工业园区职业技术学院,524,旅游管理,3,407,250355
3286,苏州工业园区职业技术学院,525,建筑装饰工程技术,3,423,241002
3286,苏州工业园区职业技术学院,526,建筑工程技术,3,418,244642
3286,苏州工业园区职业技术学院,527,工程造价,3,414,246517
3286,苏州工业园区职业技术学院,528,风景园林设计,3,414,246905
3286,苏州工业园区职业技术学院,529,商务英语,3,435,233473
3286,苏州工业园区职业技术学院,530,应用日语,3,426,239642
3289,苏州农业职业技术学院,501,茶叶生产与加工技术,2,461,212622
3289,苏州农业职业技术学院,503,环境工程技术,4,461,212465
3292,苏州职业技术大学,501,无人机应用技术,1,487,186586
3292,苏州职业技术大学,502,智能网联汽车技术,5,477,197183
3292,苏州职业技术大学,503,电子信息工程技术,2,486,188686
3292,苏州职业技术大学,515,学前教育(中外合作办学)(师范),3,479,195087
3293,无锡城市职业技术学院,501,电子商务,5,455,218000
3293,无锡城市职业技术学院,502,邮政快递运营管理,2,460,213619
3293,无锡城市职业技术学院,503,邮政快递智能技术,2,457,216026
3293,无锡城市职业技术学院,504,大数据与会计,4,480,194560
3293,无锡城市职业技术学院,505,会计信息管理,7,471,203141
3293,无锡城市职业技术学院,506,空中乘务,2,463,211085
3293,无锡城市职业技术学院,507,旅游管理,2,457,216511
3293,无锡城市职业技术学院,508,酒店管理与数字化运营,2,451,221535
3293,无锡城市职业技术学院,509,研学旅行管理与服务,10,442,227923
3293,无锡城市职业技术学院,510,机电一体化技术,4,481,193743
3293,无锡城市职业技术学院,511,电气自动化技术,5,477,197125
3293,无锡城市职业技术学院,512,信息安全技术应用,5,472,202542
3293,无锡城市职业技术学院,513,工业互联网技术,2,458,215158
3293,无锡城市职业技术学院,514,人工智能技术应用,4,469,204940
3293,无锡城市职业技术学院,515,建筑工程技术,11,445,225828
3293,无锡城市职业技术学院,516,建筑装饰工程技术,2,450,221984
3295,无锡南洋职业技术学院,501,新能源汽车技术,8,403,252769
3295,无锡南洋职业技术学院,502,建筑装饰工程技术,8,361,270694
3295,无锡南洋职业技术学院,503,建筑消防技术,8,365,269511
3295,无锡南洋职业技术学院,504,云计算技术应用,8,374,265969
3295,无锡南洋职业技术学院,505,计算机应用技术,10,385,261490
3295,无锡南洋职业技术学院,506,软件技术,8,372,266781
3295,无锡南洋职业技术学院,507,信息安全技术应用,8,368,268355
3295,无锡南洋职业技术学院,508,智能控制技术,8,381,263015
3295,无锡南洋职业技术学院,509,电气自动化技术,8,411,248260
3295,无锡南洋职业技术学院,510,机电一体化技术,8,406,251319
3295,无锡南洋职业技术学院,511,人工智能技术应用,10,375,265596
3295,无锡南洋职业技术学院,512,大数据与会计,13,411,248349
3295,无锡南洋职业技术学院,513,金融服务与管理,13,379,263955
3295,无锡南洋职业技术学院,514,市场营销,13,363,270086
3295,无锡南洋职业技术学院,515,电子商务,13,376,265321
3295,无锡南洋职业技术学院,516,人力资源管理,13,363,270153
3295,无锡南洋职业技术学院,517,跨境电子商务,12,368,268328
3295,无锡南洋职业技术学院,518,高速铁路客运服务,12,398,255196
3295,无锡南洋职业技术学院,519,中西面点工艺,13,406,251251
3295,无锡南洋职业技术学院,520,婴幼儿托育服务与管理,13,359,271417
3295,无锡南洋职业技术学院,521,应用英语,13,363,270313
3295,无锡南洋职业技术学院,522,国际商务,40,326,279992
3295,无锡南洋职业技术学院,523,智慧健康养老服务与管理,40,357,272275
3296,无锡商业职业技术学院,501,国际经济与贸易,3,472,202849
3296,无锡商业职业技术学院,502,市场营销,5,455,217493
3296,无锡商业职业技术学院,503,电子商务,5,461,212897
3296,无锡商业职业技术学院,504,跨境电子商务,5,459,214344
3296,无锡商业职业技术学院,506,金融服务与管理,4,459,214207
3296,无锡商业职业技术学院,507,工程造价,5,440,229944
3296,无锡商业职业技术学院,508,应用电子技术,5,454,218994
3296,无锡商业职业技术学院,509,云计算技术应用,3,458,215471
3296,无锡商业职业技术学院,510,人工智能技术应用,4,462,211684
3296,无锡商业职业技术学院,511,工业机器人技术,5,464,209787
3296,无锡商业职业技术学院,512,机电一体化技术,4,470,204327
3296,无锡商业职业技术学院,513,新能源汽车技术,6,456,216564
3299,江苏建筑职业技术学院,501,给排水工程技术,2,467,206675
3299,江苏建筑职业技术学院,502,工业机器人技术,3,459,214548
3299,江苏建筑职业技术学院,503,新能源汽车技术,2,485,189732
3299,江苏建筑职业技术学院,504,计算机网络技术,1,465,208862
3299,江苏建筑职业技术学院,505,软件技术,3,466,208514
3308,扬州工业职业技术学院,501,应用化工技术,5,450,222142
3308,扬州工业职业技术学院,502,石油化工技术,3,466,208137
3308,扬州工业职业技术学院,503,复合材料智能制造技术,5,443,227321
3308,扬州工业职业技术学院,504,建筑消防技术,8,443,227501
3308,扬州工业职业技术学院,505,机电一体化技术,10,457,216282
3308,扬州工业职业技术学院,506,电气自动化技术,10,462,212084
3308,扬州工业职业技术学院,507,工业机器人技术,5,455,218078
3308,扬州工业职业技术学院,508,飞行器数字化制造技术,5,450,221835
3308,扬州工业职业技术学院,509,物联网应用技术,5,451,221563
3308,扬州工业职业技术学院,510,云计算技术应用,5,447,223987
3308,扬州工业职业技术学院,511,大数据与会计,9,453,219120
3308,扬州工业职业技术学院,512,大数据与财务管理,5,451,221067
3308,扬州工业职业技术学院,513,市场营销,5,442,228310
3308,扬州工业职业技术学院,514,金融科技应用,10,439,230723
3308,扬州工业职业技术学院,515,商务数据分析与应用,10,444,227032
3308,扬州工业职业技术学院,516,汽车检测与维修技术,10,443,227516
3308,扬州工业职业技术学院,517,新能源汽车技术,5,450,221673
3308,扬州工业职业技术学院,518,电子商务,7,443,227451
3308,扬州工业职业技术学院,519,网络营销与直播电商,5,445,225881
3308,扬州工业职业技术学院,520,体育保健与康复,10,438,231267
3310,扬州职业技术大学,503,建筑工程技术,1,488,186064
3310,扬州职业技术大学,504,工程造价,1,482,192859
3310,扬州职业技术大学,506,现代通信技术,1,488,186350
3310,扬州职业技术大学,507,电子信息工程技术,1,490,183784
3310,扬州职业技术大学,508,智能光电技术应用,2,489,185208
3310,扬州职业技术大学,512,商务日语,2,480,193970
3313,正德职业技术学院,501,电气自动化技术,10,421,242311
3313,正德职业技术学院,502,电子信息工程技术,10,407,250834
3313,正德职业技术学院,503,大数据与会计,10,409,249772
3313,正德职业技术学院,504,融媒体技术与运营,10,390,259421
3317,钟山职业技术学院,501,药学,1,468,206516
3317,钟山职业技术学院,502,中医康复技术,2,472,202577
3317,钟山职业技术学院,503,体育保健与康复,1,427,238811
3317,钟山职业技术学院,504,智慧健康养老服务与管理,2,429,237359
3317,钟山职业技术学院,505,政府采购管理,5,394,257470
3317,钟山职业技术学院,506,大数据与会计,20,399,254750
3317,钟山职业技术学院,507,大数据与审计,5,403,252974
3317,钟山职业技术学院,508,市场营销,20,372,267069
3317,钟山职业技术学院,509,电子商务,25,380,263496
3317,钟山职业技术学院,510,旅游管理,5,396,256604
3317,钟山职业技术学院,511,融媒体技术与运营,5,389,259544
3317,钟山职业技术学院,512,工程造价,5,408,249854
3317,钟山职业技术学院,513,大数据技术,11,404,252329
3318,南通理工学院,3,智能装备与系统,3,489,184403
3318,南通理工学院,5,土木工程,3,483,191354
3320,太湖创意职业技术学院,501,大数据与会计,2,406,251167
3320,太湖创意职业技术学院,502,商务英语,2,404,252483
3321,无锡工艺职业技术学院,505,眼视光技术,7,485,189555
3322,苏州工业园区服务外包职业学院,501,大数据与会计,20,464,209509
3322,苏州工业园区服务外包职业学院,502,软件技术,20,451,221115
3324,宿迁泽达职业技术学院,501,机电一体化技术,10,408,249812
3324,宿迁泽达职业技术学院,502,工业机器人技术,8,371,267131
3324,宿迁泽达职业技术学院,503,无人机应用技术,10,368,268237
3324,宿迁泽达职业技术学院,504,汽车检测与维修技术,8,362,270395
3324,宿迁泽达职业技术学院,505,计算机应用技术,8,365,269344
3324,宿迁泽达职业技术学院,507,建筑装饰工程技术,2,372,267041
3324,宿迁泽达职业技术学院,508,建筑工程技术,2,369,268054
3324,宿迁泽达职业技术学院,509,动漫制作技术,2,369,267962
3324,宿迁泽达职业技术学院,510,物联网应用技术,2,388,260151
3324,宿迁泽达职业技术学院,511,软件技术,2,359,271351
3324,宿迁泽达职业技术学院,512,工业互联网技术,3,358,271951
3324,宿迁泽达职业技术学院,513,智能制造装备技术,2,383,262367
3324,宿迁泽达职业技术学院,514,智能控制技术,2,398,255320
3324,宿迁泽达职业技术学院,515,新能源汽车检测与维修技术,5,364,269672
3324,宿迁泽达职业技术学院,516,大数据与财务管理,2,387,260730
3324,宿迁泽达职业技术学院,517,大数据与会计,5,384,261747
3324,宿迁泽达职业技术学院,518,电子商务,4,384,262126
3324,宿迁泽达职业技术学院,519,社区康复,1,404,252276
3324,宿迁泽达职业技术学院,520,高速铁路客运服务,2,383,262337
3324,宿迁泽达职业技术学院,521,空中乘务,2,357,272042
3324,宿迁泽达职业技术学院,522,婴幼儿托育服务与管理,2,361,270892
3324,宿迁泽达职业技术学院,523,酒店管理与数字化运营,1,369,268055
3336,常州工程职业技术学院,501,大数据与会计,4,486,188377
3336,常州工程职业技术学院,502,商务数据分析与应用,10,448,223357
3336,常州工程职业技术学院,503,数字媒体技术,4,486,188634
3336,常州工程职业技术学院,504,物联网应用技术,10,454,218502
3336,常州工程职业技术学院,505,软件技术,8,461,212247
3336,常州工程职业技术学院,506,机械制造及自动化,5,465,208819
3336,常州工程职业技术学院,507,应用化工技术,9,450,222164
3336,常州工程职业技术学院,508,药品生产技术,10,460,213716
3336,常州工程职业技术学院,509,光伏材料制备技术,9,452,220200
3336,常州工程职业技术学院,510,高分子材料智能制造技术,10,450,222114
3337,徐州生物工程职业技术学院,502,中医康复技术,1,487,187191
3337,徐州生物工程职业技术学院,503,康复治疗技术,3,487,187583
3337,徐州生物工程职业技术学院,504,口腔卫生保健,3,481,192995
3337,徐州生物工程职业技术学院,505,生物制药技术,1,471,203704
3337,徐州生物工程职业技术学院,506,药品质量与安全,4,467,206734
3337,徐州生物工程职业技术学院,507,园林技术,5,448,223601
3337,徐州生物工程职业技术学院,510,康复工程技术,2,468,205901
3337,徐州生物工程职业技术学院,511,康复辅助器具技术,3,468,206533
3337,徐州生物工程职业技术学院,512,环境监测技术,2,450,222369
3337,徐州生物工程职业技术学院,513,环境工程技术,3,444,227003
3337,徐州生物工程职业技术学院,514,计算机应用技术,2,458,214936
3337,徐州生物工程职业技术学院,515,电子商务,3,446,225273
3338,扬州中瑞酒店职业学院,501,酒店管理与数字化运营,120,312,282590
3338,扬州中瑞酒店职业学院,502,西式烹饪工艺,60,323,280472
3338,扬州中瑞酒店职业学院,503,餐饮智能管理,70,311,282739
3338,扬州中瑞酒店职业学院,504,烹饪工艺与营养,55,312,282573
3338,扬州中瑞酒店职业学院,505,中西面点工艺,55,320,281136
3338,扬州中瑞酒店职业学院,506,空中乘务,10,331,278806
3338,扬州中瑞酒店职业学院,507,高速铁路客运服务,10,363,270115
3338,扬州中瑞酒店职业学院,508,大数据与会计,10,360,271248
3338,扬州中瑞酒店职业学院,509,大数据与财务管理,5,357,271967
3338,扬州中瑞酒店职业学院,510,电子商务,5,356,272437
3338,扬州中瑞酒店职业学院,511,人力资源管理,5,348,274888
3338,扬州中瑞酒店职业学院,512,市场营销,5,353,273211
3338,扬州中瑞酒店职业学院,513,计算机网络技术,10,347,275108
3338,扬州中瑞酒店职业学院,514,软件技术,5,354,272993
3338,扬州中瑞酒店职业学院,515,无人机应用技术,6,357,272101
3338,扬州中瑞酒店职业学院,516,休闲体育,5,351,274025
3338,扬州中瑞酒店职业学院,517,现代家政服务与管理,10,317,281618
3338,扬州中瑞酒店职业学院,518,婴幼儿托育服务与管理,12,334,278224
3338,扬州中瑞酒店职业学院,519,建筑工程技术,5,346,275375
3338,扬州中瑞酒店职业学院,520,建设工程管理,5,343,276075
3338,扬州中瑞酒店职业学院,521,工程造价,5,336,277713
3338,扬州中瑞酒店职业学院,522,现代物业管理,5,351,273961
3338,扬州中瑞酒店职业学院,523,房地产经营与管理,2,340,276874
3339,江苏航空职业技术学院,502,航空复合材料成型与加工技术,1,487,186722
3339,江苏航空职业技术学院,505,飞行器数字化制造技术,1,482,192702
3339,江苏航空职业技术学院,506,飞行器数字化装配技术,1,488,185554
3339,江苏航空职业技术学院,512,航空材料精密成型技术,2,479,195536
3339,江苏航空职业技术学院,514,民航通信技术,1,483,191890
3339,江苏航空职业技术学院,522,飞机结构修理,1,482,192322
3340,九州职业技术学院,501,机电一体化技术,2,434,233737
3340,九州职业技术学院,502,机械制造及自动化,1,434,234237
3340,九州职业技术学院,503,电气自动化技术,2,440,229566
3340,九州职业技术学院,504,计算机应用技术,2,408,250142
3340,九州职业技术学院,505,计算机网络技术,1,429,237630
3340,九州职业技术学院,506,汽车检测与维修技术,1,427,239002
3340,九州职业技术学院,507,新能源汽车技术,1,427,238906
3340,九州职业技术学院,508,护理,30,372,267078
3340,九州职业技术学院,509,康复治疗技术,5,419,243583
3340,九州职业技术学院,510,智慧健康养老服务与管理,5,371,267260
3340,九州职业技术学院,511,建筑工程技术,7,371,267175
3340,九州职业技术学院,512,工程造价,6,379,263999
3340,九州职业技术学院,513,道路与桥梁工程技术,5,371,267142
3340,九州职业技术学院,514,建筑装饰工程技术,5,359,271354
3340,九州职业技术学院,515,城市轨道交通工程技术,5,409,249460
3340,九州职业技术学院,516,建筑消防技术,5,364,269841
3340,九州职业技术学院,517,电子商务,4,380,263784
3340,九州职业技术学院,518,市场营销,2,372,266836
3340,九州职业技术学院,519,大数据与会计,2,399,254887
3340,九州职业技术学院,520,金融服务与管理,2,369,268000
3340,九州职业技术学院,521,大数据与财务管理,2,374,266246
3340,九州职业技术学院,522,酒店管理与数字化运营,5,365,269492
3340,九州职业技术学院,523,婴幼儿托育服务与管理,5,360,271063
3340,九州职业技术学院,524,旅游管理,4,359,271585
3340,九州职业技术学院,525,空中乘务,10,349,274506
3340,九州职业技术学院,526,高速铁路客运服务,5,401,253749
3340,九州职业技术学院,527,民航安全技术管理,5,367,268709
3340,九州职业技术学院,528,飞机机电设备维修,5,395,256686
3340,九州职业技术学院,529,通用航空器维修,5,365,269331
3340,九州职业技术学院,530,现代物流管理,5,369,268092
3340,九州职业技术学院,531,智能制造装备技术,1,409,249269
3340,九州职业技术学院,532,网络营销与直播电商,2,382,262702
3341,江苏航运职业技术学院,501,港口与航道工程技术,5,461,213057
3341,江苏航运职业技术学院,502,城市轨道交通运营管理,3,487,187432
3341,江苏航运职业技术学院,503,港口机械与智能控制,5,451,221268
3341,江苏航运职业技术学院,504,智能网联汽车技术,5,453,219874
3341,江苏航运职业技术学院,505,城市轨道交通通信信号技术,4,482,192491
3341,江苏航运职业技术学院,506,飞机机电设备维修,3,472,202086
3342,炎黄职业技术学院,501,机电一体化技术,5,370,267675
3342,炎黄职业技术学院,502,汽车制造与试验技术,5,356,272460
3342,炎黄职业技术学院,503,婴幼儿托育服务与管理,5,341,276586
3342,炎黄职业技术学院,504,电子商务,5,365,269495
3342,炎黄职业技术学院,505,旅游管理,6,355,272609
3343,宿迁职业技术学院,501,大数据技术,2,419,243783
3343,宿迁职业技术学院,502,云计算技术应用,2,421,242702
3343,宿迁职业技术学院,503,人工智能技术应用,1,437,231632
3345,连云港职业技术学院,501,机电一体化技术,5,457,215663
3345,连云港职业技术学院,502,电气自动化技术,5,459,214533
3345,连云港职业技术学院,503,石油化工技术,5,444,226333
3345,连云港职业技术学院,504,药品经营与管理,3,454,218769
3345,连云港职业技术学院,505,旅游管理,5,446,224878
3345,连云港职业技术学院,506,大数据与会计,5,459,214388
3346,江苏电子信息职业学院,501,电子信息工程技术,5,457,216387
3346,江苏电子信息职业学院,502,人工智能技术应用,5,455,217851
3346,江苏电子信息职业学院,503,财税大数据应用,5,450,222115
3347,苏州信息职业技术学院,501,机电一体化技术,14,459,214120
3347,苏州信息职业技术学院,502,大数据与审计,15,455,217694
3347,苏州信息职业技术学院,503,跨境电子商务,10,457,215858
3347,苏州信息职业技术学院,504,计算机网络技术,15,455,217661
3349,江苏安全技术职业学院,501,云计算技术应用,1,456,216875
3349,江苏安全技术职业学院,502,机电一体化技术,2,472,201964
3349,江苏安全技术职业学院,503,机械制造及自动化,1,468,205737
3349,江苏安全技术职业学院,504,数控技术,1,462,211982
3350,江苏卫生健康职业学院,501,临床医学,16,466,207783
3350,江苏卫生健康职业学院,507,预防医学,6,459,214441
3351,南京城市职业学院,504,传播与策划,3,482,192628
3351,南京城市职业学院,506,跨境电子商务,4,481,193423
3351,南京城市职业学院,507,网络营销与直播电商,5,468,206147
3351,南京城市职业学院,508,商务数据分析与应用,4,469,204863
3351,南京城市职业学院,509,现代物流管理,5,478,196727
3351,南京城市职业学院,511,健康管理,5,478,196166
3351,南京城市职业学院,512,计算机应用技术,6,480,194436
3351,南京城市职业学院,513,计算机网络技术,2,489,185303
3351,南京城市职业学院,514,新能源汽车技术,2,487,186856
3351,南京城市职业学院,515,智能网联汽车技术,2,483,191699
3351,南京城市职业学院,516,软件技术,11,476,198218
3352,江苏旅游职业学院,501,建筑室内设计,5,447,224501
3352,江苏旅游职业学院,502,高速铁路客运服务,1,496,177153
3352,江苏旅游职业学院,503,电子信息工程技术,3,450,221768
3352,江苏旅游职业学院,504,物联网应用技术,3,446,224823
3352,江苏旅游职业学院,505,软件技术,3,449,222596
3352,江苏旅游职业学院,506,数字媒体技术,5,458,215566
3352,江苏旅游职业学院,507,云计算技术应用,3,445,225608
3352,江苏旅游职业学院,508,大数据与会计,3,460,213884
3352,江苏旅游职业学院,509,连锁经营与管理,2,443,227515
3352,江苏旅游职业学院,510,现代物流管理,5,444,226890
3352,江苏旅游职业学院,511,旅游管理,5,444,226885
3352,江苏旅游职业学院,512,导游,4,445,225957
3352,江苏旅游职业学院,513,酒店管理与数字化运营,6,442,227902
3352,江苏旅游职业学院,514,烹饪工艺与营养,3,456,216727
3352,江苏旅游职业学院,515,中西面点工艺,4,460,213373
3352,江苏旅游职业学院,516,西式烹饪工艺,4,459,214789
3352,江苏旅游职业学院,519,商务英语,6,442,228436
3353,连云港师范学院,502,电子商务,1,486,188304
3353,连云港师范学院,503,酒店管理与数字化运营,7,470,204227
3354,明达职业技术学院,501,建筑工程技术,4,353,273373
3354,明达职业技术学院,502,智能建造技术,4,359,271414
3354,明达职业技术学院,503,机电一体化技术,4,381,263291
3354,明达职业技术学院,504,电气自动化技术,4,396,256425
3354,明达职业技术学院,505,无人机应用技术,4,365,269367
3354,明达职业技术学院,506,高速铁路客运服务,4,376,265187
3354,明达职业技术学院,507,汽车技术服务与营销,4,346,275331
3354,明达职业技术学院,508,应用电子技术,4,361,270743
3354,明达职业技术学院,509,汽车智能技术,4,362,270461
3354,明达职业技术学院,510,计算机网络技术,4,359,271353
3354,明达职业技术学院,511,软件技术,4,355,272571
3354,明达职业技术学院,512,数字媒体技术,4,366,269265
3354,明达职业技术学院,513,人工智能技术应用,4,365,269335
3354,明达职业技术学院,514,婴幼儿托育服务与管理,4,346,275215
3354,明达职业技术学院,515,财税大数据应用,4,352,273502
3354,明达职业技术学院,516,大数据与会计,4,367,268926
3354,明达职业技术学院,517,市场营销,4,355,272733
3354,明达职业技术学院,518,网络营销与直播电商,4,361,270920
3354,明达职业技术学院,519,现代物流管理,4,358,271728
3354,明达职业技术学院,520,旅游管理,4,357,272049
3355,苏州工业职业技术学院,501,数控技术,3,479,195475
3355,苏州工业职业技术学院,502,物联网应用技术,2,476,198325
3355,苏州工业职业技术学院,503,集成电路技术,2,469,205419
3355,苏州工业职业技术学院,504,大数据技术,3,474,199984
3355,苏州工业职业技术学院,505,智能建造技术,2,476,198257
3356,徐州幼儿师范高等专科学校,501,小学英语教育(中外合作办学)(师范),30,397,256055
3357,江苏医药职业学院,501,临床医学,2,484,189793
3359,徐州工业职业技术学院,501,高分子材料智能制造技术,5,444,226384
3359,徐州工业职业技术学院,502,电气自动化技术,5,461,212239
3359,徐州工业职业技术学院,503,生物制药技术,5,451,220818
3359,徐州工业职业技术学院,504,电子商务,5,446,225399
3359,徐州工业职业技术学院,505,无人机应用技术,5,459,214108
3359,徐州工业职业技术学院,506,人工智能技术应用,5,450,222108
3361,南通师范高等专科学校,504,早期教育(师范),5,439,230665
3361,南通师范高等专科学校,505,学前教育(师范),3,481,193162
3362,盐城幼儿师范高等专科学校,501,学前教育(师范),1,474,200670
3362,盐城幼儿师范高等专科学校,502,现代家政服务与管理,3,441,229163
3362,盐城幼儿师范高等专科学校,506,智能产品开发与应用,1,438,230919
3362,盐城幼儿师范高等专科学校,507,智慧旅游技术应用,1,443,227485
3362,盐城幼儿师范高等专科学校,508,现代文秘,2,440,229895
3362,盐城幼儿师范高等专科学校,509,跨境电子商务,3,441,228648
3363,无锡师范高等专科学校,501,跨境电子商务,10,434,234054
3402,蚌埠工商学院,1,经济统计学,1,513,157105
3403,安徽财贸职业学院,501,旅游管理,20,431,236097
3403,安徽财贸职业学院,502,食品检验检测技术,10,432,234976
3403,安徽财贸职业学院,503,婴幼儿托育服务与管理(中外合作办学),20,363,270174
3405,安徽电气工程职业技术学院,501,分布式发电与智能微电网技术,4,462,212072
3405,安徽电气工程职业技术学院,502,输配电工程技术,5,465,208657
3406,安徽工程大学,17,环境工程,1,535,130633
3409,安徽工商职业学院,501,工程造价,6,443,227293
3409,安徽工商职业学院,502,人工智能技术应用,10,447,224027
3409,安徽工商职业学院,503,动漫制作技术,3,471,203239
3409,安徽工商职业学院,504,大数据与财务管理,2,456,216824
3409,安徽工商职业学院,505,大数据与会计,12,450,221864
3409,安徽工商职业学院,506,市场营销,6,438,231208
3409,安徽工商职业学院,507,电子商务,11,440,229377
3409,安徽工商职业学院,508,网络营销与直播电商,2,439,230585
3409,安徽工商职业学院,509,现代物流管理,8,445,225826
3412,安徽工业经济职业技术学院,501,城市轨道交通运营管理,8,462,211937
3412,安徽工业经济职业技术学院,502,计算机网络技术,6,444,226678
3412,安徽工业经济职业技术学院,503,电子商务,8,437,231469
3412,安徽工业经济职业技术学院,504,学前教育(师范),8,446,225313
3414,安徽国际商务职业学院,501,国际商务,5,437,232067
3414,安徽国际商务职业学院,502,市场营销,4,436,232659
3414,安徽国际商务职业学院,503,商务英语,5,442,228396
3414,安徽国际商务职业学院,504,计算机应用技术,6,443,227473
3414,安徽国际商务职业学院,505,大数据与会计,6,447,224143
3414,安徽国际商务职业学院,506,旅游管理,10,432,235468
3414,安徽国际商务职业学院,507,酒店管理与数字化运营,3,437,232109
3414,安徽国际商务职业学院,508,电子商务,4,437,232118
3414,安徽国际商务职业学院,509,移动商务,2,433,234904
3417,合肥城市学院,3,汽车服务工程,2,489,184544
3417,合肥城市学院,7,智能建造,1,488,186190
3423,安徽商贸职业技术学院,501,大数据与财务管理,5,459,214545
3423,安徽商贸职业技术学院,502,大数据与审计,5,458,215515
3423,安徽商贸职业技术学院,503,市场营销,5,441,229261
3423,安徽商贸职业技术学院,504,电子商务,5,457,216289
3423,安徽商贸职业技术学院,505,现代物流管理,5,443,227149
3423,安徽商贸职业技术学院,506,网络新闻与传播,10,442,227938
3423,安徽商贸职业技术学院,507,全媒体广告策划与营销,5,451,221113
3424,安徽审计职业学院,501,大数据与审计,10,450,222158
3424,安徽审计职业学院,502,大数据与会计,9,458,215406
3424,安徽审计职业学院,503,大数据与财务管理,10,448,223895
3424,安徽审计职业学院,504,中小企业创业与经营,15,431,235789
3424,安徽审计职业学院,505,工程造价,15,433,234701
3424,安徽审计职业学院,506,电子商务,10,435,233387
3424,安徽审计职业学院,507,现代物流管理,10,434,233817
3424,安徽审计职业学院,508,大数据与财务管理(中外合作办学),70,420,243381
3431,安徽第二医学院,501,临床医学,24,469,204961
3431,安徽第二医学院,504,口腔医学,4,495,178307
3431,安徽第二医学院,505,口腔医学技术,1,526,142209
3431,安徽第二医学院,511,卫生检验与检疫技术,1,488,186199
3432,安徽职业技术大学,503,纺织品检验与贸易,2,467,207150
3435,安徽中医药高等专科学校,502,中医骨伤,1,549,113403
3435,安徽中医药高等专科学校,503,健康管理(中医健康管理方向),6,484,190698
3435,安徽中医药高等专科学校,506,药物制剂技术,6,477,197929
3435,安徽中医药高等专科学校,507,药品质量与安全,3,486,188031
3435,安徽中医药高等专科学校,508,中药制药,7,487,187384
3435,安徽中医药高等专科学校,512,中医康复技术,1,514,156338
3435,安徽中医药高等专科学校,514,智慧健康养老服务与管理,9,472,202822
3435,安徽中医药高等专科学校,515,老年保健与管理,3,465,209249
3435,安徽中医药高等专科学校,519,预防医学,2,487,187121
3436,安庆师范大学,2,信息与计算科学(中外合作办学),1,574,82314
3440,合肥职业技术学院,501,大数据与会计,14,467,207132
3440,合肥职业技术学院,502,药学,13,476,198855
3440,合肥职业技术学院,504,工程造价,15,437,231748
3440,合肥职业技术学院,505,康复治疗技术,15,467,207021
3444,阜阳理工学院,1,新能源汽车工程,8,499,174024
3447,皖江工学院,2,港口航道与海岸工程,2,495,178190
3449,淮北职业技术学院,502,护理,1,541,123241
3450,淮南联合大学,501,机电一体化技术,8,460,213333
3450,淮南联合大学,502,新能源汽车技术,1,476,198555
3450,淮南联合大学,503,药学,2,488,186329
3450,淮南联合大学,504,食品质量与安全,4,465,209343
3450,淮南联合大学,505,智慧健康养老服务与管理,5,454,219055
3450,淮南联合大学,506,医学美容技术,3,485,189718
3450,淮南联合大学,508,口腔卫生保健,4,487,186609
3450,淮南联合大学,510,人工智能技术应用,2,449,222545
3450,淮南联合大学,511,计算机应用技术,6,456,216729
3450,淮南联合大学,512,动漫制作技术,5,463,211227
3450,淮南联合大学,513,建筑室内设计,4,452,220548
3450,淮南联合大学,514,工程造价,5,428,237995
3450,淮南联合大学,515,大数据与会计,7,478,196628
3450,淮南联合大学,516,电子商务,4,446,225400
3450,淮南联合大学,518,学前教育(师范),4,454,219098
3452,民办万博科技职业学院,501,学前教育,5,412,247889
3452,民办万博科技职业学院,503,计算机应用技术,5,417,244765
3454,芜湖职业技术大学,501,智能物流技术,3,489,184460
3454,芜湖职业技术大学,502,智能焊接技术,1,488,185675
3460,滁州职业技术学院,501,工业机器人技术,5,446,224938
3460,滁州职业技术学院,502,应用化工技术,10,438,231042
3460,滁州职业技术学院,503,计算机应用技术,5,444,226534
3461,黄山职业技术学院,501,临床医学,3,488,186001
3461,黄山职业技术学院,502,护理,47,467,207457
3461,黄山职业技术学院,503,药学,20,462,211524
3461,黄山职业技术学院,504,电子商务,10,434,234055
3461,黄山职业技术学院,505,学前教育(师范),10,432,235111
3474,安徽交通职业技术学院,501,城市轨道交通机电技术,10,463,210715
3474,安徽交通职业技术学院,502,城市轨道交通通信信号技术,10,466,208381
3474,安徽交通职业技术学院,503,城市轨道交通运营管理,5,484,190460
3474,安徽交通职业技术学院,504,电子商务,20,436,232475
3474,安徽交通职业技术学院,505,计算机应用技术(中外合作办学),50,424,240397
3474,安徽交通职业技术学院,506,数字媒体技术(中外合作办学),50,428,237840
3475,合肥幼儿师范高等专科学校,501,学前教育(师范),2,473,201656
3475,合肥幼儿师范高等专科学校,503,智慧健康养老服务与管理,2,467,207601
3475,合肥幼儿师范高等专科学校,504,大数据技术,2,444,226403
3475,合肥幼儿师范高等专科学校,505,人工智能技术应用,2,443,227151
3477,皖西卫生职业学院,501,护理,13,476,198249
3477,皖西卫生职业学院,502,临床医学,11,473,201473
3478,铜陵职业技术学院,501,机电一体化技术,1,459,214239
3478,铜陵职业技术学院,502,信息安全技术应用,1,426,239317
3478,铜陵职业技术学院,503,护理,1,507,164607
3478,铜陵职业技术学院,507,电子商务,1,442,227837
3478,铜陵职业技术学院,508,动漫设计,1,473,201790
3478,铜陵职业技术学院,509,学前教育(师范),1,466,208202
3479,合肥通用职业技术学院,501,安全技术与管理,2,438,231364
3479,合肥通用职业技术学院,502,光电显示技术,3,442,227872
3480,宣城职业技术学院,501,机电一体化技术,10,445,225927
3480,宣城职业技术学院,502,学前教育(师范),10,437,231921
3481,安徽新闻出版职业技术学院,501,新闻采编与制作,2,446,225005
3481,安徽新闻出版职业技术学院,502,摄影摄像技术,1,459,214293
3481,安徽新闻出版职业技术学院,503,数字出版,1,443,227410
3481,安徽新闻出版职业技术学院,504,影视编导,4,440,229425
3481,安徽新闻出版职业技术学院,505,影视动画,4,434,234194
3481,安徽新闻出版职业技术学院,506,融媒体技术与运营,1,447,224681
3481,安徽新闻出版职业技术学院,507,建筑室内设计,2,434,233822
3481,安徽新闻出版职业技术学院,508,数字媒体技术,2,444,226443
3481,安徽新闻出版职业技术学院,509,物联网应用技术,3,435,233357
3481,安徽新闻出版职业技术学院,510,信息安全技术应用,4,439,230581
3481,安徽新闻出版职业技术学院,511,智能控制技术,3,436,232326
3481,安徽新闻出版职业技术学院,512,印刷媒体技术,6,436,232318
3481,安徽新闻出版职业技术学院,513,旅游管理,3,434,233687
3481,安徽新闻出版职业技术学院,514,工程造价,2,435,232878
3481,安徽新闻出版职业技术学院,515,网络营销与直播电商,2,439,230375
3482,安徽粮食工程职业学院,501,食品智能加工技术,1,460,213561
3482,安徽粮食工程职业学院,502,食品质量与安全,2,455,217761
3482,安徽粮食工程职业学院,503,食品检验检测技术,1,467,207109
3483,安徽卫生健康职业学院,501,临床医学,13,477,197884
3483,安徽卫生健康职业学院,502,护理,6,487,186617
3483,安徽卫生健康职业学院,503,药学,5,474,200740
3484,蚌埠经济技术职业学院,501,机电一体化技术,4,433,234410
3484,蚌埠经济技术职业学院,502,高速铁路客运服务,2,435,233104
3484,蚌埠经济技术职业学院,503,计算机应用技术,4,424,240381
3484,蚌埠经济技术职业学院,504,护理,4,458,215350
3484,蚌埠经济技术职业学院,505,药学,4,452,220486
3484,蚌埠经济技术职业学院,506,医学生物技术,4,430,236592
3484,蚌埠经济技术职业学院,507,口腔医学技术,2,480,194215
3484,蚌埠经济技术职业学院,508,婴幼儿托育服务与管理,2,424,240648
3484,蚌埠经济技术职业学院,509,大数据与会计,4,427,238718
3485,黄山健康职业学院,501,护理,10,451,221499
3486,宿州航空职业学院,501,应急救援技术,5,349,274383
3486,宿州航空职业学院,502,无人机应用技术,5,373,266578
3486,宿州航空职业学院,503,空中乘务,5,360,271037
3486,宿州航空职业学院,504,机场运行服务与管理,5,358,271890
3486,宿州航空职业学院,505,飞机机电设备维修,5,382,262896
3486,宿州航空职业学院,506,电子信息工程技术,5,351,274051
3504,福建船政交通职业学院,501,新能源汽车技术,5,454,218415
3504,福建船政交通职业学院,502,机电一体化技术,3,464,209894
3504,福建船政交通职业学院,503,机械制造及自动化,2,458,214981
3504,福建船政交通职业学院,504,电气自动化技术,4,462,211995
3504,福建船政交通职业学院,505,建筑工程技术,2,442,228051
3504,福建船政交通职业学院,506,建设工程管理,2,448,223646
3504,福建船政交通职业学院,507,环境工程技术,7,441,228935
3504,福建船政交通职业学院,508,安全技术与管理,2,465,208928
3504,福建船政交通职业学院,509,计算机应用技术,3,461,212699
3504,福建船政交通职业学院,510,现代物流管理,2,449,222543
3504,福建船政交通职业学院,511,关务与外贸服务,3,455,217828
3513,福建水利电力职业技术学院,501,电力系统自动化技术,5,459,214139
3513,福建水利电力职业技术学院,502,建筑工程技术,3,431,235864
3513,福建水利电力职业技术学院,503,工程造价,5,438,230925
3513,福建水利电力职业技术学院,504,水利工程,5,447,224105
3513,福建水利电力职业技术学院,505,水利水电工程智能管理,5,446,225031
3513,福建水利电力职业技术学院,506,水电站设备安装与管理,3,440,229484
3513,福建水利电力职业技术学院,507,智能控制技术,5,440,229379
3513,福建水利电力职业技术学院,508,新能源汽车技术,5,442,228244
3513,福建水利电力职业技术学院,509,铁道供电技术,4,459,214465
3513,福建水利电力职业技术学院,510,城市轨道交通工程技术,4,456,217322
3513,福建水利电力职业技术学院,511,城市轨道车辆应用技术,5,451,221350
3513,福建水利电力职业技术学院,512,城市轨道交通机电技术,5,448,223358
3513,福建水利电力职业技术学院,513,城市轨道交通供配电技术,5,439,230192
3513,福建水利电力职业技术学院,514,移动互联应用技术,5,431,235877
3513,福建水利电力职业技术学院,515,软件技术,5,440,229510
3513,福建水利电力职业技术学院,516,大数据技术,5,438,231413
3513,福建水利电力职业技术学院,517,人工智能技术应用,5,444,226609
3514,福建信息职业技术学院,501,建筑工程技术,5,443,227624
3514,福建信息职业技术学院,502,模具设计与制造,7,452,220332
3514,福建信息职业技术学院,503,电气自动化技术,6,466,207669
3514,福建信息职业技术学院,504,电子信息工程技术,6,457,215659
3514,福建信息职业技术学院,505,物联网应用技术,6,443,227686
3514,福建信息职业技术学院,506,计算机网络技术,6,454,218517
3514,福建信息职业技术学院,507,数字媒体技术,3,467,206885
3514,福建信息职业技术学院,508,电子商务,6,447,224418
3514,福建信息职业技术学院,509,新闻采编与制作,4,461,212784
3518,阳光学院,4,电子信息工程,3,483,191091
3518,阳光学院,5,通信工程,4,481,193514
3518,阳光学院,6,人工智能,2,482,192073
3518,阳光学院,7,机器人工程,3,483,191097
3518,阳光学院,8,计算机科学与技术,1,486,188005
3518,阳光学院,9,软件工程,3,482,191903
3518,阳光学院,10,网络工程,3,482,192099
3518,阳光学院,11,物联网工程,4,480,194053
3518,阳光学院,13,土木工程,4,476,198010
3518,阳光学院,14,建筑电气与智能化,2,481,192988
3518,阳光学院,15,工程造价,2,481,193067
3518,阳光学院,22,电子商务(中外合作办学),20,466,207703
3519,福州大学至诚学院,8,化学工程与工艺,5,494,179152
3519,福州大学至诚学院,9,环境工程,1,489,184386
3519,福州大学至诚学院,17,土木工程,2,489,184529
3519,福州大学至诚学院,21,应用化学,2,500,173133
3521,福州外语外贸学院,15,数字经济,1,476,198868
3521,福州外语外贸学院,17,经济统计学,2,475,199287
3521,福州外语外贸学院,19,人工智能,3,479,195170
3521,福州外语外贸学院,20,数据科学与大数据技术,3,479,195341
3521,福州外语外贸学院,21,大数据管理与应用,5,477,197549
3521,福州外语外贸学院,22,电子商务,4,478,196737
3522,福州职业技术学院,501,工程造价,1,455,217504
3522,福州职业技术学院,502,机械制造及自动化,4,467,207105
3522,福州职业技术学院,503,机电设备技术,2,469,205133
3522,福州职业技术学院,504,工业机器人技术,1,464,209714
3522,福州职业技术学院,505,无人机应用技术,2,474,200628
3522,福州职业技术学院,506,工业互联网技术,1,454,218830
3522,福州职业技术学院,507,城市轨道车辆应用技术,1,485,189128
3522,福州职业技术学院,508,城市轨道交通运营管理,1,489,185128
3522,福州职业技术学院,509,飞机机电设备维修,2,465,209124
3522,福州职业技术学院,510,软件技术,3,473,201055
3522,福州职业技术学院,511,云计算技术应用,2,463,210913
3522,福州职业技术学院,512,智能互联网络技术,2,466,208273
3522,福州职业技术学院,514,会展策划与管理,2,458,215203
3522,福州职业技术学院,515,广告艺术设计,1,487,187311
3532,宁德职业技术学院,501,园林技术,4,442,227932
3532,宁德职业技术学院,502,建筑室内设计,2,448,223470
3532,宁德职业技术学院,503,机械制造及自动化,2,449,222495
3532,宁德职业技术学院,504,工业机器人技术,2,451,220990
3532,宁德职业技术学院,505,食品质量与安全,2,448,223447
3532,宁德职业技术学院,506,物联网应用技术,2,450,221730
3532,宁德职业技术学院,507,计算机应用技术,2,487,186757
3532,宁德职业技术学院,508,计算机网络技术,1,465,209079
3532,宁德职业技术学院,509,人工智能技术应用,5,434,233820
3532,宁德职业技术学院,510,婴幼儿托育服务与管理,5,403,252648
3532,宁德职业技术学院,511,大数据与会计,2,454,218706
3532,宁德职业技术学院,512,市场营销,2,439,230354
3532,宁德职业技术学院,513,电子商务,2,442,228341
3532,宁德职业技术学院,514,现代物流管理,2,438,230845
3532,宁德职业技术学院,515,学前教育(师范),2,477,197979
3534,泉州华光职业学院,502,人物形象设计,8,368,268438
3534,泉州华光职业学院,503,影视编导,4,353,273462
3534,泉州华光职业学院,504,表演艺术,14,312,282585
3534,泉州华光职业学院,505,钢琴调律,24,333,278380
3534,泉州华光职业学院,506,应急救援技术,4,351,274038
3534,泉州华光职业学院,507,虚拟现实技术应用,5,360,271274
3534,泉州华光职业学院,509,视觉传达设计,2,392,258453
3534,泉州华光职业学院,510,产品艺术设计,5,372,266727
3534,泉州华光职业学院,511,信息安全技术应用,4,387,260692
3534,泉州华光职业学院,512,服装与服饰设计,7,372,266962
3534,泉州华光职业学院,513,电子竞技运动与管理,5,351,273943
3534,泉州华光职业学院,514,大数据技术,5,392,258533
3534,泉州华光职业学院,515,大数据与会计,3,409,249500
3534,泉州华光职业学院,516,智能物流技术,5,369,267947
3534,泉州华光职业学院,517,无人机应用技术,7,369,268155
3535,泉州经贸职业技术学院,501,大数据与会计,10,444,226423
3535,泉州经贸职业技术学院,502,市场营销,7,434,233938
3535,泉州经贸职业技术学院,503,跨境电子商务,7,438,231186
3535,泉州经贸职业技术学院,504,商务数据分析与应用,10,434,233977
3535,泉州经贸职业技术学院,505,金融服务与管理,4,439,230466
3535,泉州经贸职业技术学院,506,现代物流管理,3,439,230689
3535,泉州经贸职业技术学院,507,供应链运营,4,439,230598
3535,泉州经贸职业技术学院,508,信息安全技术应用,3,440,229889
3535,泉州经贸职业技术学院,509,虚拟现实技术应用,2,439,230174
3535,泉州经贸职业技术学院,510,人工智能技术应用,5,441,229293
3535,泉州经贸职业技术学院,511,新能源汽车技术,5,442,227969
3535,泉州经贸职业技术学院,512,空中乘务,9,430,236650
3535,泉州经贸职业技术学院,513,汽车智能技术,3,440,229430
3535,泉州经贸职业技术学院,514,视觉传达设计(UI设计),2,440,229654
3535,泉州经贸职业技术学院,515,广告艺术设计,3,443,227347
3535,泉州经贸职业技术学院,516,软件技术,12,437,231477
3536,泉州职业技术大学,1,油气储运工程,10,479,195021
3536,泉州职业技术大学,2,工业互联网工程,9,481,193258
3536,泉州职业技术大学,3,智能网联汽车工程技术,9,481,193134
3536,泉州职业技术大学,4,现代分析测试技术,9,476,198556
3536,泉州职业技术大学,5,人工智能工程技术,8,483,191035
3536,泉州职业技术大学,6,集成电路工程技术,4,485,189480
3538,泉州信息工程学院,2,通信工程,2,486,188338
3538,泉州信息工程学院,4,人工智能,1,489,184769
3538,泉州信息工程学院,7,物联网工程,2,488,186193
3538,泉州信息工程学院,8,数据科学与大数据技术,4,487,187088
3538,泉州信息工程学院,9,网络空间安全,5,485,188883
3538,泉州信息工程学院,10,土木工程,10,476,198504
3538,泉州信息工程学院,11,工程造价,12,477,197525
3538,泉州信息工程学院,12,金融工程,15,477,197822
3538,泉州信息工程学院,18,电子商务,25,475,199562
3538,泉州信息工程学院,23,软件工程(中外合作办学),30,472,202176
3542,厦门城市职业学院,501,建筑工程技术,4,450,221621
3542,厦门城市职业学院,502,城市轨道车辆应用技术,4,460,213258
3542,厦门城市职业学院,503,城市轨道交通运营管理,4,458,215306
3542,厦门城市职业学院,504,物联网应用技术,4,456,216746
3542,厦门城市职业学院,505,智能产品开发与应用,4,440,229476
3542,厦门城市职业学院,506,云计算技术应用,4,447,224199
3542,厦门城市职业学院,508,跨境电子商务,5,454,218707
3542,厦门城市职业学院,509,商务数据分析与应用,3,458,214890
3542,厦门城市职业学院,510,旅游管理,4,456,217139
3542,厦门城市职业学院,511,会展策划与管理,5,456,216855
3542,厦门城市职业学院,512,学前教育(师范),2,484,190393
3542,厦门城市职业学院,513,智慧健康养老服务与管理,3,459,214629
3544,厦门大学嘉庚学院,28,建筑学,2,515,154560
3545,厦门海洋职业技术学院,501,环境监测技术,1,455,217640
3545,厦门海洋职业技术学院,502,机械设计与制造,1,470,204320
3545,厦门海洋职业技术学院,503,数控技术,1,467,206958
3545,厦门海洋职业技术学院,505,工业机器人技术,2,462,211745
3545,厦门海洋职业技术学院,506,海洋工程装备技术,1,484,190368
3545,厦门海洋职业技术学院,509,轮机工程技术,1,481,193733
3545,厦门海洋职业技术学院,510,网络营销与直播电商,1,445,226141
3545,厦门海洋职业技术学院,511,现代物流管理,1,451,221565
3546,厦门华天涉外职业技术学院,501,建设工程管理,4,399,254894
3546,厦门华天涉外职业技术学院,502,智能制造装备技术,3,411,248093
3546,厦门华天涉外职业技术学院,503,机电一体化技术,4,429,237189
3546,厦门华天涉外职业技术学院,504,计算机应用技术,4,410,249115
3546,厦门华天涉外职业技术学院,505,人工智能技术应用,3,408,250055
3546,厦门华天涉外职业技术学院,506,移动应用开发,3,396,256190
3546,厦门华天涉外职业技术学院,507,动漫制作技术,4,407,250823
3546,厦门华天涉外职业技术学院,508,健康管理,3,403,252943
3546,厦门华天涉外职业技术学院,509,智慧健康养老服务与管理,3,407,250794
3546,厦门华天涉外职业技术学院,510,大数据与会计,4,419,243656
3546,厦门华天涉外职业技术学院,511,市场营销,4,394,257207
3546,厦门华天涉外职业技术学院,512,电子商务,4,396,256334
3546,厦门华天涉外职业技术学院,513,供应链运营,3,354,273136
3546,厦门华天涉外职业技术学院,514,药品经营与管理,4,417,244894
3546,厦门华天涉外职业技术学院,515,商务英语,3,391,258683
3546,厦门华天涉外职业技术学院,516,民航运输服务,3,382,262858
3546,厦门华天涉外职业技术学院,517,空中乘务,4,362,270394
3546,厦门华天涉外职业技术学院,518,旅游管理,3,382,262829
3546,厦门华天涉外职业技术学院,519,烹饪工艺与营养,3,424,240801
3546,厦门华天涉外职业技术学院,521,视觉传达设计,20,362,270576
3546,厦门华天涉外职业技术学院,522,数字媒体艺术设计,40,336,277663
3546,厦门华天涉外职业技术学院,525,学前教育,4,396,256391
3547,厦门华厦学院,6,物联网工程,1,488,185542
3547,厦门华厦学院,7,制药工程,3,484,190274
3547,厦门华厦学院,8,环境科学与工程,6,482,192161
3547,厦门华厦学院,12,物流工程,4,480,194219
3547,厦门华厦学院,14,电子商务,4,483,191028
3549,厦门南洋职业学院,501,应急救援技术,5,368,268432
3549,厦门南洋职业学院,502,机电一体化技术,5,412,248035
3549,厦门南洋职业学院,503,工业机器人技术,5,403,252917
3549,厦门南洋职业学院,504,电气自动化技术,5,419,243675
3549,厦门南洋职业学院,505,无人机应用技术,10,395,256633
3549,厦门南洋职业学院,506,空中乘务,5,377,264837
3549,厦门南洋职业学院,507,物联网应用技术,10,369,268004
3549,厦门南洋职业学院,508,计算机网络技术,5,374,266144
3549,厦门南洋职业学院,509,软件技术,5,374,265881
3549,厦门南洋职业学院,510,信息安全技术应用,5,382,262648
3549,厦门南洋职业学院,511,护理,5,428,238277
3549,厦门南洋职业学院,512,中医康复技术,5,429,237559
3549,厦门南洋职业学院,513,大数据与会计,5,401,253682
3549,厦门南洋职业学院,514,电子商务,5,388,260141
3549,厦门南洋职业学院,515,网络营销与直播电商,5,383,262551
3549,厦门南洋职业学院,516,数字媒体艺术设计,5,383,262543
3549,厦门南洋职业学院,517,摄影摄像技术,5,382,262875
3549,厦门南洋职业学院,518,融媒体技术与运营,5,381,263118
3550,厦门软件职业技术学院,501,软件技术(程序设计),20,403,252948
3551,厦门演艺职业学院,507,酒店管理与数字化运营,13,354,273149
3553,闽南师范大学,7,心理学,1,569,89195
3555,泉州海洋职业学院,501,新能源装备技术,2,419,243735
3555,泉州海洋职业学院,502,机电一体化技术,4,431,235768
3555,泉州海洋职业学院,503,船舶电气工程技术,2,419,244040
3555,泉州海洋职业学院,504,游艇设计与制造,3,387,260866
3555,泉州海洋职业学院,505,无人机应用技术,4,427,238726
3555,泉州海洋职业学院,506,高速铁路客运服务,2,424,240783
3555,泉州海洋职业学院,507,航海技术,10,425,240274
3555,泉州海洋职业学院,508,空中乘务,8,374,266029
3555,泉州海洋职业学院,509,电子信息工程技术,2,410,249008
3555,泉州海洋职业学院,510,移动互联应用技术,4,402,253262
3555,泉州海洋职业学院,511,软件技术,5,383,262481
3555,泉州海洋职业学院,512,大数据技术,5,403,252868
3555,泉州海洋职业学院,513,护理,8,427,238788
3555,泉州海洋职业学院,514,大数据与财务管理,4,405,251676
3555,泉州海洋职业学院,515,工商企业管理,2,399,254754
3555,泉州海洋职业学院,516,市场营销,3,394,257421
3555,泉州海洋职业学院,517,电子商务,4,396,256131
3555,泉州海洋职业学院,518,港口物流管理,5,393,257723
3555,泉州海洋职业学院,519,休闲服务与管理,3,373,266619
3555,泉州海洋职业学院,520,艺术设计,8,384,262043
3555,泉州海洋职业学院,521,室内艺术设计,3,407,250668
3559,厦门兴才职业技术学院,501,工程造价,3,390,259125
3559,厦门兴才职业技术学院,502,建设工程管理,3,370,267753
3559,厦门兴才职业技术学院,503,机电一体化技术,8,407,250351
3559,厦门兴才职业技术学院,504,物联网应用技术,8,365,269571
3559,厦门兴才职业技术学院,505,计算机应用技术,8,368,268453
3559,厦门兴才职业技术学院,506,软件技术,8,366,269080
3559,厦门兴才职业技术学院,507,大数据技术,8,375,265769
3559,厦门兴才职业技术学院,508,人工智能技术应用,8,365,269505
3559,厦门兴才职业技术学院,509,护理,10,391,258832
3559,厦门兴才职业技术学院,510,健康管理,10,362,270370
3559,厦门兴才职业技术学院,511,大数据与会计,5,395,256656
3559,厦门兴才职业技术学院,512,工商企业管理,3,372,267023
3559,厦门兴才职业技术学院,513,电子商务,6,372,266791
3559,厦门兴才职业技术学院,514,跨境电子商务,6,369,267875
3559,厦门兴才职业技术学院,515,网络营销与直播电商,6,366,269104
3559,厦门兴才职业技术学院,516,广告艺术设计,6,369,268196
3559,厦门兴才职业技术学院,517,文化创意与策划,5,365,269547
3559,厦门兴才职业技术学院,518,融媒体技术与运营,6,370,267701
3559,厦门兴才职业技术学院,519,学前教育,10,362,270412
3559,厦门兴才职业技术学院,520,商务英语,3,360,271070
3559,厦门兴才职业技术学院,521,社会体育,20,311,282818
3561,泉州轻工职业学院,501,建筑工程技术,2,390,259292
3561,泉州轻工职业学院,502,鞋类设计与工艺,5,383,262379
3561,泉州轻工职业学院,503,食品智能加工技术,4,383,262219
3561,泉州轻工职业学院,504,人工智能技术应用,2,402,253194
3561,泉州轻工职业学院,505,动漫制作技术,1,386,261206
3561,泉州轻工职业学院,506,中小企业创业与经营,6,367,268839
3561,泉州轻工职业学院,507,西式烹饪工艺,1,432,235453
3561,泉州轻工职业学院,508,服装与服饰设计,7,362,270335
3561,泉州轻工职业学院,509,影视动画,4,379,264106
3561,泉州轻工职业学院,510,体育运营与管理,6,368,268349
3561,泉州轻工职业学院,511,智慧健康养老服务与管理,2,403,252938
3562,福州墨尔本理工职业学院,501,大数据与会计(中外合作办学),17,355,272697
3562,福州墨尔本理工职业学院,502,国际金融(中外合作办学),2,351,274032
3562,福州墨尔本理工职业学院,503,电子商务(中外合作办学),13,346,275179
3562,福州墨尔本理工职业学院,504,现代物流管理(中外合作办学),5,329,279329
3562,福州墨尔本理工职业学院,505,计算机应用技术(中外合作办学),17,338,277209
3562,福州墨尔本理工职业学院,506,云计算技术应用(中外合作办学),9,325,280170
3562,福州墨尔本理工职业学院,507,物联网应用技术(中外合作办学),6,326,280075
3562,福州墨尔本理工职业学院,508,人工智能技术应用(中外合作办学),12,351,273900
3562,福州墨尔本理工职业学院,509,移动互联应用技术(中外合作办学),8,322,280739
3562,福州墨尔本理工职业学院,510,酒店管理与数字化运营(中外合作办学),1,422,241945
3562,福州墨尔本理工职业学院,511,休闲服务与管理(中外合作办学),5,338,277326
3562,福州墨尔本理工职业学院,512,智慧旅游技术应用(中外合作办学),5,330,279065
3565,福建华南女子职业学院,501,艺术设计,10,332,278646
3565,福建华南女子职业学院,502,跨境电子商务,15,341,276439
3565,福建华南女子职业学院,503,空中乘务,15,292,285963
3566,泉州纺织服装职业学院,501,建设工程管理,3,374,266102
3566,泉州纺织服装职业学院,502,服装设计与工艺,3,387,260613
3566,泉州纺织服装职业学院,503,针织技术与针织服装,4,379,264153
3566,泉州纺织服装职业学院,504,高速铁路客运服务,3,393,257946
3566,泉州纺织服装职业学院,505,婴幼儿托育服务与管理,3,364,269818
3566,泉州纺织服装职业学院,506,跨境电子商务,3,384,262109
3566,泉州纺织服装职业学院,507,网络营销与直播电商,4,375,265567
3566,泉州纺织服装职业学院,508,服装与服饰设计,4,379,263912
3566,泉州纺织服装职业学院,509,室内艺术设计,4,380,263559
3566,泉州纺织服装职业学院,510,广播影视节目制作,3,387,260659
3566,泉州纺织服装职业学院,512,公共事务管理,3,375,265708
3567,湄洲湾职业技术学院,501,大数据与会计,5,468,206510
3568,厦门东海职业技术学院,501,影视编导,5,364,269654
3568,厦门东海职业技术学院,504,护理,5,439,230697
3568,厦门东海职业技术学院,506,药学,10,416,245390
3569,漳州理工职业学院,501,计算机网络技术,4,378,264479
3569,漳州理工职业学院,502,软件技术,4,364,269678
3569,漳州理工职业学院,503,人工智能技术应用,5,387,260596
3569,漳州理工职业学院,504,机械制造及自动化,7,388,260022
3569,漳州理工职业学院,505,城市轨道交通运营管理,6,404,252258
3569,漳州理工职业学院,506,新能源汽车技术,5,378,264669
3569,漳州理工职业学院,507,汽车智能技术,6,355,272763
3569,漳州理工职业学院,508,美术教育,3,363,270191
3569,漳州理工职业学院,509,大数据与会计,4,408,250041
3569,漳州理工职业学院,511,药学,8,416,245820
3569,漳州理工职业学院,512,医学美容技术,5,395,257042
3570,武夷山职业学院,501,建筑工程技术,47,324,280291
3570,武夷山职业学院,502,工程造价,47,321,280872
3570,武夷山职业学院,503,大数据技术,4,377,264689
3570,武夷山职业学院,504,茶艺与茶文化,2,364,269803
3571,厦门安防科技职业学院,501,建筑室内设计,2,393,257836
3571,厦门安防科技职业学院,502,建筑工程技术,2,392,258218
3571,厦门安防科技职业学院,503,建筑智能化工程技术,2,396,256230
3571,厦门安防科技职业学院,504,建筑消防技术,2,399,254909
3571,厦门安防科技职业学院,505,高速铁路客运服务,2,416,245604
3571,厦门安防科技职业学院,506,空中乘务,2,377,264794
3571,厦门安防科技职业学院,507,城市轨道交通运营管理,2,421,242249
3571,厦门安防科技职业学院,508,物联网应用技术,2,396,256352
3571,厦门安防科技职业学院,509,软件技术,2,407,250790
3571,厦门安防科技职业学院,510,数字媒体技术,2,413,247482
3571,厦门安防科技职业学院,511,信息安全技术应用,2,416,245262
3571,厦门安防科技职业学院,512,动漫制作技术,2,402,253332
3571,厦门安防科技职业学院,513,护理,2,459,214778
3571,厦门安防科技职业学院,514,中医养生保健,2,419,243742
3571,厦门安防科技职业学院,515,健康管理,2,397,256020
3571,厦门安防科技职业学院,516,婴幼儿托育服务与管理,2,388,260422
3571,厦门安防科技职业学院,517,会计信息管理,2,407,250557
3571,厦门安防科技职业学院,518,电子商务,2,401,253867
3571,厦门安防科技职业学院,519,旅游管理,2,399,254762
3571,厦门安防科技职业学院,520,影视动画,2,397,255965
3571,厦门安防科技职业学院,521,学前教育,2,388,260127
3572,福州英华职业学院,501,美术教育,4,375,265823
3572,福州英华职业学院,502,健康管理,3,407,250740
3572,福州英华职业学院,503,大数据与会计,2,424,240758
3572,福州英华职业学院,504,跨境电子商务,2,395,257055
3572,福州英华职业学院,505,工程造价,5,415,246265
3573,漳州科技职业学院,501,计算机应用技术,5,345,275441
3573,漳州科技职业学院,502,数字媒体艺术设计,5,336,277673
3573,漳州科技职业学院,503,智能机器人技术,5,379,263951
3573,漳州科技职业学院,504,康复治疗技术,5,358,271696
3576,闽西职业技术学院,501,大数据技术,2,444,226334
3576,闽西职业技术学院,502,软件技术,5,436,232272
3576,闽西职业技术学院,503,艺术设计,5,431,236076
3576,闽西职业技术学院,504,表演艺术,3,415,246164
3576,闽西职业技术学院,505,社会工作,4,435,233466
3606,南昌交通学院,5,土木工程,2,486,188341
3606,南昌交通学院,7,工程造价,2,489,184725
3606,南昌交通学院,14,材料成型及控制工程,2,490,184016
3608,江西财经大学现代经济管理学院,22,数据科学,1,524,143676
3609,江西财经职业学院,501,大数据与会计,35,449,222994
3609,江西财经职业学院,502,大数据与财务管理,7,449,222778
3609,江西财经职业学院,503,工程造价,4,440,229485
3609,江西财经职业学院,504,证券实务,2,458,215042
3609,江西财经职业学院,505,工商企业管理,4,448,223634
3609,江西财经职业学院,506,现代物流管理,6,450,221756
3609,江西财经职业学院,507,电子商务,3,457,216017
3609,江西财经职业学院,508,跨境电子商务,6,450,222374
3609,江西财经职业学院,509,国际经济与贸易,2,473,201440
3610,江西应用科技学院,1,区块链工程,6,480,194386
3610,江西应用科技学院,2,智能科学与技术,16,484,190402
3610,江西应用科技学院,4,宝石及材料工艺学,15,474,200002
3610,江西应用科技学院,6,金融工程,9,480,194062
3610,江西应用科技学院,501,软件技术,35,370,267558
3610,江西应用科技学院,502,软件技术(大数据与云计算方向),25,363,270113
3610,江西应用科技学院,503,软件技术(应用开发方向),75,343,276102
3610,江西应用科技学院,504,移动应用开发(移动手游、小程序应用方向),50,344,275820
3610,江西应用科技学院,505,无人机应用技术,50,372,266707
3610,江西应用科技学院,506,机电一体化技术,35,405,251482
3610,江西应用科技学院,507,电子信息工程技术,50,366,269295
3610,江西应用科技学院,508,大数据与会计,25,397,256005
3610,江西应用科技学院,509,大数据与财务管理,45,374,266270
3610,江西应用科技学院,510,工商企业管理,20,370,267610
3610,江西应用科技学院,511,电子商务,35,370,267499
3611,南昌职业大学,2,软件工程技术,3,485,189176
3611,南昌职业大学,501,物联网应用技术,10,386,261260
3611,南昌职业大学,502,大数据技术,10,388,259995
3611,南昌职业大学,503,云计算技术应用,10,377,264764
3611,南昌职业大学,504,智能焊接技术,10,385,261449
3611,南昌职业大学,505,机电一体化技术,10,411,248374
3611,南昌职业大学,506,电气自动化技术,10,415,246284
3611,南昌职业大学,507,计算机网络技术,10,381,263265
3611,南昌职业大学,508,软件技术,10,393,257679
3611,南昌职业大学,509,网络营销与直播电商,10,382,262691
3611,南昌职业大学,510,旅游管理,20,370,267735
3611,南昌职业大学,511,电子竞技运动与管理,10,371,267209
3611,南昌职业大学,512,法律文秘,10,416,245543
3611,南昌职业大学,513,中药学,10,445,226085
3613,江西服装学院,9,数据科学与大数据技术,2,478,196157
3613,江西服装学院,10,物联网工程,2,478,196171
3614,南昌工学院,1,金融工程,1,488,185566
3614,南昌工学院,13,集成电路设计与集成系统,5,487,186890
3614,南昌工学院,15,软件工程,1,488,185512
3614,南昌工学院,16,网络工程,2,487,186692
3614,南昌工学院,17,物联网工程,2,487,186634
3614,南昌工学院,21,智能建造,3,484,190301
3614,南昌工学院,22,土木、水利与交通工程,5,482,191946
3614,南昌工学院,27,工程造价,2,485,188750
3614,南昌工学院,501,建筑材料工程技术,17,268,0
3614,南昌工学院,502,建筑工程技术,4,417,244747
3614,南昌工学院,503,工程造价,4,403,252822
3614,南昌工学院,504,水利水电建筑工程,4,429,237440
3614,南昌工学院,505,数控技术,16,411,248068
3614,南昌工学院,506,模具设计与制造,18,412,247542
3614,南昌工学院,507,机电一体化技术,11,426,239040
3614,南昌工学院,508,电气自动化技术,17,432,235160
3614,南昌工学院,509,无人机应用技术,16,426,239429
3614,南昌工学院,510,新能源汽车技术,10,421,242614
3614,南昌工学院,511,智能网联汽车技术,20,350,274087
3614,南昌工学院,512,高速铁路客运服务,5,426,239042
3614,南昌工学院,513,城市轨道交通运营管理,7,435,233439
3614,南昌工学院,514,电子信息工程技术,20,415,245884
3614,南昌工学院,515,计算机网络技术,8,421,242355
3614,南昌工学院,516,软件技术,19,404,252111
3614,南昌工学院,517,大数据技术,13,412,247898
3614,南昌工学院,518,虚拟现实技术应用,17,403,252586
3614,南昌工学院,519,大数据与会计,2,457,215964
3614,南昌工学院,520,电子商务,5,415,246346
3614,南昌工学院,521,商务英语,5,420,243383
3614,南昌工学院,523,现代文秘,6,421,242668
3615,江西工程职业学院,501,数控技术,5,440,229659
3615,江西工程职业学院,502,智能制造装备技术,15,435,232933
3615,江西工程职业学院,503,机电一体化技术,10,443,227299
3615,江西工程职业学院,504,新能源汽车技术,10,439,230269
3615,江西工程职业学院,505,计算机网络技术,5,441,228716
3615,江西工程职业学院,506,数字媒体技术,10,438,231457
3615,江西工程职业学院,507,人工智能技术应用,10,438,230973
3615,江西工程职业学院,508,大数据与会计,5,443,227349
3615,江西工程职业学院,509,电子商务,5,437,232105
3615,江西工程职业学院,510,网络营销与直播电商,10,432,235256
3615,江西工程职业学院,511,旅游管理,10,431,236023
3615,江西工程职业学院,512,环境艺术设计,10,431,236104
3616,江西工业贸易职业技术学院,501,大数据与会计(中外合作办学),20,415,246019
3616,江西工业贸易职业技术学院,502,跨境电子商务(中外合作办学),20,397,256001
3616,江西工业贸易职业技术学院,503,人工智能技术应用,4,442,228078
3616,江西工业贸易职业技术学院,504,建筑工程技术,4,434,234003
3616,江西工业贸易职业技术学院,505,工程造价,4,435,233365
3616,江西工业贸易职业技术学院,506,数字媒体技术(中外合作办学),10,425,240183
3616,江西工业贸易职业技术学院,507,食品检验检测技术,6,436,232581
3616,江西工业贸易职业技术学院,508,粮食工程技术与管理,8,427,238434
3616,江西工业贸易职业技术学院,509,粮食储运与质量安全,4,425,239842
3618,江西交通职业技术学院,501,网络营销与直播电商,10,436,232415
3618,江西交通职业技术学院,502,道路与桥梁工程技术,8,455,217813
3618,江西交通职业技术学院,503,城市轨道交通工程技术,7,463,210476
3618,江西交通职业技术学院,504,汽车技术服务与营销,10,425,239916
3618,江西交通职业技术学院,505,城市轨道车辆应用技术,7,478,196129
3618,江西交通职业技术学院,506,城市轨道交通供配电技术,8,463,210601
3618,江西交通职业技术学院,507,计算机网络技术,8,449,223026
3618,江西交通职业技术学院,508,机电设备技术,10,445,226049
3620,南昌应用技术师范学院,501,电气自动化技术,1,442,227900
3620,南昌应用技术师范学院,502,电子信息工程技术,2,426,239666
3620,南昌应用技术师范学院,503,计算机网络技术,2,427,238876
3620,南昌应用技术师范学院,504,软件技术,3,428,237961
3620,南昌应用技术师范学院,505,数字媒体技术,1,455,217857
3620,南昌应用技术师范学院,507,中文,2,448,223783
3621,江西科技学院,10,智能科学与技术,1,487,186788
3621,江西科技学院,14,大数据管理与应用,2,486,187687
3621,江西科技学院,18,电子与计算机工程,3,488,185529
3621,江西科技学院,24,金融工程,2,486,187849
3621,江西科技学院,501,机电一体化技术,25,423,241056
3621,江西科技学院,502,机械制造及自动化,6,419,243620
3621,江西科技学院,503,城市轨道交通运营管理,15,432,235223
3621,江西科技学院,504,工业机器人技术,5,430,236384
3621,江西科技学院,505,新能源汽车技术,35,405,251920
3621,江西科技学院,506,汽车制造与试验技术,5,420,243347
3621,江西科技学院,507,大数据技术,25,399,254712
3621,江西科技学院,508,软件技术,25,397,256056
3621,江西科技学院,509,建筑室内设计,3,429,237267
3621,江西科技学院,510,计算机网络技术,15,407,250524
3621,江西科技学院,511,虚拟现实技术应用,4,429,237355
3621,江西科技学院,512,计算机应用技术,28,408,249991
3621,江西科技学院,513,大数据与会计,3,443,227531
3621,江西科技学院,514,大数据与财务管理,2,437,232088
3621,江西科技学院,515,网络营销与直播电商,3,412,247787
3621,江西科技学院,516,市场营销,2,412,247590
3621,江西科技学院,517,工商企业管理,3,414,246852
3621,江西科技学院,518,国际经济与贸易,3,414,246552
3621,江西科技学院,519,人力资源管理,3,408,250173
3621,江西科技学院,520,电子商务,3,417,245151
3621,江西科技学院,525,商务英语,9,391,258889
3621,江西科技学院,526,护理,32,432,235083
3621,江西科技学院,527,药学,20,426,239547
3621,江西科技学院,528,助产,5,413,247268
3621,江西科技学院,529,中文,2,448,223965
3621,江西科技学院,530,休闲体育,2,403,252557
3624,江西旅游商贸职业学院,501,大数据与会计,4,449,222765
3624,江西旅游商贸职业学院,502,商务英语,4,441,228841
3624,江西旅游商贸职业学院,503,跨境电子商务,4,435,233084
3624,江西旅游商贸职业学院,504,机电一体化技术,4,445,225503
3624,江西旅游商贸职业学院,505,计算机应用技术,4,441,229017
3626,江西农业大学南昌商学院,2,金融工程,2,519,149995
3626,江西农业大学南昌商学院,10,智能建造,1,519,149595
3628,江西师范大学科学技术学院,2,数据科学与大数据技术,1,525,142504
3629,江西司法警官职业学院,501,司法信息技术,2,489,184965
3629,江西司法警官职业学院,503,社区矫正,2,485,189046
3629,江西司法警官职业学院,504,无人机应用技术,6,476,198026
3629,江西司法警官职业学院,505,计算机应用技术,6,475,199800
3629,江西司法警官职业学院,506,信息安全技术应用,7,465,208592
3629,江西司法警官职业学院,507,新闻采编与制作,7,464,210209
3629,江西司法警官职业学院,509,行政管理,5,485,189023
3629,江西司法警官职业学院,510,社区管理与服务,7,475,199909
3630,江西外语外贸职业学院,501,跨境电子商务,5,437,232135
3630,江西外语外贸职业学院,502,应用俄语,4,436,232749
3630,江西外语外贸职业学院,503,应用法语,3,443,227626
3630,江西外语外贸职业学院,504,应用西班牙语,3,452,220539
3630,江西外语外贸职业学院,505,应用德语,4,431,236268
3630,江西外语外贸职业学院,506,应用外语(应用葡萄牙语),4,424,240408
3630,江西外语外贸职业学院,507,应用外语(应用意大利语),4,428,238242
3630,江西外语外贸职业学院,508,应用韩语,8,436,232363
3630,江西外语外贸职业学院,509,应用阿拉伯语,6,429,237357
3630,江西外语外贸职业学院,510,应用外语(应用波斯语),4,424,240880
3631,江西软件职业技术大学,501,机电一体化技术,5,395,256775
3631,江西软件职业技术大学,502,工业机器人技术,15,372,266829
3631,江西软件职业技术大学,503,无人机应用技术,5,396,256430
3631,江西软件职业技术大学,504,环境艺术设计,6,365,269467
3631,江西软件职业技术大学,506,电子竞技运动与管理,15,335,277912
3631,江西软件职业技术大学,507,跨境电子商务,25,331,278960
3631,江西软件职业技术大学,508,数字媒体技术,5,396,256212
3631,江西软件职业技术大学,509,大数据技术,5,380,263552
3631,江西软件职业技术大学,510,云计算技术应用,15,333,278534
3631,江西软件职业技术大学,511,工业软件开发技术,5,369,267859
3631,江西软件职业技术大学,512,计算机网络技术,5,383,262256
3631,江西软件职业技术大学,513,信息安全技术应用,15,358,271693
3631,江西软件职业技术大学,514,软件技术,32,343,275973
3631,江西软件职业技术大学,515,人工智能技术应用,5,397,255617
3631,江西软件职业技术大学,516,虚拟现实技术应用,5,386,260999
3631,江西软件职业技术大学,517,区块链技术应用,15,358,271878
3632,江西现代职业技术学院,501,电子商务,6,438,231127
3632,江西现代职业技术学院,502,现代物流管理,5,436,232566
3632,江西现代职业技术学院,503,虚拟现实技术应用,5,434,234173
3632,江西现代职业技术学院,504,数字媒体技术,5,453,219892
3632,江西现代职业技术学院,505,动漫制作技术,6,434,233765
3632,江西现代职业技术学院,506,广告艺术设计,2,442,228458
3632,江西现代职业技术学院,507,大数据技术,5,434,233593
3632,江西现代职业技术学院,508,计算机网络技术,5,442,228406
3632,江西现代职业技术学院,509,人工智能技术应用,5,440,229969
3632,江西现代职业技术学院,510,软件技术,5,439,230512
3632,江西现代职业技术学院,511,现代通信技术,6,433,234507
3632,江西现代职业技术学院,512,智能互联网络技术,5,434,234086
3633,江西信息应用职业技术学院,501,雷电防护技术,5,441,228851
3633,江西信息应用职业技术学院,502,软件技术,10,442,227867
3635,江西应用工程职业学院,501,工业机器人技术,10,438,231341
3635,江西应用工程职业学院,502,机电一体化技术,10,441,228663
3635,江西应用工程职业学院,503,智能控制技术,10,434,233723
3635,江西应用工程职业学院,504,电气自动化技术,10,445,226252
3635,江西应用工程职业学院,505,无人机应用技术,10,438,231117
3635,江西应用工程职业学院,506,软件技术,20,431,236161
3635,江西应用工程职业学院,507,计算机应用技术,10,436,232277
3635,江西应用工程职业学院,508,计算机网络技术,20,431,235869
3635,江西应用工程职业学院,509,物联网应用技术,20,430,236382
3635,江西应用工程职业学院,510,新能源汽车技术,10,435,233248
3635,江西应用工程职业学院,511,人工智能技术应用,20,428,238249
3636,江西制造职业技术学院,501,无人机应用技术,5,441,228742
3636,江西制造职业技术学院,502,工程造价,4,434,234207
3636,江西制造职业技术学院,503,软件技术,5,437,231671
3636,江西制造职业技术学院,504,机械制造及自动化,5,452,220158
3636,江西制造职业技术学院,505,应用电子技术,5,442,228103
3636,江西制造职业技术学院,506,数字媒体技术,10,446,224941
3636,江西制造职业技术学院,507,大数据与会计,4,446,224873
3636,江西制造职业技术学院,508,电子商务,4,435,233054
3636,江西制造职业技术学院,509,汽车检测与维修技术,4,441,228698
3636,江西制造职业技术学院,510,新能源汽车技术,5,443,227263
3636,江西制造职业技术学院,511,计算机应用技术,5,448,223776
3636,江西制造职业技术学院,512,工业机器人技术,4,443,227505
3636,江西制造职业技术学院,513,智能机电技术,5,438,231034
3636,江西制造职业技术学院,514,数控技术,5,445,226026
3639,抚州医药学院,503,助产,5,479,195750
3639,抚州医药学院,508,医学影像技术,5,466,207797
3639,抚州医药学院,509,卫生信息管理,5,436,232330
3639,抚州医药学院,510,健康大数据管理与服务,5,404,252068
3643,景德镇艺术职业大学,4,生态环境工程技术,2,489,185071
3643,景德镇艺术职业大学,501,计算机应用技术,6,419,243466
3643,景德镇艺术职业大学,502,数字媒体技术,6,436,232411
3643,景德镇艺术职业大学,503,虚拟现实技术应用,2,423,241197
3643,景德镇艺术职业大学,504,人工智能技术应用,6,418,244455
3643,景德镇艺术职业大学,505,建筑设计,2,413,247259
3643,景德镇艺术职业大学,506,电子信息工程技术,5,400,254174
3643,景德镇艺术职业大学,507,大数据与财务管理,5,414,246523
3643,景德镇艺术职业大学,508,网络营销与直播电商,6,424,240722
3645,江西职业技术大学,501,数控技术,1,484,190142
3645,江西职业技术大学,503,工业机器人技术,4,482,192272
3645,江西职业技术大学,504,无人机应用技术,1,481,193322
3645,江西职业技术大学,505,电子信息工程技术,2,477,197211
3645,江西职业技术大学,507,市场营销,2,463,211145
3645,江西职业技术大学,508,电子商务,4,463,211243
3645,江西职业技术大学,509,现代物流管理,2,481,193809
3645,江西职业技术大学,511,软件技术,1,498,174479
3645,江西职业技术大学,512,云计算技术应用,1,478,196380
3645,江西职业技术大学,513,人工智能技术应用,1,476,198399
3645,江西职业技术大学,515,建筑工程技术,2,464,210044
3645,江西职业技术大学,516,工程造价,4,461,212736
3645,江西职业技术大学,517,金融服务与管理,4,482,192877
3645,江西职业技术大学,519,商务英语,1,483,191886
3651,南昌理工学院,2,工程造价,3,484,189884
3651,南昌理工学院,4,工业设计,3,488,185981
3651,南昌理工学院,6,新能源汽车工程,2,489,184485
3651,南昌理工学院,8,集成电路设计与集成系统,1,495,178302
3651,南昌理工学院,9,人工智能,2,489,184553
3651,南昌理工学院,12,数字媒体技术,3,489,184743
3651,南昌理工学院,13,智能建造,3,485,188846
3651,南昌理工学院,14,无人驾驶航空器系统工程,1,498,174433
3651,南昌理工学院,501,光伏工程技术,4,413,247492
3651,南昌理工学院,502,建筑装饰工程技术,4,428,238005
3651,南昌理工学院,503,建筑工程技术,6,421,242651
3651,南昌理工学院,504,工程造价,5,420,242835
3651,南昌理工学院,505,数控技术,4,436,232402
3651,南昌理工学院,506,机电一体化技术,4,450,221733
3651,南昌理工学院,507,电气自动化技术,5,459,214021
3651,南昌理工学院,508,无人机应用技术,4,435,233500
3651,南昌理工学院,509,汽车制造与试验技术,4,438,230970
3651,南昌理工学院,510,药品生物技术,5,414,246653
3651,南昌理工学院,511,空中乘务,2,438,231451
3651,南昌理工学院,512,城市轨道交通机电技术,4,450,221703
3651,南昌理工学院,513,电子信息工程技术,4,434,233563
3651,南昌理工学院,514,计算机网络技术,5,433,234397
3651,南昌理工学院,515,软件技术,5,422,241903
3651,南昌理工学院,516,动漫制作技术,5,452,220746
3651,南昌理工学院,517,集成电路技术,5,400,254067
3651,南昌理工学院,518,护理,10,463,211092
3651,南昌理工学院,519,助产,8,366,269225
3651,南昌理工学院,520,金融服务与管理,3,424,240424
3651,南昌理工学院,521,大数据与会计,6,450,222036
3651,南昌理工学院,522,电子商务,5,424,240751
3651,南昌理工学院,524,商务英语,8,417,245205
3651,南昌理工学院,525,影视编导,3,435,232994
3651,南昌理工学院,530,汽车智能技术,4,436,232673
3651,南昌理工学院,531,工业机器人技术,4,445,225570
3651,南昌理工学院,532,市场营销,3,422,241877
3655,上饶职业技术学院,501,光伏工程技术,3,439,230647
3655,上饶职业技术学院,502,机电一体化技术,2,452,220690
3655,上饶职业技术学院,503,工业机器人技术,3,443,227355
3655,上饶职业技术学院,504,无人机应用技术,3,440,229364
3655,上饶职业技术学院,505,电子信息工程技术,3,442,228507
3655,上饶职业技术学院,506,应用电子技术,3,440,229632
3655,上饶职业技术学院,507,物联网应用技术,3,437,231701
3655,上饶职业技术学院,508,计算机网络技术,2,450,221595
3655,上饶职业技术学院,509,大数据技术,3,438,231169
3655,上饶职业技术学院,510,信息安全技术应用,3,437,231856
3655,上饶职业技术学院,511,软件技术,4,433,234469
3655,上饶职业技术学院,512,汽车制造与试验技术,3,438,231153
3655,上饶职业技术学院,513,新能源汽车技术,4,443,227773
3655,上饶职业技术学院,514,智能网联汽车技术,3,437,231789
3655,上饶职业技术学院,515,汽车检测与维修技术,2,439,230648
3655,上饶职业技术学院,516,数控技术,4,442,228329
3655,上饶职业技术学院,517,机械制造及自动化,3,442,228567
3655,上饶职业技术学院,518,现代农业技术,3,434,233619
3655,上饶职业技术学院,519,大数据与会计,4,448,223860
3655,上饶职业技术学院,520,电子商务,4,434,233752
3655,上饶职业技术学院,521,网络营销与直播电商,3,436,232826
3655,上饶职业技术学院,522,空中乘务,3,435,233359
3655,上饶职业技术学院,523,旅游管理,4,430,236664
3655,上饶职业技术学院,524,酒店管理与数字化运营,3,433,234763
3655,上饶职业技术学院,525,烹饪工艺与营养,4,432,235381
3655,上饶职业技术学院,526,应急救援技术,4,434,234232
3655,上饶职业技术学院,527,电梯工程技术,4,440,229495
3655,上饶职业技术学院,528,机械制造及自动化(中外合作办学),5,429,237411
3655,上饶职业技术学院,529,机电一体化技术(中外合作办学),5,430,236547
3655,上饶职业技术学院,530,汽车检测与维修技术(中外合作办学),3,424,240442
3658,江西科技职业学院,504,机械设计与制造,5,395,256696
3658,江西科技职业学院,505,工业机器人技术,5,397,255672
3658,江西科技职业学院,506,电气自动化技术,5,409,249576
3658,江西科技职业学院,507,物联网应用技术,5,380,263788
3658,江西科技职业学院,508,大数据技术,5,374,265998
3658,江西科技职业学院,509,人工智能技术应用,5,413,247066
3658,江西科技职业学院,510,护理,5,428,238336
3658,江西科技职业学院,511,中医养生保健,3,408,249926
3658,江西科技职业学院,512,康复辅助器具技术,3,397,256069
3658,江西科技职业学院,513,康复治疗技术,3,407,250613
3658,江西科技职业学院,514,老年保健与管理,3,400,254180
3658,江西科技职业学院,515,城市轨道交通工程技术,3,410,248861
3658,江西科技职业学院,516,城市轨道交通运营管理,3,408,249894
3658,江西科技职业学院,517,智能交通技术,3,370,267535
3658,江西科技职业学院,518,城市轨道交通通信信号技术,3,404,252226
3658,江西科技职业学院,519,电子商务,3,389,259948
3658,江西科技职业学院,520,学前教育,3,372,266891
3658,江西科技职业学院,521,电子竞技运动与管理,10,351,274046
3658,江西科技职业学院,522,空中乘务(中外合作办学),10,329,279336
3659,江西青年职业学院,501,艺术教育,6,426,239579
3659,江西青年职业学院,502,旅游管理,4,431,236317
3659,江西青年职业学院,503,酒店管理与数字化运营,8,428,238228
3659,江西青年职业学院,504,城市轨道交通运营管理,6,444,226982
3659,江西青年职业学院,505,民航安全技术管理,2,435,233366
3659,江西青年职业学院,506,空中乘务,6,432,235511
3659,江西青年职业学院,507,人工智能技术应用,4,435,232906
3659,江西青年职业学院,508,虚拟现实技术应用,2,433,234549
3659,江西青年职业学院,509,云计算技术应用,4,425,239718
3659,江西青年职业学院,510,大数据技术,4,439,230413
3659,江西青年职业学院,511,信息安全技术应用,4,427,238721
3659,江西青年职业学院,512,智能制造装备技术,4,435,233255
3659,江西青年职业学院,513,工业机器人技术,4,436,232256
3659,江西青年职业学院,514,电子商务,4,433,234640
3659,江西青年职业学院,515,大数据与会计,4,447,224030
3661,江西泰豪动漫职业学院,501,计算机应用技术,15,360,271183
3661,江西泰豪动漫职业学院,502,人工智能技术应用,25,350,274182
3661,江西泰豪动漫职业学院,503,汽车智能技术,10,347,274912
3661,江西泰豪动漫职业学院,504,智能控制技术,10,352,273528
3661,江西泰豪动漫职业学院,505,摄影摄像技术,10,354,273059
3661,江西泰豪动漫职业学院,506,计算机网络技术,25,343,276051
3661,江西泰豪动漫职业学院,507,软件技术,25,340,276870
3661,江西泰豪动漫职业学院,508,虚拟现实技术应用,25,339,276952
3661,江西泰豪动漫职业学院,509,游戏艺术设计,25,341,276590
3661,江西泰豪动漫职业学院,510,电子商务,5,366,269227
3661,江西泰豪动漫职业学院,511,动漫制作技术,25,352,273552
3661,江西泰豪动漫职业学院,512,影视动画,15,348,274767
3661,江西泰豪动漫职业学院,513,数字媒体技术,10,367,268889
3661,江西泰豪动漫职业学院,514,数字媒体艺术设计,5,373,266464
3663,江西应用技术职业学院,502,水文与工程地质,2,482,192384
3663,江西应用技术职业学院,503,矿物加工技术,2,432,235324
3663,江西应用技术职业学院,504,新能源汽车技术,2,460,213730
3663,江西应用技术职业学院,505,智能网联汽车技术,2,445,225705
3663,江西应用技术职业学院,506,机械制造及自动化,2,458,214960
3663,江西应用技术职业学院,507,机电一体化技术,2,470,204001
3663,江西应用技术职业学院,508,工业机器人技术,2,474,200474
3663,江西应用技术职业学院,509,物联网应用技术,1,455,217562
3663,江西应用技术职业学院,510,人工智能技术应用,2,449,222677
3663,江西应用技术职业学院,511,工程造价,1,439,230148
3663,江西应用技术职业学院,513,工程测量技术,1,480,194260
3663,江西应用技术职业学院,514,国土空间规划与测绘,1,489,185360
3663,江西应用技术职业学院,515,测绘地理信息技术,1,467,207187
3663,江西应用技术职业学院,516,无人机应用技术,1,465,208783
3663,江西应用技术职业学院,518,有色金属智能冶金技术,2,431,235895
3663,江西应用技术职业学院,519,稀土材料技术,2,451,221417
3663,江西应用技术职业学院,520,储能材料技术,2,450,221895
3663,江西应用技术职业学院,521,分析检验技术,2,445,225588
3663,江西应用技术职业学院,522,应用化工技术,2,442,228124
3663,江西应用技术职业学院,524,虚拟现实技术应用,1,444,226479
3663,江西应用技术职业学院,525,商务英语,2,438,231409
3666,九江职业大学,501,机电一体化技术,8,461,212898
3666,九江职业大学,502,电气自动化技术,8,461,212347
3666,九江职业大学,503,建筑室内设计,8,445,226219
3666,九江职业大学,504,数字媒体技术,8,466,208012
3666,九江职业大学,505,人工智能技术应用,6,466,208041
3666,九江职业大学,506,软件技术,6,479,194990
3669,江西医学高等专科学校,501,临床医学,3,476,198219
3669,江西医学高等专科学校,502,临床医学(全科医学方向),3,479,195404
3669,江西医学高等专科学校,503,临床医学(医学美容方向),4,475,199310
3669,江西医学高等专科学校,504,临床医学(病理方向),3,464,209680
3669,江西医学高等专科学校,505,预防医学,2,465,209207
3669,江西医学高等专科学校,507,中医学,2,486,187865
3669,江西医学高等专科学校,508,针灸推拿,3,468,206252
3669,江西医学高等专科学校,509,中医康复技术,3,459,214187
3669,江西医学高等专科学校,511,助产,5,461,212608
3669,江西医学高等专科学校,512,临床医学(医学影像方向),8,463,210977
3669,江西医学高等专科学校,513,医学影像技术,2,470,204209
3669,江西医学高等专科学校,514,放射治疗技术,2,464,210316
3669,江西医学高等专科学校,515,医疗器械维护与管理,3,454,218335
3669,江西医学高等专科学校,516,医学检验技术,2,477,197494
3669,江西医学高等专科学校,517,眼视光技术,6,461,212222
3669,江西医学高等专科学校,518,卫生信息管理,7,463,210509
3669,江西医学高等专科学校,519,康复治疗技术,1,476,197994
3669,江西医学高等专科学校,520,医学生物技术,2,456,216942
3669,江西医学高等专科学校,521,药学,3,474,200140
3669,江西医学高等专科学校,522,药品生产技术,2,470,204183
3669,江西医学高等专科学校,523,医学生物技术(中外合作办学),7,443,227611
3669,江西医学高等专科学校,524,中药学,3,466,208139
3679,江西水利职业学院,501,工程测量技术,5,433,234437
3679,江西水利职业学院,502,测绘地理信息技术,5,435,233013
3679,江西水利职业学院,503,电力系统自动化技术,5,452,220430
3679,江西水利职业学院,504,建筑装饰工程技术,4,433,234698
3679,江西水利职业学院,505,园林工程技术,5,437,231871
3679,江西水利职业学院,506,建筑工程技术,5,433,234680
3679,江西水利职业学院,507,工程造价,8,433,234886
3679,江西水利职业学院,508,给排水工程技术,5,438,230728
3679,江西水利职业学院,509,水文与水资源技术,4,440,229972
3679,江西水利职业学院,510,水利工程,4,452,220378
3679,江西水利职业学院,511,智慧水利技术,8,441,229177
3679,江西水利职业学院,512,水利水电工程技术,5,444,226524
3679,江西水利职业学院,513,水利水电建筑工程,8,441,229088
3679,江西水利职业学院,514,水利机电设备智能管理,4,439,230408
3679,江西水利职业学院,515,数控技术,2,444,226670
3679,江西水利职业学院,516,机电一体化技术,2,451,221299
3679,江西水利职业学院,517,电气自动化技术,5,454,218255
3679,江西水利职业学院,518,无人机应用技术,4,446,225202
3679,江西水利职业学院,519,物联网应用技术,4,435,232901
3679,江西水利职业学院,520,应用电子技术,4,436,232682
3679,江西水利职业学院,521,计算机应用技术,4,441,228717
3679,江西水利职业学院,522,动漫制作技术,4,448,223495
3679,江西水利职业学院,523,金融服务与管理,4,436,232442
3679,江西水利职业学院,524,大数据与会计,4,448,223353
3679,江西水利职业学院,525,电子商务,4,436,232507
3679,江西水利职业学院,526,水利工程(中外合作办学),42,404,252378
3679,江西水利职业学院,527,动漫制作技术(中外合作办学),42,377,264877
3681,江西航空职业技术学院,501,飞行器数字化制造技术,4,438,230818
3681,江西航空职业技术学院,502,数控技术,2,428,237935
3681,江西航空职业技术学院,503,材料成型及控制技术(3D打印方向),2,411,248647
3681,江西航空职业技术学院,504,飞行器维修技术,3,445,225787
3681,江西航空职业技术学院,505,飞机机电设备维修,3,450,221627
3681,江西航空职业技术学院,506,通用航空器维修,3,435,233253
3681,江西航空职业技术学院,507,无人机应用技术,5,442,228133
3681,江西航空职业技术学院,508,无人机测绘技术,5,424,240546
3681,江西航空职业技术学院,509,导航与位置服务,5,397,255783
3681,江西航空职业技术学院,510,飞机电子设备维修,2,458,215101
3681,江西航空职业技术学院,511,电子信息工程技术,2,427,238963
3681,江西航空职业技术学院,512,应用电子技术,3,410,248847
3681,江西航空职业技术学院,513,计算机应用技术,3,414,246610
3681,江西航空职业技术学院,514,计算机网络技术,3,407,250451
3681,江西航空职业技术学院,515,大数据技术,2,418,244499
3681,江西航空职业技术学院,516,信息安全技术应用,5,389,259564
3681,江西航空职业技术学院,517,软件技术,4,406,251134
3681,江西航空职业技术学院,518,智能制造装备技术,2,426,239640
3681,江西航空职业技术学院,519,机电一体化技术,2,444,227019
3681,江西航空职业技术学院,520,工业机器人技术,2,427,238678
3681,江西航空职业技术学院,521,电气自动化技术,2,429,237037
3681,江西航空职业技术学院,522,环境监测技术,2,404,252210
3681,江西航空职业技术学院,523,空中乘务,3,403,252988
3681,江西航空职业技术学院,524,航空物流管理,2,416,245653
3681,江西航空职业技术学院,525,民航安全技术管理,3,414,246918
3681,江西航空职业技术学院,526,民航运输服务,1,431,235804
3681,江西航空职业技术学院,527,通用航空航务技术,2,427,238836
3681,江西航空职业技术学院,528,酒店管理与数字化运营,3,405,251568
3683,宜春幼儿师范高等专科学校,502,空中乘务,3,424,240837
3683,宜春幼儿师范高等专科学校,503,应用电子技术,5,423,241100
3683,宜春幼儿师范高等专科学校,504,软件技术,7,431,236111
3683,宜春幼儿师范高等专科学校,505,大数据技术,8,430,236471
3683,宜春幼儿师范高等专科学校,506,信息安全技术应用,10,429,237239
3683,宜春幼儿师范高等专科学校,507,婴幼儿托育服务与管理,6,434,234132
3683,宜春幼儿师范高等专科学校,508,统计与大数据分析,5,425,239919
3683,宜春幼儿师范高等专科学校,509,电子商务,3,431,235736
3683,宜春幼儿师范高等专科学校,510,跨境电子商务,3,428,237989
3683,宜春幼儿师范高等专科学校,511,现代家政服务与管理,5,425,240238
3683,宜春幼儿师范高等专科学校,512,商务英语,5,426,239543
3687,萍乡卫生职业学院,501,智慧健康养老服务与管理,2,458,215109
3687,萍乡卫生职业学院,502,护理,3,488,186527
3687,萍乡卫生职业学院,503,助产,2,463,211317
3687,萍乡卫生职业学院,504,婴幼儿托育服务与管理,2,444,226501
3687,萍乡卫生职业学院,505,老年保健与管理,2,445,225524
3687,萍乡卫生职业学院,506,临床医学,4,488,186571
3687,萍乡卫生职业学院,508,预防医学,3,457,216038
3687,萍乡卫生职业学院,511,健康管理,3,456,217158
3687,萍乡卫生职业学院,512,药学,3,478,195995
3687,萍乡卫生职业学院,513,中药学,2,485,189160
3687,萍乡卫生职业学院,514,中药材生产与加工,2,441,229135
3687,萍乡卫生职业学院,515,药品经营与管理,2,454,218989
3687,萍乡卫生职业学院,516,医学检验技术,3,482,192651
3687,萍乡卫生职业学院,518,医学生物技术,3,464,210251
3687,萍乡卫生职业学院,519,智能医疗装备技术,2,451,221163
3687,萍乡卫生职业学院,520,食品检验检测技术,2,456,216709
3687,萍乡卫生职业学院,521,食品生物技术,2,438,231362
3687,萍乡卫生职业学院,522,康复治疗技术,6,468,206267
3687,萍乡卫生职业学院,523,中医康复技术,3,473,200967
3687,萍乡卫生职业学院,524,中医养生保健,2,473,201235
3687,萍乡卫生职业学院,525,现代家政服务与管理,2,436,232480
3688,江西婺源茶业职业学院,501,茶艺与茶文化,8,428,237911
3688,江西婺源茶业职业学院,502,茶叶生产与加工技术,4,428,238050
3688,江西婺源茶业职业学院,503,农产品加工与质量检测(茶叶方向),10,422,241706
3688,江西婺源茶业职业学院,504,计算机网络技术,2,433,234922
3688,江西婺源茶业职业学院,505,旅游管理,6,428,238201
3688,江西婺源茶业职业学院,506,学前教育,4,440,229743
3688,江西婺源茶业职业学院,507,婴幼儿托育服务与管理,20,420,243232
3688,江西婺源茶业职业学院,508,电子商务,6,430,236690
3689,江西机电职业技术学院,501,光伏工程技术,10,436,232254
3689,江西机电职业技术学院,502,机械设计与制造,5,447,224531
3689,江西机电职业技术学院,503,数控技术,5,441,228833
3689,江西机电职业技术学院,504,工业设计,3,442,228325
3689,江西机电职业技术学院,505,智能焊接技术,5,438,231102
3689,江西机电职业技术学院,506,机电设备技术,5,442,227849
3689,江西机电职业技术学院,507,机电一体化技术,5,451,220838
3689,江西机电职业技术学院,508,工业机器人技术,5,442,228499
3689,江西机电职业技术学院,509,电气自动化技术,8,452,220405
3689,江西机电职业技术学院,510,汽车制造与试验技术,5,436,232394
3689,江西机电职业技术学院,511,新能源汽车技术,3,443,227208
3689,江西机电职业技术学院,512,智能产品开发与应用,4,437,231885
3689,江西机电职业技术学院,513,数字媒体技术,5,459,214683
3689,江西机电职业技术学院,514,信息安全技术应用,5,440,229827
3689,江西机电职业技术学院,515,集成电路技术,2,441,228591
3691,江西工商职业技术学院,501,室内艺术设计(中外合作办学),18,321,280991
3691,江西工商职业技术学院,502,区块链技术应用,7,335,277906
3691,江西工商职业技术学院,503,人工智能技术应用,4,379,264232
3691,江西工商职业技术学院,504,电子商务,3,373,266514
3691,江西工商职业技术学院,505,智能物流技术,7,355,272723
3691,江西工商职业技术学院,506,护理,2,441,228794
3691,江西工商职业技术学院,507,药学,2,433,234543
3691,江西工商职业技术学院,508,口腔医学技术,2,421,242654
3691,江西工商职业技术学院,509,护理(中外合作办学),30,326,279942
3691,江西工商职业技术学院,510,工商企业管理(中外合作办学),19,318,281545
3691,江西工商职业技术学院,511,学前教育(中外合作办学),15,326,279949
3692,江西工业工程职业技术学院,501,电子商务,6,434,233904
3692,江西工业工程职业技术学院,502,机电一体化技术,6,441,228672
3692,江西工业工程职业技术学院,503,增材制造技术,6,431,235911
3692,江西工业工程职业技术学院,504,大数据与会计,6,441,229074
3692,江西工业工程职业技术学院,505,软件技术,6,431,235809
3693,赣西科技职业学院,501,建筑消防技术,6,362,270385
3693,赣西科技职业学院,502,新能源汽车技术,10,399,254820
3693,赣西科技职业学院,503,软件技术,10,346,275227
3693,赣西科技职业学院,504,护理,20,412,247715
3693,赣西科技职业学院,505,大数据与会计,6,417,244736
3693,赣西科技职业学院,506,学前教育,8,375,265634
3694,江西枫林涉外经贸职业学院,501,建筑工程技术,2,405,251682
3694,江西枫林涉外经贸职业学院,502,工程造价,2,408,250034
3694,江西枫林涉外经贸职业学院,503,机电一体化技术,2,419,243643
3694,江西枫林涉外经贸职业学院,504,智能控制技术,2,401,253767
3694,江西枫林涉外经贸职业学院,505,工业机器人技术,2,404,252280
3694,江西枫林涉外经贸职业学院,506,无人机应用技术,2,404,252503
3694,江西枫林涉外经贸职业学院,507,计算机应用技术,4,411,248226
3694,江西枫林涉外经贸职业学院,508,数字媒体技术,2,384,262167
3694,江西枫林涉外经贸职业学院,509,大数据技术,2,394,257389
3694,江西枫林涉外经贸职业学院,510,护理,30,393,257639
3694,江西枫林涉外经贸职业学院,511,大数据与会计,2,415,246071
3694,江西枫林涉外经贸职业学院,512,市场营销,12,379,264138
3694,江西枫林涉外经贸职业学院,513,网络营销与直播电商,4,378,264622
3694,江西枫林涉外经贸职业学院,514,智能物流技术,12,341,276559
3694,江西枫林涉外经贸职业学院,515,旅游管理,10,390,259203
3694,江西枫林涉外经贸职业学院,516,智慧健康养老服务与管理,30,361,270865
3694,江西枫林涉外经贸职业学院,517,护理(中外合作办学),80,281,287933
3695,景德镇陶瓷职业技术学院,508,数字媒体艺术设计,18,332,278734
3695,景德镇陶瓷职业技术学院,509,材料工程技术,10,351,273780
3695,景德镇陶瓷职业技术学院,510,无人机应用技术,5,397,255829
3695,景德镇陶瓷职业技术学院,511,陶瓷制造技术与工艺,20,404,252177
3695,景德镇陶瓷职业技术学院,512,软件技术,10,332,278650
3695,景德镇陶瓷职业技术学院,513,计算机网络技术,10,268,0
3695,景德镇陶瓷职业技术学院,514,信息安全技术应用,10,268,0
3695,景德镇陶瓷职业技术学院,515,移动互联应用技术,10,268,0
3695,景德镇陶瓷职业技术学院,516,应用电子技术,10,268,0
3695,景德镇陶瓷职业技术学院,517,电子信息工程技术,10,268,0
3695,景德镇陶瓷职业技术学院,518,婴幼儿托育服务与管理,5,370,267692
3695,景德镇陶瓷职业技术学院,519,电子商务,5,375,265844
3695,景德镇陶瓷职业技术学院,520,网络营销与直播电商,10,375,265814
3695,景德镇陶瓷职业技术学院,521,大数据与会计,5,394,257302
3695,景德镇陶瓷职业技术学院,522,现代物流管理,10,390,259362
3695,景德镇陶瓷职业技术学院,523,金融科技应用,10,366,269158
3695,景德镇陶瓷职业技术学院,524,旅游管理,10,377,264819
3695,景德镇陶瓷职业技术学院,525,文物修复与保护,2,429,237706
3696,江西洪州职业学院,501,环境工程技术,2,390,259282
3696,江西洪州职业学院,502,新能源材料应用技术,5,384,261909
3696,江西洪州职业学院,503,有色金属智能冶金技术,4,372,266704
3696,江西洪州职业学院,504,汽车制造与试验技术,3,366,269035
3696,江西洪州职业学院,505,机电一体化技术,4,422,241937
3696,江西洪州职业学院,506,数控技术,2,417,244705
3696,江西洪州职业学院,507,智能制造装备技术,3,401,253747
3696,江西洪州职业学院,508,电气自动化技术,3,420,242951
3696,江西洪州职业学院,509,工业机器人技术,2,409,249343
3696,江西洪州职业学院,510,工业设计,2,382,262659
3696,江西洪州职业学院,511,新能源汽车技术,2,401,253545
3696,江西洪州职业学院,512,数字化设计与制造技术,4,384,261892
3696,江西洪州职业学院,513,应用化工技术,2,362,270367
3696,江西洪州职业学院,514,高速铁路客运服务,2,422,241615
3696,江西洪州职业学院,515,汽车检测与维修技术,2,404,252409
3696,江西洪州职业学院,516,新能源汽车检测与维修技术,3,411,248316
3696,江西洪州职业学院,517,计算机应用技术,3,418,244441
3696,江西洪州职业学院,518,软件技术,2,401,253560
3696,江西洪州职业学院,519,大数据技术,2,393,257674
3696,江西洪州职业学院,520,虚拟现实技术应用,2,402,253524
3696,江西洪州职业学院,521,集成电路技术,150,335,278093
3696,江西洪州职业学院,522,信息安全技术应用,2,394,257114
3696,江西洪州职业学院,523,计算机网络技术,3,383,262433
3696,江西洪州职业学院,524,护理,10,435,233324
3696,江西洪州职业学院,525,婴幼儿托育服务与管理,2,406,251366
3696,江西洪州职业学院,526,老年保健与管理,10,357,272245
3696,江西洪州职业学院,527,康复治疗技术,10,382,262848
3696,江西洪州职业学院,528,大数据与会计,2,422,242085
3696,江西洪州职业学院,529,电子商务,2,415,246361
3696,江西洪州职业学院,530,酒店管理与数字化运营,2,405,251586
3696,江西洪州职业学院,531,学前教育,2,420,243269
3696,江西洪州职业学院,532,网络营销与直播电商,2,410,249014
3697,抚州幼儿师范高等专科学校,501,人工智能技术应用,10,413,247395
3698,江西环境工程职业学院,501,环境工程技术,6,433,234653
3698,江西环境工程职业学院,502,食品检验检测技术,3,438,230774
3698,江西环境工程职业学院,503,建筑室内设计,6,436,232648
3698,江西环境工程职业学院,504,数字媒体技术,5,449,222587
3698,江西环境工程职业学院,505,大数据与会计,5,441,228756
3698,江西环境工程职业学院,506,电子商务,4,433,234560
3698,江西环境工程职业学院,507,现代物流管理,3,438,231423
3698,江西环境工程职业学院,508,软件技术,5,445,225639
3698,江西环境工程职业学院,509,人工智能技术应用,4,438,231285
3698,江西环境工程职业学院,510,电子信息工程技术,5,436,232493
3698,江西环境工程职业学院,511,新能源汽车技术,4,442,228288
3698,江西环境工程职业学院,512,机电一体化技术,5,445,225832
3698,江西环境工程职业学院,513,电气自动化技术,5,446,225440
3698,江西环境工程职业学院,514,物联网应用技术,5,429,237674
3698,江西环境工程职业学院,515,动漫制作技术,5,437,232107
3698,江西环境工程职业学院,516,数控技术,5,436,232823
3698,江西环境工程职业学院,517,水土保持技术,5,417,245096
3699,江西生物科技职业学院,505,水产养殖技术,1,471,203796
3699,江西生物科技职业学院,507,机电一体化技术,1,481,193297
3699,江西生物科技职业学院,508,新能源汽车技术,1,472,202329
3699,江西生物科技职业学院,509,花卉生产与花艺,1,447,224590
3704,东营职业学院,501,化工安全技术,5,429,237470
3704,东营职业学院,502,机械制造及自动化,2,456,217123
3704,东营职业学院,503,智能建造技术,2,441,229027
3704,东营职业学院,504,市场营销,2,429,237393
3704,东营职业学院,505,人工智能技术应用,5,431,235992
3704,东营职业学院,506,药品生产技术,4,428,238213
3705,济南大学,13,化学类,1,531,135147
3706,烟台科技学院,1,电气工程及其自动化,1,525,142464
3706,烟台科技学院,2,人工智能,5,489,184409
3706,烟台科技学院,3,计算机科学与技术,4,487,186717
3706,烟台科技学院,4,虚拟现实技术,2,488,185713
3707,济南工程职业技术学院,501,市场营销,2,435,233198
3707,济南工程职业技术学院,502,新能源汽车技术,3,444,226311
3708,山东职业学院,501,铁道机车运用与维护,7,480,194115
3708,山东职业学院,502,铁道供电技术(中外合作办学),4,455,217940
3708,山东职业学院,503,铁道信号自动控制(中外合作办学),2,463,210424
3708,山东职业学院,504,铁道工程技术(中外合作办学),4,449,223056
3708,山东职业学院,505,城市轨道车辆应用技术,1,487,187314
3708,山东职业学院,506,城市轨道交通机电技术,4,484,190648
3708,山东职业学院,507,城市轨道交通运营管理,2,539,125693
3708,山东职业学院,508,城市轨道交通通信信号技术,4,467,207418
3708,山东职业学院,509,城市轨道交通供配电技术,4,462,211867
3708,山东职业学院,510,港口机械与智能控制,2,453,219505
3708,山东职业学院,511,软件技术,4,448,223699
3708,山东职业学院,512,民航安全技术管理,2,460,213366
3710,聊城大学,10,应用化学(中外合作办学),3,496,177557
3710,聊城大学,11,生物工程(中外合作办学),1,518,151362
3710,聊城大学,12,生物制药(中外合作办学),2,487,186982
3711,临沂大学,19,生物技术(中外合作办学),2,486,187773
3711,临沂大学,21,食品科学与工程(中外合作办学),2,488,185740
3711,临沂大学,22,动物科学(中外合作办学),3,486,188011
3713,青岛滨海学院,11,数字经济,4,481,193550
3713,青岛滨海学院,12,机械设计制造及其自动化,1,489,184596
3713,青岛滨海学院,13,新能源材料与器件,4,484,190563
3713,青岛滨海学院,14,电气工程及其自动化,1,514,156223
3713,青岛滨海学院,15,电子科学与技术,3,484,189782
3713,青岛滨海学院,16,计算机科学与技术,3,485,188768
3713,青岛滨海学院,17,物联网工程,4,481,193522
3713,青岛滨海学院,18,数据科学与大数据技术,3,483,191020
3713,青岛滨海学院,19,食品营养与健康,3,478,196169
3713,青岛滨海学院,20,智能医学工程,2,485,188918
3716,青岛港湾职业技术学院,501,港口机械与智能控制,2,442,228442
3716,青岛港湾职业技术学院,502,工业机器人技术,2,444,226433
3716,青岛港湾职业技术学院,503,轮机工程技术,3,438,231417
3716,青岛港湾职业技术学院,504,港口与航运管理,2,450,222175
3716,青岛港湾职业技术学院,505,集装箱运输管理,2,431,235890
3716,青岛港湾职业技术学院,506,无人机应用技术,4,441,228827
3716,青岛港湾职业技术学院,507,电子商务,4,427,238538
3716,青岛港湾职业技术学院,508,国际经济与贸易,2,431,235835
3716,青岛港湾职业技术学院,509,国际商务,3,427,238743
3716,青岛港湾职业技术学院,510,跨境电子商务,3,430,236780
3716,青岛港湾职业技术学院,511,软件技术,2,444,226979
3716,青岛港湾职业技术学院,512,机械制造及自动化,4,452,220435
3716,青岛港湾职业技术学院,513,新能源汽车技术,2,445,225670
3717,青岛恒星科技学院,1,机器人工程,2,482,192236
3717,青岛恒星科技学院,2,软件工程,2,481,193375
3717,青岛恒星科技学院,3,网络工程,4,479,195230
3717,青岛恒星科技学院,7,教育技术学,2,479,195860
3717,青岛恒星科技学院,9,生物工程,2,475,199223
3717,青岛恒星科技学院,11,智能装备与系统,2,483,191171
3717,青岛恒星科技学院,501,电气自动化技术,5,396,256395
3717,青岛恒星科技学院,502,机电一体化技术,10,380,263558
3717,青岛恒星科技学院,503,应用电子技术,7,335,277967
3717,青岛恒星科技学院,504,电子产品检测技术,5,343,276070
3717,青岛恒星科技学院,505,汽车技术服务与营销,6,317,281745
3717,青岛恒星科技学院,506,计算机网络技术,4,367,268639
3717,青岛恒星科技学院,507,大数据技术,5,349,274628
3717,青岛恒星科技学院,508,软件技术,10,339,277077
3717,青岛恒星科技学院,509,建筑消防技术,5,343,276096
3717,青岛恒星科技学院,510,建筑工程技术,10,325,280234
3717,青岛恒星科技学院,511,工程造价,15,311,282724
3717,青岛恒星科技学院,512,电子商务,10,366,269089
3717,青岛恒星科技学院,513,关务与外贸服务,8,309,283062
3717,青岛恒星科技学院,514,现代物流管理,3,350,274281
3717,青岛恒星科技学院,515,连锁经营与管理,6,315,282090
3717,青岛恒星科技学院,516,金融服务与管理,10,337,277427
3717,青岛恒星科技学院,517,大数据与会计,5,364,269722
3717,青岛恒星科技学院,518,空中乘务,5,341,276612
3717,青岛恒星科技学院,519,旅游管理,10,341,276638
3717,青岛恒星科技学院,520,应用日语,10,331,278909
3717,青岛恒星科技学院,521,应用韩语,5,364,269946
3717,青岛恒星科技学院,522,早期教育,8,338,277230
3717,青岛恒星科技学院,523,婴幼儿托育服务与管理,10,310,282881
3717,青岛恒星科技学院,524,护理,5,377,264963
3717,青岛恒星科技学院,525,中医康复技术,10,394,257081
3717,青岛恒星科技学院,526,智慧健康养老服务与管理,8,360,271247
3717,青岛恒星科技学院,527,包装策划与设计,5,344,275698
3718,青岛酒店管理职业技术学院,501,烹饪工艺与营养,5,439,230684
3718,青岛酒店管理职业技术学院,502,西式烹饪工艺,5,441,228696
3718,青岛酒店管理职业技术学院,503,新能源装备技术,4,429,237335
3718,青岛酒店管理职业技术学院,504,电子商务,3,426,239680
3718,青岛酒店管理职业技术学院,505,大数据与会计,10,427,238780
3718,青岛酒店管理职业技术学院,506,计算机应用技术,5,430,236959
3718,青岛酒店管理职业技术学院,507,数字媒体技术,4,440,229554
3718,青岛酒店管理职业技术学院,508,物联网应用技术,4,433,234803
3722,青岛农业大学海都学院,3,工程造价,1,490,183768
3722,青岛农业大学海都学院,8,食品科学与工程,1,487,187331
3722,青岛农业大学海都学院,9,食品质量与安全,1,502,170327
3722,青岛农业大学海都学院,12,园林,1,482,192214
3722,青岛农业大学海都学院,502,大数据技术,2,485,189294
3722,青岛农业大学海都学院,503,大数据与财务管理,2,322,280736
3722,青岛农业大学海都学院,507,建筑工程技术,1,392,258478
3722,青岛农业大学海都学院,508,软件技术,2,323,280509
3722,青岛农业大学海都学院,509,虚拟现实技术应用,1,299,284751
3722,青岛农业大学海都学院,510,园林技术,1,440,229620
3722,青岛农业大学海都学院,511,中小企业创业与经营,1,402,253120
3723,青岛求实职业技术学院,501,动物医学,10,442,227826
3723,青岛求实职业技术学院,502,动物药学,5,404,252295
3723,青岛求实职业技术学院,503,空中乘务,5,329,279320
3723,青岛求实职业技术学院,504,计算机网络技术,5,342,276212
3723,青岛求实职业技术学院,505,软件技术,10,339,276986
3723,青岛求实职业技术学院,506,护理,35,341,276580
3723,青岛求实职业技术学院,507,药学,10,398,255514
3723,青岛求实职业技术学院,508,中药学,10,410,248933
3723,青岛求实职业技术学院,509,医学检验技术,25,357,272058
3723,青岛求实职业技术学院,510,医学影像技术,20,384,262113
3723,青岛求实职业技术学院,511,康复治疗技术,10,394,257262
3723,青岛求实职业技术学院,512,眼视光技术,10,403,252856
3724,青岛职业技术学院,501,电气自动化技术,3,458,215351
3724,青岛职业技术学院,502,软件技术,3,470,204513
3724,青岛职业技术学院,503,应用化工技术,4,443,227196
3724,青岛职业技术学院,504,生物制药技术,5,443,227457
3724,青岛职业技术学院,505,电子商务,2,440,229562
3724,青岛职业技术学院,506,传播与策划,1,558,102441
3724,青岛职业技术学院,507,旅游管理,4,435,233080
3724,青岛职业技术学院,508,酒店管理与数字化运营,4,428,237896
3724,青岛职业技术学院,509,休闲服务与管理,4,429,237511
3724,青岛职业技术学院,510,商务日语,5,442,228456
3724,青岛职业技术学院,511,研学旅行管理与服务,6,420,243012
3724,青岛职业技术学院,512,人力资源管理,4,443,227605
3724,青岛职业技术学院,513,旅游管理(中外合作办学),2,411,248557
3726,齐鲁理工学院,2,生物医学工程,1,486,188058
3726,齐鲁理工学院,501,护理,2,467,207095
3726,齐鲁理工学院,503,医学检验技术,2,468,206048
3727,日照职业技术学院,502,食品检验检测技术,1,483,191477
3727,日照职业技术学院,503,食品智能加工技术,1,469,204797
3727,日照职业技术学院,504,生物制药技术,1,451,221502
3727,日照职业技术学院,505,水产养殖技术,1,472,202672
3727,日照职业技术学院,506,工程造价,1,416,245559
3727,日照职业技术学院,507,建设工程管理,1,450,222221
3727,日照职业技术学院,508,建筑工程技术,1,468,206181
3727,日照职业技术学院,513,飞行器数字化制造技术,1,457,216106
3727,日照职业技术学院,514,飞行器维修技术,1,474,200493
3727,日照职业技术学院,515,通用航空航务技术,1,463,211007
3727,日照职业技术学院,517,汽车检测与维修技术,1,476,198291
3727,日照职业技术学院,518,新能源汽车技术,1,473,201296
3727,日照职业技术学院,519,新能源汽车检测与维修技术,1,477,197437
3727,日照职业技术学院,520,智能网联汽车技术,1,464,209583
3727,日照职业技术学院,521,工业互联网技术,1,472,202728
3727,日照职业技术学院,522,人工智能技术应用,1,465,208765
3727,日照职业技术学院,524,物联网应用技术,1,453,219509
3727,日照职业技术学院,525,信息安全技术应用,1,485,188895
3727,日照职业技术学院,528,电子商务,1,459,214309
3727,日照职业技术学院,529,现代物流管理,1,482,192699
3727,日照职业技术学院,530,旅游管理,1,484,190441
3729,山东财经大学东方学院,6,统计学,2,510,161029
3730,山东城市建设职业学院,501,建筑消防技术,5,423,241424
3730,山东城市建设职业学院,502,城市燃气工程技术,5,429,237116
3730,山东城市建设职业学院,503,人工智能技术应用,10,422,241685
3730,山东城市建设职业学院,504,环境监测技术,5,425,240040
3730,山东城市建设职业学院,505,数字媒体艺术设计,5,425,240307
3738,山东交通学院,12,交通运输(中外合作办学)(双证),1,501,171110
3744,山东力明科技职业学院,501,中医学,3,475,199551
3744,山东力明科技职业学院,502,中药学,5,429,237159
3744,山东力明科技职业学院,503,药学,5,421,242670
3744,山东力明科技职业学院,504,针灸推拿,7,469,205327
3744,山东力明科技职业学院,505,医学检验技术,5,433,234606
3744,山东力明科技职业学院,506,医学影像技术,5,402,253299
3744,山东力明科技职业学院,507,护理,3,418,244246
3744,山东力明科技职业学院,509,临床医学,2,464,210319
3744,山东力明科技职业学院,510,助产,2,414,246694
3747,山东商业职业技术学院,501,国际商务,4,435,233133
3747,山东商业职业技术学院,502,电子商务,3,433,234401
3747,山东商业职业技术学院,503,金融服务与管理,6,445,226229
3747,山东商业职业技术学院,504,中医康复技术,2,461,212440
3747,山东商业职业技术学院,505,融媒体技术与运营,5,442,228074
3747,山东商业职业技术学院,506,中小企业创业与经营,2,421,242674
3747,山东商业职业技术学院,507,工商企业管理,2,443,227217
3747,山东商业职业技术学院,508,知识产权管理,3,474,200089
3747,山东商业职业技术学院,509,智能产品开发与应用,3,409,249710
3749,山东外贸职业学院,501,国际金融,2,437,231651
3749,山东外贸职业学院,502,商务日语,1,460,213881
3749,山东外贸职业学院,503,应用法语,1,453,219531
3749,山东外贸职业学院,504,应用西班牙语,2,434,234047
3749,山东外贸职业学院,505,人工智能技术应用,2,441,228592
3749,山东外贸职业学院,506,虚拟现实技术应用,8,430,236722
3749,山东外贸职业学院,507,现代物流管理,12,424,240865
3749,山东外贸职业学院,508,关务与外贸服务,2,442,227977
3749,山东外贸职业学院,509,电子商务,2,455,218095
3750,齐鲁医药学院,501,药品经营与管理,1,438,230910
3750,齐鲁医药学院,504,护理,4,451,221365
3750,齐鲁医药学院,505,药学,2,460,213752
3750,齐鲁医药学院,507,中药学,2,466,208280
3750,齐鲁医药学院,508,医学检验技术,2,462,211482
3750,齐鲁医药学院,509,医学影像技术,2,472,202157
3750,齐鲁医药学院,511,医学美容技术,1,451,221408
3751,山东现代学院,1,医学检验技术,1,496,176670
3751,山东现代学院,2,康复治疗学,3,487,186935
3751,山东现代学院,3,药学,2,489,184905
3751,山东现代学院,7,人工智能,1,512,158044
3751,山东现代学院,8,数据科学与大数据技术,1,498,174721
3751,山东现代学院,501,临床医学,2,474,200400
3751,山东现代学院,503,针灸推拿,3,486,187740
3751,山东现代学院,504,中药学,8,434,234129
3751,山东现代学院,505,护理,10,405,251845
3751,山东现代学院,506,计算机应用技术,2,317,281642
3752,山东协和学院,2,中药学,3,485,188785
3752,山东协和学院,3,医学检验技术,8,485,188990
3752,山东协和学院,4,医学影像技术,1,489,184562
3752,山东协和学院,5,康复治疗学,6,487,186972
3754,山东畜牧兽医职业学院,501,畜牧兽医,2,487,187391
3754,山东畜牧兽医职业学院,502,水产养殖技术,5,438,230871
3754,山东畜牧兽医职业学院,504,野生动植物资源保护与利用,5,442,228445
3754,山东畜牧兽医职业学院,505,宠物医疗技术,3,485,189167
3754,山东畜牧兽医职业学院,506,宠物养护与驯导,3,481,193142
3754,山东畜牧兽医职业学院,507,食品检验检测技术,5,436,232864
3756,山东英才学院,501,现代物流管理,9,338,277228
3756,山东英才学院,502,工程造价,10,294,285545
3756,山东英才学院,503,建筑工程技术,10,323,280579
3756,山东英才学院,504,护理,20,340,276673
3756,山东英才学院,505,大数据技术,10,354,272897
3758,潍坊学院,2,海洋渔业科学与技术,2,522,146476
3761,烟台南山学院,2,复合材料与工程,3,489,184803
3761,烟台南山学院,3,金属材料工程,3,489,185004
3761,烟台南山学院,4,纺织工程,2,487,187013
3761,烟台南山学院,6,精细化工,3,488,185684
3761,烟台南山学院,12,计算金融,3,487,186740
3761,烟台南山学院,501,材料成型及控制技术,4,362,270346
3761,烟台南山学院,502,机电一体化技术,3,437,231755
3761,烟台南山学院,503,金属智能加工技术,3,268,0
3761,烟台南山学院,504,动漫制作技术,3,417,245037
3761,烟台南山学院,505,智慧健康养老服务与管理,1,482,192458
3761,烟台南山学院,506,运动健康指导,3,268,0
3764,青岛工学院,1,工业设计,1,481,193090
3764,青岛工学院,2,信息安全,4,482,192007
3764,青岛工学院,3,土木工程,2,481,193387
3764,青岛工学院,4,食品科学与工程,6,483,191415
3764,青岛工学院,5,食品营养与检验教育,8,477,197177
3764,青岛工学院,6,食品质量与安全,6,482,192444
3764,青岛工学院,7,化学工程与工业生物工程,6,484,189914
3764,青岛工学院,13,金融工程,3,483,190841
3764,青岛工学院,19,人工智能,3,483,190823
3764,青岛工学院,20,机器人工程,2,484,190062
3764,青岛工学院,21,制药工程,2,484,190346
3764,青岛工学院,23,数据科学与大数据技术,3,482,192246
3768,青岛城市学院,3,机器人工程,1,487,186604
3768,青岛城市学院,4,计算机科学与技术,1,488,185798
3768,青岛城市学院,7,人工智能,1,486,188207
3768,青岛城市学院,9,金融科技,1,483,191043
3769,山东工程职业技术大学,2,智能建造工程,2,481,193440
3769,山东工程职业技术大学,3,大数据工程技术,1,489,184685
3769,山东工程职业技术大学,501,建筑工程技术,5,388,260418
3769,山东工程职业技术大学,502,城市轨道交通运营管理,5,387,260847
3769,山东工程职业技术大学,503,大数据技术,5,388,260207
3769,山东工程职业技术大学,504,定翼机驾驶技术,5,351,273935
3769,山东工程职业技术大学,505,民航运输服务,5,316,281891
3771,青岛电影学院,11,虚拟现实技术,10,460,213382
3773,青岛黄海学院,1,经济统计学,1,483,190910
3773,青岛黄海学院,2,金融科技,1,480,194958
3773,青岛黄海学院,3,数字经济,1,478,196012
3773,青岛黄海学院,5,车辆工程,2,483,190830
3773,青岛黄海学院,6,船舶与海洋工程,3,486,187841
3773,青岛黄海学院,9,工业智能,2,484,189953
3773,青岛黄海学院,10,计算机科学与技术(中外合作办学),12,464,210408
3773,青岛黄海学院,11,数据科学与大数据技术(中外合作办学),11,458,214945
3773,青岛黄海学院,501,新能源汽车技术,3,364,269749
3773,青岛黄海学院,502,大数据技术,3,359,271346
3773,青岛黄海学院,504,护理,2,425,240301
3773,青岛黄海学院,505,大数据与财务管理,30,291,286122
3773,青岛黄海学院,506,大数据与会计,3,418,244521
3773,青岛黄海学院,507,电子商务,3,353,273237
3773,青岛黄海学院,508,早期教育,2,329,279386
3783,山东中医药高等专科学校,501,健康管理,15,433,234327
3783,山东中医药高等专科学校,502,医学美容技术,14,460,213669
3783,山东中医药高等专科学校,503,医学营养,15,444,226936
3784,泰山科技学院,1,虚拟现实技术,3,478,196530
3784,泰山科技学院,2,信息管理与信息系统,2,476,198293
3784,泰山科技学院,3,智能建造,3,475,199610
3784,泰山科技学院,4,通信工程,4,480,194305
3784,泰山科技学院,5,人工智能,3,481,193449
3784,泰山科技学院,13,计算机科学与技术,2,483,191350
3784,泰山科技学院,15,机械设计制造及其自动化,2,482,191982
3784,泰山科技学院,501,计算机网络技术,12,336,277700
3784,泰山科技学院,502,软件技术,10,318,281563
3784,泰山科技学院,503,智能制造装备技术,10,300,284593
3784,泰山科技学院,504,机械制造及自动化,12,322,280698
3784,泰山科技学院,505,机电一体化技术,6,369,267910
3784,泰山科技学院,506,智能控制技术,10,304,283900
3784,泰山科技学院,507,智能机器人技术,10,356,272352
3784,泰山科技学院,508,电气自动化技术,13,388,260218
3784,泰山科技学院,509,智能网联汽车技术,12,332,278711
3784,泰山科技学院,510,建筑工程技术,8,300,284573
3784,泰山科技学院,511,工程造价,10,282,287736
3784,泰山科技学院,512,电子信息工程技术,10,268,0
3784,泰山科技学院,515,人工智能技术应用,10,280,288111
3784,泰山科技学院,516,电信服务与管理,10,268,0
3784,泰山科技学院,517,大数据与会计,10,333,278405
3784,泰山科技学院,518,大数据与审计,15,323,280571
3784,泰山科技学院,519,国际经济与贸易,8,324,280433
3784,泰山科技学院,520,法律事务,12,362,270627
3785,临沂科技职业学院,501,药品经营与管理,10,433,234534
3785,临沂科技职业学院,502,会展策划与管理,10,421,242297
3787,曲阜远东职业技术学院,501,应用电子技术,10,311,282721
3787,曲阜远东职业技术学院,502,计算机应用技术,10,351,273783
3787,曲阜远东职业技术学院,503,现代通信技术,10,303,284053
3787,曲阜远东职业技术学院,504,集成电路技术,10,268,0
3787,曲阜远东职业技术学院,505,护理,20,324,280410
3787,曲阜远东职业技术学院,506,网络营销与直播电商,10,315,282053
3787,曲阜远东职业技术学院,507,数字媒体艺术设计,10,296,285224
3787,曲阜远东职业技术学院,508,书画艺术,10,268,0
3787,曲阜远东职业技术学院,509,动漫设计,10,301,284329
3787,曲阜远东职业技术学院,510,雕刻艺术设计,10,268,0
3787,曲阜远东职业技术学院,511,舞蹈表演,10,305,283821
3787,曲阜远东职业技术学院,512,社区管理与服务,10,294,285600
3788,山东圣翰财贸职业学院,501,金融服务与管理,14,268,0
3788,山东圣翰财贸职业学院,502,工商企业管理,8,268,0
3788,山东圣翰财贸职业学院,503,大数据与会计,33,268,0
3788,山东圣翰财贸职业学院,504,市场营销,35,268,0
3788,山东圣翰财贸职业学院,505,药品经营与管理,10,268,0
3788,山东圣翰财贸职业学院,506,机电一体化技术,19,268,0
3788,山东圣翰财贸职业学院,508,口腔医学技术,5,422,241772
3788,山东圣翰财贸职业学院,509,药学,6,399,254628
3788,山东圣翰财贸职业学院,510,老年保健与管理,35,268,0
3789,山东化工职业学院,501,应用化工技术,10,429,237070
3789,山东化工职业学院,502,金融科技应用,10,421,242737
3790,山东文化产业职业学院,501,人工智能技术应用,2,335,277882
3790,山东文化产业职业学院,502,网络直播与运营,2,336,277844
3790,山东文化产业职业学院,503,大数据技术,2,325,280146
3790,山东文化产业职业学院,504,无人机应用技术,2,373,266674
3790,山东文化产业职业学院,505,数字媒体技术,2,334,278146
3790,山东文化产业职业学院,510,文物修复与保护,2,421,242699
3790,山东文化产业职业学院,511,数字时尚设计,2,325,280135
3790,山东文化产业职业学院,515,广播影视节目制作,3,308,283228
3790,山东文化产业职业学院,516,影视多媒体技术,3,312,282601
3790,山东文化产业职业学院,517,摄影摄像技术,2,318,281541
3791,山东艺术设计职业学院,502,建筑装饰工程技术,17,316,281937
3791,山东艺术设计职业学院,504,工业设计,6,338,277171
3791,山东艺术设计职业学院,505,虚拟现实技术应用,10,321,280917
3791,山东艺术设计职业学院,506,软件技术,15,308,283216
3791,山东艺术设计职业学院,507,全媒体广告策划与营销,15,323,280659
3791,山东艺术设计职业学院,512,婴幼儿托育服务与管理,5,326,280065
3791,山东艺术设计职业学院,513,网络营销与直播电商,15,324,280376
3791,山东艺术设计职业学院,514,旅游管理,5,341,276472
3792,烟台黄金职业学院,501,艺术设计,5,344,275837
3792,烟台黄金职业学院,502,计算机网络技术,5,332,278778
3792,烟台黄金职业学院,503,虚拟现实技术应用,5,268,0
3792,烟台黄金职业学院,504,跨境电子商务,5,268,0
3793,日照航海工程职业学院,501,网络直播与运营,7,341,276579
3793,日照航海工程职业学院,502,工业机器人技术,8,373,266536
3793,日照航海工程职业学院,503,电子商务,5,365,269317
3794,青岛航空科技职业学院,501,民航运输服务,6,327,279828
3794,青岛航空科技职业学院,502,飞机机电设备维修,12,344,275842
3794,青岛航空科技职业学院,503,无人机应用技术,6,372,266819
3794,青岛航空科技职业学院,504,通用航空器维修,6,353,273240
3795,潍坊食品科技职业学院,501,酿酒技术,10,358,271761
3795,潍坊食品科技职业学院,502,农产品加工与质量检测,10,337,277411
3795,潍坊食品科技职业学院,503,绿色生物制造技术,10,292,285939
3795,潍坊食品科技职业学院,504,精细化工技术,15,268,0
3795,潍坊食品科技职业学院,505,食品智能加工技术,10,317,281750
3795,潍坊食品科技职业学院,506,智能控制技术,15,294,285549
3795,潍坊食品科技职业学院,507,艺术设计,10,268,0
3795,潍坊食品科技职业学院,508,视觉传达设计,10,290,286273
3795,潍坊食品科技职业学院,509,数字媒体技术,10,355,272803
3795,潍坊食品科技职业学院,510,融媒体技术与运营,15,268,0
3795,潍坊食品科技职业学院,511,社会体育,10,311,282806
3795,潍坊食品科技职业学院,512,电子竞技运动与管理,10,336,277823
3795,潍坊食品科技职业学院,513,运动训练,5,301,284394
3795,潍坊食品科技职业学院,515,应急救援技术,20,268,0
3795,潍坊食品科技职业学院,516,冷链物流技术与管理,15,268,0
3795,潍坊食品科技职业学院,517,高速铁路客运服务,15,348,274846
3797,滨州科技职业学院,501,大数据技术,6,268,0
3797,滨州科技职业学院,502,人工智能技术应用,8,298,284877
3797,滨州科技职业学院,503,数字化设计与制造技术,6,268,0
3797,滨州科技职业学院,504,融媒体技术与运营,8,268,0
3797,滨州科技职业学院,505,动漫制作技术,8,310,282943
3797,滨州科技职业学院,506,康复治疗技术,8,378,264334
3797,滨州科技职业学院,507,中药学,6,402,253193
3798,德州工程职业学院,501,工业机器人技术,2,341,276615
3798,德州工程职业学院,502,新能源汽车检测与维修技术,2,353,273312
3798,德州工程职业学院,503,数字媒体技术,2,340,276868
3798,德州工程职业学院,504,大数据与会计,5,323,280483
3798,德州工程职业学院,505,跨境电子商务,5,298,284858
3798,德州工程职业学院,506,供应链运营,2,292,285894
3798,德州工程职业学院,507,大数据技术,2,319,281353
3798,德州工程职业学院,508,网络营销与直播电商,5,296,285216
3798,德州工程职业学院,509,环境艺术设计,3,324,280346
3798,德州工程职业学院,510,体育保健与康复,2,328,279672
3799,山东水利职业学院,501,水利工程,6,450,222054
3799,山东水利职业学院,502,水利水电建筑工程,2,445,226120
3799,山东水利职业学院,503,工程造价,2,431,235629
3799,山东水利职业学院,504,机电一体化技术,6,445,225785
3799,山东水利职业学院,505,工业机器人技术,2,443,227054
3799,山东水利职业学院,506,无人机应用技术,2,449,222642
3799,山东水利职业学院,507,计算机应用技术,2,432,235051
3799,山东水利职业学院,508,软件技术,2,426,239154
3799,山东水利职业学院,509,大数据与会计,6,434,233881
3801,江西新能源科技职业学院,501,新能源汽车技术,5,412,248015
3801,江西新能源科技职业学院,502,人工智能技术应用,5,405,251882
3801,江西新能源科技职业学院,503,软件技术,5,421,242352
3801,江西新能源科技职业学院,504,护理,15,428,237883
3801,江西新能源科技职业学院,505,老年保健与管理,5,402,253248
3801,江西新能源科技职业学院,506,大数据与会计,5,416,245554
3802,赣南卫生健康职业学院,501,护理,3,485,189495
3802,赣南卫生健康职业学院,502,口腔医学,5,486,188174
3802,赣南卫生健康职业学院,503,临床医学,5,466,208010
3804,和君职业学院,501,新能源材料应用技术,2,361,270993
3804,和君职业学院,502,稀土材料技术,2,362,270546
3804,和君职业学院,503,无人机应用技术(eVTOL方向),3,357,272125
3804,和君职业学院,504,新能源汽车技术,2,360,271112
3804,和君职业学院,505,光电显示技术,2,339,277076
3804,和君职业学院,506,婴幼儿托育服务与管理,2,373,266654
3804,和君职业学院,507,现代物流管理(智慧医药物流SPD方向),3,388,260063
3804,和君职业学院,508,舞台艺术设计与制作(舞台/灯光/音响/服装方向),5,366,268964
3804,和君职业学院,512,稀土材料技术(新材料方向),2,341,276467
3805,上饶幼儿师范高等专科学校,501,学前教育(师范),2,448,223890
3805,上饶幼儿师范高等专科学校,503,研学旅行管理与服务,2,429,237598
3805,上饶幼儿师范高等专科学校,504,智慧旅游技术应用,2,425,239918
3805,上饶幼儿师范高等专科学校,506,智慧健康养老服务与管理,2,437,232048
3805,上饶幼儿师范高等专科学校,507,学前教育(中外合作办学)(师范),2,422,242141
3806,江西工业职业技术学院,501,电气自动化技术,5,442,228332
3806,江西工业职业技术学院,502,纺织品检验与贸易,5,432,235371
3806,江西工业职业技术学院,503,精细化工技术,5,429,237726
3806,江西工业职业技术学院,504,旅游管理,5,433,234898
3806,江西工业职业技术学院,505,现代家政服务与管理,5,426,239478
3807,宜春职业技术学院,502,护理(中外合作办学),5,448,223754
3807,宜春职业技术学院,503,临床医学,4,485,188953
3809,上饶卫生健康职业学院,501,护理,9,475,199882
3809,上饶卫生健康职业学院,502,药学,1,481,193436
3809,上饶卫生健康职业学院,503,中医康复技术,2,473,201084
3809,上饶卫生健康职业学院,504,助产,2,460,213627
3809,上饶卫生健康职业学院,505,眼视光技术,1,427,238849
3809,上饶卫生健康职业学院,506,老年保健与管理,1,460,213738
3810,江西樟树中医药职业学院,501,中药学,4,447,224679
3810,江西樟树中医药职业学院,502,护理,10,442,228272
3810,江西樟树中医药职业学院,503,中医康复技术,4,443,227069
3810,江西樟树中医药职业学院,504,康复治疗技术,4,438,231173
3811,江西管理职业学院,501,药学,8,440,229400
3811,江西管理职业学院,502,中药学,8,441,228770
3811,江西管理职业学院,503,药物制剂技术,5,427,238992
3811,江西管理职业学院,504,药品质量与安全,5,425,240218
3811,江西管理职业学院,505,智慧健康养老服务与管理,6,421,242383
3812,南昌健康职业技术学院,501,护理,10,470,204600
3812,南昌健康职业技术学院,502,中药学,3,481,193937
3812,南昌健康职业技术学院,503,中医康复技术,5,475,199242
3813,鹰潭卫生职业学院,501,护理,18,382,262854
3813,鹰潭卫生职业学院,502,中医康复技术,6,391,259018
3813,鹰潭卫生职业学院,503,医学检验技术,6,346,275413
3815,赣东职业技术学院,501,建筑工程技术,6,328,279562
3815,赣东职业技术学院,502,新能源汽车技术,7,342,276238
3815,赣东职业技术学院,503,人工智能技术应用,6,325,280250
3815,赣东职业技术学院,504,数字媒体艺术设计,3,361,270728
3815,赣东职业技术学院,505,智慧健康养老服务与管理,8,331,278977
3815,赣东职业技术学院,506,装配式建筑工程技术,3,305,283776
3815,赣东职业技术学院,507,工程造价,6,307,283486
3815,赣东职业技术学院,508,机电一体化技术,6,361,270687
3815,赣东职业技术学院,509,机械制造及自动化,5,355,272672
3815,赣东职业技术学院,510,电子信息工程技术,6,320,281191
3815,赣东职业技术学院,511,大数据技术,7,308,283321
3815,赣东职业技术学院,512,摄影与摄像艺术,2,341,276645
3816,南昌影视传播职业学院,501,数字媒体技术,10,370,267518
3816,南昌影视传播职业学院,502,广告艺术设计,5,373,266673
3816,南昌影视传播职业学院,503,影视编导,5,360,271201
3816,南昌影视传播职业学院,504,摄影摄像技术,5,348,274786
3816,南昌影视传播职业学院,505,舞蹈表演,5,305,283764
3816,南昌影视传播职业学院,506,社会体育,5,360,271175
3816,南昌影视传播职业学院,507,大数据与会计(中外合作办学),10,340,276720
3902,威海职业学院,501,广告艺术设计,4,420,242949
3902,威海职业学院,502,现代物流管理,3,428,237778
3902,威海职业学院,503,药品质量与安全,4,438,230902
3902,威海职业学院,504,新能源汽车检测与维修技术,2,426,239348
3902,威海职业学院,505,跨境电子商务,2,422,242072
3906,山东外国语职业技术大学,501,婴幼儿托育服务与管理,2,361,270956
3906,山东外国语职业技术大学,502,酒店管理与数字化运营,2,356,272497
3906,山东外国语职业技术大学,503,电子商务,1,420,242961
3907,潍坊工商职业学院,501,电气自动化技术,3,386,261333
3907,潍坊工商职业学院,502,机电一体化技术,2,375,265585
3907,潍坊工商职业学院,503,汽车制造与试验技术,2,334,278253
3907,潍坊工商职业学院,504,大数据与财务管理,2,354,273120
3907,潍坊工商职业学院,505,大数据与会计,2,334,278328
3907,潍坊工商职业学院,506,酒店管理与数字化运营,2,339,277050
3907,潍坊工商职业学院,507,旅游管理,4,268,0
3907,潍坊工商职业学院,508,市场营销,5,279,288293
3907,潍坊工商职业学院,509,食品检验检测技术,2,375,265704
3907,潍坊工商职业学院,510,康复治疗技术,2,325,280152
3907,潍坊工商职业学院,511,口腔医学技术,2,396,256314
3907,潍坊工商职业学院,512,医学检验技术,2,363,270203
3907,潍坊工商职业学院,513,医学影像技术,2,410,248713
3907,潍坊工商职业学院,514,智慧健康养老服务与管理,2,345,275448
3907,潍坊工商职业学院,515,计算机应用技术,2,367,268617
3907,潍坊工商职业学院,516,物联网应用技术,2,305,283804
3907,潍坊工商职业学院,517,动漫制作技术,2,321,281044
3908,山东轻工职业学院,501,纺织品检验与贸易,4,416,245714
3908,山东轻工职业学院,502,数字化染整技术,2,421,242396
3908,山东轻工职业学院,503,动漫制作技术,2,424,240513
3909,枣庄科技职业学院,501,智能焊接技术,4,413,247237
3909,枣庄科技职业学院,502,工业机器人技术,5,430,236721
3909,枣庄科技职业学院,503,药学,5,431,235841
3909,枣庄科技职业学院,504,中医学,3,485,189094
4003,长江工程职业技术学院,501,机电一体化技术,4,450,221911
4003,长江工程职业技术学院,502,测绘地理信息技术,6,432,235553
4003,长江工程职业技术学院,503,水利工程,5,446,225019
4003,长江工程职业技术学院,504,建筑智能化工程技术,5,433,234514
4003,长江工程职业技术学院,505,新能源汽车技术,6,443,227636
4003,长江工程职业技术学院,506,建筑装饰工程技术,5,431,236249
4003,长江工程职业技术学院,507,智能建造技术,5,434,234217
4003,长江工程职业技术学院,508,软件技术,4,446,224848
4003,长江工程职业技术学院,509,工业机器人技术(中外合作办学),20,381,263006
4004,长江职业学院,501,新能源汽车技术,6,444,226307
4004,长江职业学院,502,现代物流管理,6,432,235525
4004,长江职业学院,503,旅游管理,8,430,236380
4006,鄂州职业大学,501,电气自动化技术,7,452,220246
4006,鄂州职业大学,502,新能源汽车技术,10,415,245977
4006,鄂州职业大学,503,大数据技术,10,417,244929
4006,鄂州职业大学,504,护理,15,469,205698
4006,鄂州职业大学,505,小学教育(师范),25,452,220285
4006,鄂州职业大学,506,小学英语教育(师范),9,450,222219
4006,鄂州职业大学,507,护理(中外合作办学),3,416,245641
4007,恩施职业技术学院,501,信息安全技术应用,8,420,243396
4007,恩施职业技术学院,502,预防医学,6,425,240017
4007,恩施职业技术学院,503,网络营销与直播电商,5,415,245993
4007,恩施职业技术学院,504,茶叶生产与加工技术,5,421,242778
4007,恩施职业技术学院,505,大数据与会计,10,411,248053
4007,恩施职业技术学院,506,新能源汽车技术,10,435,233096
4007,恩施职业技术学院,507,婴幼儿托育服务与管理,5,411,248550
4007,恩施职业技术学院,508,无人机应用技术,8,423,240969
4007,恩施职业技术学院,509,木业产品设计与制造,3,410,248688
4009,湖北财税职业学院,501,计算机网络技术,2,448,223571
4009,湖北财税职业学院,502,财税大数据应用,4,445,226266
4009,湖北财税职业学院,503,大数据与会计,2,462,211510
4009,湖北财税职业学院,504,电子商务,4,438,231147
4009,湖北财税职业学院,505,大数据与会计(中外合作办学),6,414,246526
4010,湖北城市建设职业技术学院,501,建筑工程技术,13,426,239047
4010,湖北城市建设职业技术学院,502,装配式建筑工程技术,2,428,237769
4010,湖北城市建设职业技术学院,503,智能建造技术,8,432,235143
4010,湖北城市建设职业技术学院,504,建筑钢结构工程技术,3,421,242722
4010,湖北城市建设职业技术学院,505,工程测量技术,3,429,237389
4010,湖北城市建设职业技术学院,506,摄影测量与遥感技术,3,433,234779
4010,湖北城市建设职业技术学院,507,市政工程技术,3,434,233807
4010,湖北城市建设职业技术学院,508,道路与桥梁工程技术,3,439,230261
4010,湖北城市建设职业技术学院,509,现代物流管理,2,435,232876
4012,湖北大学知行学院,18,应用化学,1,509,161987
4016,湖北商贸学院,3,工程造价,1,484,190222
4016,湖北商贸学院,4,电子信息工程,1,489,184578
4017,湖北国土资源职业学院,501,宝玉石鉴定与加工,4,438,230976
4017,湖北国土资源职业学院,502,测绘地理信息技术,6,437,231861
4017,湖北国土资源职业学院,503,摄影测量与遥感技术,5,432,235442
4017,湖北国土资源职业学院,504,导航与位置服务,5,430,236606
4017,湖北国土资源职业学院,505,工程地质勘查,5,420,243048
4017,湖北国土资源职业学院,506,工程造价,6,435,233530
4017,湖北国土资源职业学院,507,水文与工程地质,4,433,234614
4017,湖北国土资源职业学院,508,工业机器人技术,4,442,227856
4018,湖北交通职业技术学院,501,道路与桥梁工程技术,5,448,223875
4018,湖北交通职业技术学院,502,新能源汽车技术,5,449,222978
4018,湖北交通职业技术学院,503,智能物流技术,2,446,225464
4018,湖北交通职业技术学院,504,计算机网络技术,13,436,232786
4018,湖北交通职业技术学院,505,物联网应用技术,17,430,236743
4018,湖北交通职业技术学院,506,人工智能技术应用,13,440,229559
4018,湖北交通职业技术学院,507,跨境电子商务,4,437,231952
4018,湖北交通职业技术学院,508,虚拟现实技术应用,5,444,226324
4018,湖北交通职业技术学院,509,艺术设计,5,433,234766
4018,湖北交通职业技术学院,510,无人机应用技术,12,444,226298
4018,湖北交通职业技术学院,511,机电一体化技术,5,454,218759
4018,湖北交通职业技术学院,512,机电一体化技术(中外合作办学),10,428,238167
4018,湖北交通职业技术学院,513,现代物流管理,4,437,231976
4025,湖北轻工职业技术学院,501,机电一体化技术,3,455,217599
4025,湖北轻工职业技术学院,502,酿酒技术,6,450,222211
4025,湖北轻工职业技术学院,503,食品智能加工技术,10,427,238866
4026,湖北三峡职业技术学院,501,畜牧兽医,2,484,190055
4026,湖北三峡职业技术学院,502,食品检验检测技术,5,463,210853
4026,湖北三峡职业技术学院,503,工程造价,4,452,220104
4026,湖北三峡职业技术学院,504,市政工程技术,6,431,236007
4026,湖北三峡职业技术学院,505,电气自动化技术,2,473,201444
4026,湖北三峡职业技术学院,506,人工智能技术应用,5,448,223415
4026,湖北三峡职业技术学院,509,药学,1,489,184806
4026,湖北三峡职业技术学院,510,护理,5,484,189873
4027,湖北生态工程职业技术学院,501,园艺技术,2,427,238927
4027,湖北生态工程职业技术学院,502,无人机测绘技术,3,432,235049
4027,湖北生态工程职业技术学院,503,园林技术,4,433,234408
4027,湖北生态工程职业技术学院,504,云计算技术应用,4,436,232348
4027,湖北生态工程职业技术学院,505,酒店管理与数字化运营,2,429,237153
4027,湖北生态工程职业技术学院,506,移动应用开发,2,435,232984
4027,湖北生态工程职业技术学院,507,建筑室内设计,2,442,227853
4027,湖北生态工程职业技术学院,508,计算机应用技术,3,442,228509
4027,湖北生态工程职业技术学院,509,计算机网络技术,4,437,231675
4027,湖北生态工程职业技术学院,510,信息安全技术应用,4,436,232336
4027,湖北生态工程职业技术学院,511,大数据与会计,4,447,224144
4027,湖北生态工程职业技术学院,512,跨境电子商务,2,431,236183
4027,湖北生态工程职业技术学院,513,现代物流管理,2,433,234874
4027,湖北生态工程职业技术学院,514,数字媒体艺术设计,2,450,222141
4028,湖北生物科技职业学院,502,药品生物技术,5,447,224034
4028,湖北生物科技职业学院,503,食品检验检测技术,5,439,230662
4028,湖北生物科技职业学院,504,生物制药技术,10,443,227402
4028,湖北生物科技职业学院,505,信息安全技术应用,5,439,230258
4028,湖北生物科技职业学院,506,药学,9,469,205482
4028,湖北生物科技职业学院,507,大数据与会计,5,447,224637
4028,湖北生物科技职业学院,508,电子商务,5,436,232310
4030,湖北水利水电职业技术学院,501,电力储能应用技术,5,442,228075
4030,湖北水利水电职业技术学院,502,光伏工程技术,6,445,225947
4030,湖北水利水电职业技术学院,503,智慧水利技术,3,442,228143
4030,湖北水利水电职业技术学院,504,水利水电工程技术,5,442,228503
4030,湖北水利水电职业技术学院,505,水利水电建筑工程,6,445,225990
4030,湖北水利水电职业技术学院,506,机电一体化技术,4,448,223440
4030,湖北水利水电职业技术学院,507,智能机电技术,5,441,229150
4030,湖北水利水电职业技术学院,508,电气自动化技术,3,455,217577
4030,湖北水利水电职业技术学院,509,道路与桥梁工程技术,3,440,229675
4030,湖北水利水电职业技术学院,510,计算机应用技术,5,445,225999
4031,湖北职业技术学院,501,机电一体化技术,10,453,219147
4031,湖北职业技术学院,502,工业机器人技术,9,446,225497
4031,湖北职业技术学院,503,临床医学,17,468,206472
4031,湖北职业技术学院,505,护理,5,484,190245
4031,湖北职业技术学院,506,药学,10,463,210895
4031,湖北职业技术学院,507,中医康复技术,5,463,211204
4031,湖北职业技术学院,508,医学检验技术,9,467,206765
4031,湖北职业技术学院,509,医学影像技术,9,480,194404
4031,湖北职业技术学院,510,医学美容技术,8,466,208240
4031,湖北职业技术学院,511,康复治疗技术,4,467,207509
4033,湖北中医药高等专科学校,504,口腔医学,7,486,187721
4033,湖北中医药高等专科学校,506,助产,1,496,177409
4033,湖北中医药高等专科学校,517,婴幼儿托育服务与管理,1,481,193451
4035,文华学院,6,大数据管理与应用(电商、物流大数据分析与应用),3,486,188053
4035,文华学院,17,光电信息科学与工程,2,488,185592
4035,文华学院,18,物联网工程,1,498,174866
4035,文华学院,19,数据科学与大数据技术,2,504,168356
4035,文华学院,23,智能电网信息工程,1,488,185598
4035,文华学院,24,增材制造工程,1,488,185774
4035,文华学院,26,智能飞行器技术,1,489,184637
4035,文华学院,27,土木工程,2,480,193973
4035,文华学院,28,环境工程,2,486,187867
4035,文华学院,29,给排水科学与工程,2,485,188849
4035,文华学院,31,工程管理,1,488,185637
4035,文华学院,37,智能制造工程(3D打印及三维数字设计特色班),1,492,181202
4035,文华学院,501,机械设计与制造,10,433,234259
4035,文华学院,502,工业机器人技术,3,429,237566
4035,文华学院,503,无人机应用技术,3,426,239549
4035,文华学院,504,计算机应用技术,10,410,248923
4035,文华学院,505,建筑工程技术,4,399,254918
4035,文华学院,506,环境监测技术,4,404,252278
4035,文华学院,507,工程造价,4,397,255976
4035,文华学院,508,大数据与财务管理,11,380,263452
4035,文华学院,509,市场营销,4,412,247534
4035,文华学院,510,应用英语,5,392,258543
4036,武昌首义学院,9,机器人工程,1,510,160406
4036,武昌首义学院,11,土木工程,2,482,192436
4036,武昌首义学院,20,金融科技,2,487,186964
4036,武昌首义学院,30,集成电路设计与集成系统,1,502,170024
4036,武昌首义学院,502,计算机应用技术（腾讯云特色班）,2,489,184964
4036,武昌首义学院,503,软件技术,2,384,262001
4036,武昌首义学院,504,人工智能技术应用,2,397,256028
4036,武昌首义学院,505,电子信息工程技术,2,386,261054
4036,武昌首义学院,506,现代通信技术,2,383,262302
4036,武昌首义学院,509,电气自动化技术,3,440,229440
4036,武昌首义学院,510,建筑工程技术(城铁优才班),2,408,249957
4036,武昌首义学院,511,智能建造技术,2,398,255221
4036,武昌首义学院,512,市政管网智能检测与维护,2,409,249505
4036,武昌首义学院,514,大数据与财务管理,3,440,229937
4036,武昌首义学院,515,跨境电子商务,2,452,220259
4036,武昌首义学院,516,商务数据分析与应用,2,401,253794
4036,武昌首义学院,518,工业机器人技术,4,387,260859
4036,武昌首义学院,519,集成电路技术,4,380,263680
4038,武汉设计工程学院,12,食品科学与工程,1,487,186953
4041,黄冈科技职业学院,501,机电一体化技术,56,374,265994
4041,黄冈科技职业学院,502,建筑工程技术,8,372,266909
4041,黄冈科技职业学院,503,医学检验技术,78,338,277317
4041,黄冈科技职业学院,504,医疗器械维护与管理,30,349,274534
4041,黄冈科技职业学院,505,飞机机电设备维修,20,348,274757
4041,黄冈科技职业学院,506,大数据技术,15,373,266449
4041,黄冈科技职业学院,507,影视编导,1,424,240709
4041,黄冈科技职业学院,508,智能控制技术,2,375,265859
4041,黄冈科技职业学院,509,融媒体技术与运营,5,370,267787
4041,黄冈科技职业学院,510,工业机器人技术,5,364,269882
4042,黄冈职业技术学院,501,工业机器人技术,6,451,220844
4042,黄冈职业技术学院,502,数字化设计与制造技术,8,436,232818
4042,黄冈职业技术学院,503,新能源汽车技术,8,446,225233
4042,黄冈职业技术学院,504,人工智能技术应用,6,446,224828
4042,黄冈职业技术学院,505,电子商务,8,438,230991
4042,黄冈职业技术学院,509,护理,7,475,199749
4042,黄冈职业技术学院,510,老年保健与管理,8,447,224331
4044,江汉艺术职业学院,507,建筑室内设计,3,426,239177
4044,江汉艺术职业学院,509,新闻采编与制作,3,429,237228
4044,江汉艺术职业学院,510,网络直播与运营,3,428,237788
4044,江汉艺术职业学院,511,融媒体技术与运营,3,424,240834
4044,江汉艺术职业学院,512,无人机应用技术,3,432,235052
4047,荆州职业技术学院,501,工业机器人技术,10,436,232753
4047,荆州职业技术学院,502,机械装备制造技术,5,431,235699
4047,荆州职业技术学院,503,新能源汽车技术,5,434,234241
4047,荆州职业技术学院,504,智能网联汽车技术,5,428,237851
4047,荆州职业技术学院,505,汽车检测与维修技术,5,428,237835
4047,荆州职业技术学院,506,电子商务,5,425,240075
4047,荆州职业技术学院,507,大数据与会计,5,442,227937
4047,荆州职业技术学院,508,药学,10,455,217639
4047,荆州职业技术学院,509,口腔医学技术,6,482,192299
4047,荆州职业技术学院,510,护理,30,445,225968
4047,荆州职业技术学院,511,助产,5,417,244674
4047,荆州职业技术学院,512,大数据技术,5,435,232993
4047,荆州职业技术学院,513,信息安全技术应用,5,424,240455
4047,荆州职业技术学院,514,物联网应用技术,5,420,243133
4047,荆州职业技术学院,515,服装与服饰设计,5,432,235350
4047,荆州职业技术学院,516,室内艺术设计,5,420,242913
4047,荆州职业技术学院,517,动物医学,3,485,189079
4047,荆州职业技术学院,518,学前教育(师范),5,421,242295
4049,三峡大学科技学院,502,输配电工程技术,2,482,192313
4049,三峡大学科技学院,504,智能机电技术,3,475,199963
4049,三峡大学科技学院,505,计算机应用技术,1,486,188496
4049,三峡大学科技学院,506,护理,1,486,188262
4049,三峡大学科技学院,507,大数据与会计,1,479,195657
4050,三峡电力职业学院,501,发电厂及电力系统,15,463,210482
4050,三峡电力职业学院,502,电力系统继电保护技术,9,459,214082
4050,三峡电力职业学院,503,电力系统自动化技术,13,470,204019
4050,三峡电力职业学院,504,机电一体化技术,10,444,226537
4051,荆州理工职业学院,501,智能光电技术应用,4,431,235654
4051,荆州理工职业学院,502,物联网应用技术,3,425,240000
4051,荆州理工职业学院,503,集成电路技术,3,435,233001
4051,荆州理工职业学院,504,风力发电工程技术,5,429,237083
4051,荆州理工职业学院,505,精细化工技术,4,414,246505
4051,荆州理工职业学院,506,计算机应用技术,5,433,234364
4051,荆州理工职业学院,507,电子商务,5,427,238933
4051,荆州理工职业学院,508,中小企业创业与经营,4,421,242486
4051,荆州理工职业学院,509,大数据与会计,4,431,235979
4051,荆州理工职业学院,510,机电一体化技术,4,444,226612
4051,荆州理工职业学院,511,数字化设计与制造技术,4,423,241111
4051,荆州理工职业学院,512,工业机器人技术,3,435,233325
4051,荆州理工职业学院,513,电气自动化技术,3,445,225638
4051,荆州理工职业学院,514,艺术设计,4,418,244320
4051,荆州理工职业学院,515,动漫制作技术,5,443,227718
4051,荆州理工职业学院,516,数字媒体艺术设计,4,439,230508
4051,荆州理工职业学院,517,学前教育(师范),3,427,238881
4051,荆州理工职业学院,518,小学教育(师范),5,467,207376
4051,荆州理工职业学院,519,现代文秘,3,429,237372
4051,荆州理工职业学院,520,体育教育(师范),4,447,224097
4052,湖北工业职业技术学院,503,现代物流管理,3,430,236519
4052,湖北工业职业技术学院,504,药品生物技术(中外合作办学),8,375,265546
4052,湖北工业职业技术学院,505,工业互联网技术,5,432,235023
4052,湖北工业职业技术学院,507,药品生物技术,5,439,230547
4052,湖北工业职业技术学院,508,计算机网络技术,5,425,239819
4052,湖北工业职业技术学院,509,电子商务,10,424,240505
4052,湖北工业职业技术学院,510,大数据与会计,8,436,232279
4052,湖北工业职业技术学院,511,学前教育(师范),6,428,237763
4052,湖北工业职业技术学院,512,大数据与财务管理,10,428,238100
4052,湖北工业职业技术学院,513,网络营销与直播电商,10,423,241434
4052,湖北工业职业技术学院,514,商务数据分析与应用,8,426,239123
4052,湖北工业职业技术学院,515,消防救援技术,2,426,239258
4052,湖北工业职业技术学院,516,数字化设计与制造技术,2,438,230861
4053,随州职业技术学院,501,临床医学,29,453,219713
4053,随州职业技术学院,502,护理,20,448,223879
4053,随州职业技术学院,503,工程造价,10,415,245849
4053,随州职业技术学院,504,婴幼儿托育服务与管理,15,411,248307
4053,随州职业技术学院,505,汽车制造与试验技术,15,423,241486
4054,武汉船舶职业技术学院,501,数控技术,2,457,215804
4054,武汉船舶职业技术学院,502,数字化设计与制造技术,2,452,220124
4054,武汉船舶职业技术学院,503,智能光电制造技术,2,444,226316
4054,武汉船舶职业技术学院,504,智能控制技术,2,447,224388
4054,武汉船舶职业技术学院,505,船舶动力工程技术,2,471,202911
4054,武汉船舶职业技术学院,506,船舶工程技术,3,462,212071
4054,武汉船舶职业技术学院,507,船舶舾装工程技术,2,455,218213
4054,武汉船舶职业技术学院,508,游艇设计与制造,2,445,225667
4054,武汉船舶职业技术学院,509,海洋工程装备技术,2,455,217540
4054,武汉船舶职业技术学院,510,船舶智能焊接技术,4,451,221364
4054,武汉船舶职业技术学院,511,机电一体化技术,3,462,211676
4054,武汉船舶职业技术学院,512,电气自动化技术,2,460,213217
4054,武汉船舶职业技术学院,513,船舶电气工程技术,2,455,217702
4054,武汉船舶职业技术学院,514,工业互联网应用,2,444,227037
4054,武汉船舶职业技术学院,515,现代通信技术,2,442,228104
4054,武汉船舶职业技术学院,516,酒店管理与数字化运营,2,432,235463
4054,武汉船舶职业技术学院,517,财税大数据应用,2,438,230999
4054,武汉船舶职业技术学院,518,建筑钢结构工程技术,3,423,241124
4054,武汉船舶职业技术学院,519,供热通风与空调工程技术,2,454,218513
4054,武汉船舶职业技术学院,520,人工智能技术应用,2,453,219129
4054,武汉船舶职业技术学院,521,计算机网络技术,3,452,220667
4054,武汉船舶职业技术学院,522,软件技术,4,452,219995
4054,武汉船舶职业技术学院,523,数字媒体技术,4,461,212506
4054,武汉船舶职业技术学院,524,云计算技术应用,4,446,224751
4054,武汉船舶职业技术学院,525,大数据技术,4,443,227048
4054,武汉船舶职业技术学院,526,电子商务,2,434,233976
4054,武汉船舶职业技术学院,527,供应链运营,2,426,239276
4054,武汉船舶职业技术学院,528,市场营销,2,431,236102
4054,武汉船舶职业技术学院,529,现代物流管理,2,439,230215
4054,武汉船舶职业技术学院,530,商务数据分析与应用,2,441,228920
4054,武汉船舶职业技术学院,531,新能源汽车技术,2,449,222442
4054,武汉船舶职业技术学院,532,大数据与会计,3,472,201931
4054,武汉船舶职业技术学院,533,旅游管理,2,428,237901
4054,武汉船舶职业技术学院,534,建筑工程技术,3,434,233786
4056,武汉晴川学院,3,通信工程,1,487,187064
4056,武汉晴川学院,4,物联网工程,1,488,185807
4056,武汉晴川学院,6,数据科学与大数据技术,2,486,187652
4056,武汉晴川学院,13,金融科技,3,483,190822
4056,武汉晴川学院,15,工程管理(工程概预算),2,485,188851
4060,武汉工程职业技术学院,501,机械设计与制造,5,453,219488
4060,武汉工程职业技术学院,502,机电一体化技术,4,461,212799
4060,武汉工程职业技术学院,503,智能控制技术,4,455,218132
4060,武汉工程职业技术学院,504,电气自动化技术,4,465,208879
4060,武汉工程职业技术学院,505,工业机器人技术,2,451,221178
4060,武汉工程职业技术学院,506,钢铁智能冶金技术,1,458,215468
4060,武汉工程职业技术学院,507,材料成型及控制技术,2,440,229927
4060,武汉工程职业技术学院,508,新能源汽车技术,2,463,210522
4060,武汉工程职业技术学院,509,大数据技术,4,451,220897
4060,武汉工程职业技术学院,510,计算机应用技术,3,457,216118
4060,武汉工程职业技术学院,511,计算机网络技术,2,451,220911
4060,武汉工程职业技术学院,512,动漫制作技术,2,472,201981
4060,武汉工程职业技术学院,513,建筑工程技术,2,448,223830
4060,武汉工程职业技术学院,514,工程造价,2,437,231591
4060,武汉工程职业技术学院,515,建筑室内设计,2,451,220878
4060,武汉工程职业技术学院,516,大数据与会计,2,472,202610
4060,武汉工程职业技术学院,517,电子商务,2,442,228024
4060,武汉工程职业技术学院,518,现代物流管理,2,446,224773
4060,武汉工程职业技术学院,519,商务英语,3,444,226951
4061,武汉轻工大学,18,材料化学(中外合作办学),1,516,153328
4062,武昌工学院,8,数据科学与大数据技术,3,488,186128
4062,武昌工学院,9,大数据管理与应用(数字科技实验班),3,485,188742
4064,武汉航海职业技术学院,501,航海技术,4,456,216994
4064,武汉航海职业技术学院,502,新能源汽车技术,4,446,224896
4064,武汉航海职业技术学院,503,高速铁路客运服务,6,454,218366
4064,武汉航海职业技术学院,504,国际邮轮乘务管理,3,432,235170
4064,武汉航海职业技术学院,505,港口与航运管理,4,436,232225
4064,武汉航海职业技术学院,506,民航运输服务,5,435,233026
4064,武汉航海职业技术学院,507,数字媒体技术,5,448,223738
4064,武汉航海职业技术学院,508,智能物流技术,4,431,236130
4065,武汉交通职业学院,501,船舶电气工程技术,8,441,228807
4065,武汉交通职业学院,502,船舶动力工程技术,8,439,230151
4065,武汉交通职业学院,503,船舶工程技术,8,443,227076
4065,武汉交通职业学院,504,航海技术,3,470,204112
4065,武汉交通职业学院,505,轮机工程技术,4,448,223340
4065,武汉交通职业学院,506,港口与航运管理,6,440,229988
4065,武汉交通职业学院,507,供应链运营,6,419,243893
4065,武汉交通职业学院,508,现代物流管理,4,438,231333
4065,武汉交通职业学院,509,工程造价,2,445,225988
4065,武汉交通职业学院,510,汽车技术服务与营销,6,393,257825
4065,武汉交通职业学院,511,新能源汽车技术,2,457,215950
4065,武汉交通职业学院,512,机电一体化技术,4,454,218356
4065,武汉交通职业学院,513,大数据技术,4,434,234014
4065,武汉交通职业学院,514,人工智能技术应用,4,445,226157
4068,武汉城市学院,13,数字经济,1,486,187765
4068,武汉城市学院,14,土木工程,2,485,188842
4068,武汉城市学院,25,大数据管理与应用,1,488,186010
4069,武昌理工学院,3,机器人工程,1,489,184764
4069,武昌理工学院,4,智能建造,1,488,185795
4069,武昌理工学院,5,生物工程,1,507,163962
4069,武昌理工学院,8,工程造价,3,489,185132
4069,武昌理工学院,501,装配化装修技术,3,376,265222
4069,武昌理工学院,502,智慧城市管理技术,3,411,248385
4069,武昌理工学院,503,建筑工程技术,3,407,250698
4069,武昌理工学院,504,工程造价,3,403,252724
4069,武昌理工学院,505,机电一体化技术,3,439,230273
4069,武昌理工学院,506,生物制药技术,1,488,186285
4069,武昌理工学院,507,药品经营与管理,3,425,239897
4069,武昌理工学院,508,空中乘务,4,392,258540
4069,武昌理工学院,509,计算机网络技术,2,432,235513
4069,武昌理工学院,510,护理,3,477,197286
4069,武昌理工学院,511,证券实务,4,400,254069
4069,武昌理工学院,512,大数据与财务管理,4,443,227234
4069,武昌理工学院,513,旅游管理,2,422,241905
4069,武昌理工学院,516,大数据与财务管理,3,399,254627
4071,武汉纺织大学外经贸学院,10,网络工程,1,491,182269
4071,武汉纺织大学外经贸学院,501,机电一体化技术,2,435,232868
4071,武汉纺织大学外经贸学院,502,计算机应用技术,1,460,213145
4071,武汉纺织大学外经贸学院,503,软件技术,3,445,226137
4071,武汉纺织大学外经贸学院,504,大数据与会计,2,471,203605
4071,武汉纺织大学外经贸学院,505,国际经济与贸易,3,444,227010
4071,武汉纺织大学外经贸学院,506,市场营销,4,430,236391
4071,武汉纺织大学外经贸学院,507,跨境电子商务,4,433,234818
4071,武汉纺织大学外经贸学院,508,现代物流管理,3,433,234910
4071,武汉纺织大学外经贸学院,512,应用英语,2,433,234529
4073,武汉华夏理工学院,2,车辆工程,1,488,185621
4073,武汉华夏理工学院,6,数据科学与大数据技术(软通动力精英班),5,487,186830
4073,武汉华夏理工学院,8,生物制药,3,486,187717
4073,武汉华夏理工学院,9,制药工程,2,488,186004
4073,武汉华夏理工学院,11,土木工程,4,477,197374
4073,武汉华夏理工学院,12,工程造价,1,484,190071
4073,武汉华夏理工学院,28,大数据管理与应用,1,488,186229
4074,武汉民政职业学院,501,大数据与财务管理,4,455,217962
4074,武汉民政职业学院,502,市场营销,2,443,227363
4074,武汉民政职业学院,503,数字媒体艺术设计,3,467,207167
4074,武汉民政职业学院,506,现代家政服务与管理,3,430,236463
4074,武汉民政职业学院,507,智慧健康养老服务与管理,2,460,213807
4074,武汉民政职业学院,508,婚庆服务与管理,3,432,235551
4074,武汉民政职业学院,510,酒店管理与数字化运营,2,422,241582
4074,武汉民政职业学院,511,旅游管理(中外合作办学),5,404,252211
4074,武汉民政职业学院,512,服装与服饰设计(中外合作办学),5,411,248577
4074,武汉民政职业学院,513,广告艺术设计,2,443,227772
4075,武汉软件工程职业学院,503,机械设计与制造,2,475,199544
4075,武汉软件工程职业学院,506,药品生产技术,4,458,214865
4075,武汉软件工程职业学院,507,食品检验检测技术,2,480,194847
4075,武汉软件工程职业学院,508,会展策划与管理,2,453,219672
4076,武汉商贸职业学院,501,工程造价,4,411,248341
4076,武汉商贸职业学院,502,建设工程管理,4,406,250904
4076,武汉商贸职业学院,503,增材制造技术,3,391,258715
4076,武汉商贸职业学院,504,机电一体化技术,5,429,237211
4076,武汉商贸职业学院,505,智能控制技术,5,416,245818
4076,武汉商贸职业学院,506,工业机器人技术,5,425,239898
4076,武汉商贸职业学院,507,新能源汽车技术,5,415,245857
4076,武汉商贸职业学院,508,智能网联汽车技术,3,413,247191
4076,武汉商贸职业学院,509,应用电子技术,5,417,244976
4076,武汉商贸职业学院,510,机场运行服务与管理,5,409,249336
4076,武汉商贸职业学院,511,高速铁路客运服务,5,417,245007
4076,武汉商贸职业学院,512,护理,13,428,238230
4076,武汉商贸职业学院,513,健康管理,10,402,253126
4076,武汉商贸职业学院,514,医学美容技术,7,430,236361
4076,武汉商贸职业学院,515,婴幼儿托育服务与管理,6,354,273006
4076,武汉商贸职业学院,516,数字媒体技术,8,414,246724
4076,武汉商贸职业学院,517,信息安全技术应用,5,400,254441
4076,武汉商贸职业学院,518,市场营销,7,402,253307
4076,武汉商贸职业学院,519,电子商务,8,406,250929
4076,武汉商贸职业学院,520,跨境电子商务,5,413,247219
4076,武汉商贸职业学院,521,网络营销与直播电商,10,407,250663
4076,武汉商贸职业学院,522,现代物流管理,7,407,250847
4076,武汉商贸职业学院,523,商务英语,5,407,250811
4076,武汉商贸职业学院,524,国际商务,5,405,251516
4076,武汉商贸职业学院,525,智能建造技术,3,394,257146
4076,武汉商贸职业学院,526,酒店管理与数字化运营,4,398,255509
4076,武汉商贸职业学院,527,旅游管理,3,413,247052
4076,武汉商贸职业学院,528,西式烹饪工艺,5,433,234760
4076,武汉商贸职业学院,529,大数据与会计,5,429,237332
4076,武汉商贸职业学院,530,大数据与财务管理,5,418,244532
4076,武汉商贸职业学院,531,工商企业管理,2,412,247754
4076,武汉商贸职业学院,532,软件技术,10,400,254222
4076,武汉商贸职业学院,533,计算机网络技术,8,406,251168
4076,武汉商贸职业学院,534,大数据技术,6,405,251786
4076,武汉商贸职业学院,535,人工智能技术应用,10,413,247366
4076,武汉商贸职业学院,536,工业互联网技术,5,399,254629
4076,武汉商贸职业学院,542,新闻采编与制作,5,390,259263
4078,武汉生物工程学院,1,市场营销,1,560,100433
4078,武汉生物工程学院,8,金融工程,1,501,171028
4078,武汉生物工程学院,11,生物技术,5,488,185763
4078,武汉生物工程学院,12,生物工程,1,489,184718
4078,武汉生物工程学院,13,生物制药,4,489,184968
4078,武汉生物工程学院,15,制药工程,1,509,162237
4078,武汉生物工程学院,16,药学,1,489,184415
4078,武汉生物工程学院,20,应用化学,2,506,165528
4078,武汉生物工程学院,21,环境工程,2,487,186631
4078,武汉生物工程学院,22,食品科学与工程类,1,489,184521
4078,武汉生物工程学院,23,园艺,3,484,190087
4078,武汉生物工程学院,29,土木工程,2,483,190961
4078,武汉生物工程学院,501,环境工程技术,5,378,264305
4078,武汉生物工程学院,502,食品检验检测技术,5,453,219667
4078,武汉生物工程学院,503,药品经营与管理,5,454,218678
4078,武汉生物工程学院,504,药品生产技术,3,472,202262
4078,武汉生物工程学院,505,园林技术,6,362,270586
4078,武汉生物工程学院,506,园艺技术,6,425,239857
4078,武汉生物工程学院,507,园林工程技术,3,418,244179
4078,武汉生物工程学院,508,计算机网络技术,5,413,247464
4078,武汉生物工程学院,509,市场营销,4,411,248314
4078,武汉生物工程学院,510,旅游管理,3,433,234835
4078,武汉生物工程学院,511,电子商务,5,420,243414
4078,武汉生物工程学院,512,商务英语,5,401,253825
4078,武汉生物工程学院,513,机电设备技术,2,417,244784
4078,武汉生物工程学院,514,工程造价,5,402,253272
4078,武汉生物工程学院,516,机电一体化技术,5,445,225722
4078,武汉生物工程学院,517,药品生物技术,10,411,248625
4078,武汉生物工程学院,518,计算机应用技术,10,394,257472
4078,武汉生物工程学院,519,软件技术,5,422,241720
4078,武汉生物工程学院,520,大数据与财务管理,4,450,221776
4080,武汉铁路职业技术学院,523,集成电路技术,3,479,195510
4080,武汉铁路职业技术学院,524,计算机网络技术,2,485,189172
4080,武汉铁路职业技术学院,530,大数据与会计,1,484,190092
4080,武汉铁路职业技术学院,531,电子商务,3,465,209072
4080,武汉铁路职业技术学院,532,商务数据分析与应用,2,446,225496
4080,武汉铁路职业技术学院,533,集装箱运输管理,1,488,185781
4080,武汉铁路职业技术学院,534,数字化设计与制造技术,2,474,200277
4081,武汉外语外事职业学院,501,商务日语,3,416,245625
4081,武汉外语外事职业学院,502,服装设计与工艺,3,415,246149
4081,武汉外语外事职业学院,503,婴幼儿托育服务与管理,3,416,245453
4081,武汉外语外事职业学院,504,旅游管理,3,382,262696
4081,武汉外语外事职业学院,505,国际邮轮乘务管理,3,367,268782
4081,武汉外语外事职业学院,506,电子商务,3,404,252311
4081,武汉外语外事职业学院,507,融媒体技术与运营,3,409,249433
4081,武汉外语外事职业学院,508,新能源汽车技术,3,419,243499
4081,武汉外语外事职业学院,509,智能光电技术应用,3,399,255055
4081,武汉外语外事职业学院,510,医学美容技术,3,412,247968
4082,武汉信息传播职业技术学院,501,数字化设计与制造技术,2,376,265501
4082,武汉信息传播职业技术学院,502,智能控制技术,5,383,262342
4082,武汉信息传播职业技术学院,503,云计算技术应用,5,385,261366
4082,武汉信息传播职业技术学院,504,人工智能技术应用,3,392,258313
4082,武汉信息传播职业技术学院,505,大数据与会计,15,410,249036
4082,武汉信息传播职业技术学院,506,电子商务,5,391,258732
4082,武汉信息传播职业技术学院,507,网络营销与直播电商,5,384,262026
4082,武汉信息传播职业技术学院,508,广播影视节目制作,10,403,252704
4082,武汉信息传播职业技术学院,509,融媒体技术与运营,10,388,260291
4083,武昌职业学院,501,运动健康指导,5,354,272984
4083,武昌职业学院,502,电子信息工程技术,5,411,248321
4083,武昌职业学院,503,物联网应用技术,5,381,263339
4083,武昌职业学院,504,信息安全技术应用,5,391,258978
4083,武昌职业学院,505,集成电路技术,5,376,265254
4083,武昌职业学院,506,航空材料精密成型技术,5,378,264283
4083,武昌职业学院,507,通用航空器维修,5,398,255583
4083,武昌职业学院,508,无人机应用技术,5,410,248664
4083,武昌职业学院,509,无人机测绘技术,5,393,258031
4083,武昌职业学院,510,摄影测量与遥感技术,5,341,276552
4083,武昌职业学院,511,机电一体化技术,5,408,249910
4083,武昌职业学院,512,数字化设计与制造技术,5,363,270317
4083,武昌职业学院,513,党务工作,5,396,256348
4083,武昌职业学院,514,智慧健康养老服务与管理,5,376,265461
4083,武昌职业学院,515,工业机器人技术,5,377,264725
4083,武昌职业学院,516,机械制造及自动化,5,396,256479
4083,武昌职业学院,517,人工智能技术应用,5,393,257627
4083,武昌职业学院,518,移动互联应用技术,5,351,273841
4083,武昌职业学院,519,云计算技术应用,5,374,266143
4083,武昌职业学院,520,大数据技术,5,362,270490
4084,武汉职业技术大学,502,增材制造技术,2,484,190377
4084,武汉职业技术大学,507,建筑工程技术,5,469,205541
4084,武汉职业技术大学,509,金融服务与管理,1,488,186247
4084,武汉职业技术大学,510,市场营销,4,482,192331
4084,武汉职业技术大学,511,跨境电子商务,3,477,197209
4084,武汉职业技术大学,512,商务英语,4,481,193512
4084,武汉职业技术大学,513,应用英语,6,476,198791
4084,武汉职业技术大学,515,服装设计与工艺,4,485,189504
4085,仙桃职业学院,501,临床医学,15,461,212374
4085,仙桃职业学院,502,护理,10,462,211948
4085,仙桃职业学院,503,学前教育,4,432,235138
4085,仙桃职业学院,504,小学教育,10,429,237253
4087,咸宁职业技术学院,501,机械设计与制造,2,434,233777
4087,咸宁职业技术学院,502,新能源汽车技术,6,445,225790
4087,咸宁职业技术学院,503,电子信息工程技术,4,434,233609
4087,咸宁职业技术学院,504,计算机应用技术,4,435,232894
4087,咸宁职业技术学院,505,大数据技术,2,438,231306
4087,咸宁职业技术学院,506,人工智能技术应用,4,430,236585
4087,咸宁职业技术学院,507,护理,8,462,211662
4087,咸宁职业技术学院,508,大数据与会计,2,443,227236
4087,咸宁职业技术学院,509,业财数据应用与管理,6,359,271364
4087,咸宁职业技术学院,510,早期教育(师范),4,427,238748
4087,咸宁职业技术学院,511,学前教育(师范),6,424,240734
4089,襄阳职业技术学院,501,机械制造及自动化,4,461,212206
4089,襄阳职业技术学院,502,机电一体化技术,4,457,216435
4089,襄阳职业技术学院,503,智能控制技术,4,435,232981
4089,襄阳职业技术学院,504,工业机器人技术,4,443,227585
4089,襄阳职业技术学院,505,汽车制造与试验技术,4,413,247240
4089,襄阳职业技术学院,506,新能源汽车技术,4,403,252999
4089,襄阳职业技术学院,507,智能网联汽车技术,4,395,256659
4089,襄阳职业技术学院,508,畜牧兽医,4,479,195331
4089,襄阳职业技术学院,509,动物医学,3,487,186699
4089,襄阳职业技术学院,510,人工智能技术应用,4,420,243318
4089,襄阳职业技术学院,511,物联网应用技术,4,410,249026
4089,襄阳职业技术学院,512,信息安全技术应用,4,441,229277
4089,襄阳职业技术学院,513,工业互联网技术,4,268,0
4089,襄阳职业技术学院,517,医学检验技术,2,482,192760
4089,襄阳职业技术学院,519,康复治疗技术,1,486,188441
4089,襄阳职业技术学院,521,婴幼儿托育服务与管理,2,434,233883
4089,襄阳职业技术学院,522,电子商务,4,373,266684
4089,襄阳职业技术学院,523,网络营销与直播电商,2,462,212140
4089,襄阳职业技术学院,524,中小企业创业与经营,2,394,257239
4089,襄阳职业技术学院,525,建筑装饰工程技术,2,394,257280
4089,襄阳职业技术学院,526,建筑工程技术,2,405,251985
4094,武汉工程科技学院,3,物联网工程,1,485,189084
4094,武汉工程科技学院,6,小学教育,1,554,106710
4094,武汉工程科技学院,501,电子信息工程技术,3,409,249358
4094,武汉工程科技学院,502,机电一体化技术,3,444,226416
4094,武汉工程科技学院,503,电气自动化技术,6,424,240413
4094,武汉工程科技学院,504,无人机应用技术,3,427,238611
4094,武汉工程科技学院,505,机械制造及自动化,6,414,246519
4094,武汉工程科技学院,506,计算机网络技术,10,402,253534
4094,武汉工程科技学院,507,信息安全技术应用,3,405,251523
4094,武汉工程科技学院,508,工业互联网技术,3,400,254501
4094,武汉工程科技学院,509,导航与位置服务,3,392,258489
4094,武汉工程科技学院,510,大数据与会计,19,391,258605
4094,武汉工程科技学院,511,电子商务,8,383,262334
4094,武汉工程科技学院,512,网络营销与直播电商,2,408,249824
4097,武汉工商学院,12,微电子科学与工程,3,483,191018
4097,武汉工商学院,14,数字经济(数字媒体运营、商务大数据分析),1,488,185581
4097,武汉工商学院,17,数据科学与大数据技术,1,486,187733
4097,武汉工商学院,501,财富管理,3,469,205695
4097,武汉工商学院,502,市场营销,6,419,243930
4097,武汉工商学院,503,电子信息工程技术,8,446,224793
4097,武汉工商学院,504,计算机应用技术(新媒体技术),18,418,244448
4097,武汉工商学院,505,工业机器人技术,8,425,239728
4111,武汉城市职业学院,501,学前教育(师范),5,468,206597
4111,武汉城市职业学院,502,空中乘务,1,481,193243
4111,武汉城市职业学院,503,跨境电子商务,5,452,220462
4111,武汉城市职业学院,504,智能产品开发与应用,7,439,230132
4111,武汉城市职业学院,505,小学语文教育(师范),1,488,186058
4111,武汉城市职业学院,506,小学数学教育(师范),1,487,186747
4111,武汉城市职业学院,507,小学科学教育(师范),3,484,190037
4111,武汉城市职业学院,508,旅游英语,2,459,214771
4111,武汉城市职业学院,509,应用韩语,3,436,232181
4111,武汉城市职业学院,510,智能网联汽车技术,5,444,226825
4111,武汉城市职业学院,511,工程造价,6,438,230922
4111,武汉城市职业学院,512,电子商务,5,449,223035
4116,湖北铁道运输职业学院,501,机电一体化技术,15,467,206748
4116,湖北铁道运输职业学院,502,城市轨道车辆应用技术,3,480,194607
4116,湖北铁道运输职业学院,503,城市轨道交通供配电技术,5,469,204832
4116,湖北铁道运输职业学院,504,城市轨道交通运营管理,7,481,193288
4117,武汉东湖学院,501,机械制造及自动化,2,446,225113
4117,武汉东湖学院,502,工业机器人技术,3,418,244254
4117,武汉东湖学院,503,无人机应用技术,2,442,228312
4117,武汉东湖学院,504,电子信息工程技术,3,424,240466
4117,武汉东湖学院,505,计算机应用技术,2,437,231608
4117,武汉东湖学院,506,护理,3,460,213414
4117,武汉东湖学院,507,大数据与会计,2,471,203665
4117,武汉东湖学院,508,金融服务与管理,2,441,228658
4117,武汉东湖学院,509,新闻采编与制作,3,462,212024
4117,武汉东湖学院,510,商务英语,3,414,246629
4117,武汉东湖学院,511,民航安全技术管理,3,368,268402
4118,长江艺术工程职业学院,501,资源综合利用技术,5,365,269552
4118,长江艺术工程职业学院,502,智能控制技术,5,381,263428
4118,长江艺术工程职业学院,503,物联网应用技术,5,355,272716
4118,长江艺术工程职业学院,504,护理,40,357,272064
4118,长江艺术工程职业学院,505,电子商务,5,367,268842
4118,长江艺术工程职业学院,506,网络营销与直播电商,5,349,274430
4118,长江艺术工程职业学院,507,现代物流管理,10,371,267231
4118,长江艺术工程职业学院,508,智慧健康养老服务与管理,5,370,267691
4119,天门职业学院,501,护理,18,445,226163
4119,天门职业学院,502,康复治疗技术,10,432,235519
4119,天门职业学院,503,学前教育,8,419,243524
4119,天门职业学院,504,电子商务,8,421,242597
4119,天门职业学院,505,大数据与会计,8,425,239955
4119,天门职业学院,506,化工自动化技术,8,416,245275
4120,武汉铁路桥梁职业学院,501,铁道桥梁隧道工程技术,2,486,188405
4120,武汉铁路桥梁职业学院,502,道路与桥梁工程技术,5,459,214370
4120,武汉铁路桥梁职业学院,504,电子商务,4,430,236737
4120,武汉铁路桥梁职业学院,505,工程物流管理,3,439,230290
4121,武汉光谷职业学院,501,建筑工程技术(智能建造方向),2,406,250922
4121,武汉光谷职业学院,502,智能制造装备技术,2,403,252906
4121,武汉光谷职业学院,503,光电显示技术,2,406,251388
4121,武汉光谷职业学院,504,计算机应用技术(数字媒体技术方向),2,421,242444
4121,武汉光谷职业学院,505,软件技术(无人机飞行控制（表演）方向),2,428,237997
4121,武汉光谷职业学院,506,婴幼儿托育服务与管理(学前教育方向),2,389,259722
4121,武汉光谷职业学院,507,大数据与会计(税务筹划师方向),2,418,244648
4121,武汉光谷职业学院,508,视觉传达设计(新媒体艺术方向),2,399,254622
4121,武汉光谷职业学院,509,数字化设计与制造技术,2,398,255510
4121,武汉光谷职业学院,510,医学美容技术,2,411,248318
4201,安阳工学院,5,城乡规划(中外合作办学),2,489,184569
4204,郑州商学院,3,工程造价,2,503,168663
4210,河南检察职业学院,502,法律事务(书记员方向),2,529,138267
4219,黄河科技学院,2,生物信息学,5,489,184723
4219,黄河科技学院,4,农业工程,6,486,187688
4220,黄河水利职业技术大学,503,道路与桥梁工程技术,2,486,188271
4220,黄河水利职业技术大学,507,环境工程技术,3,485,189187
4220,黄河水利职业技术大学,508,旅游管理,4,456,217125
4223,焦作师范高等专科学校,501,小学语文教育(师范),9,424,240652
4225,洛阳理工学院,9,土木工程(中外合作办学),3,499,173478
4227,漯河医学高等专科学校,501,临床医学,16,462,211536
4227,漯河医学高等专科学校,503,护理,12,466,207792
4227,漯河医学高等专科学校,504,药学,5,429,237248
4227,漯河医学高等专科学校,505,中药学,3,461,212339
4227,漯河医学高等专科学校,507,中医康复技术,1,473,201699
4227,漯河医学高等专科学校,508,医学检验技术,4,454,218684
4227,漯河医学高等专科学校,509,医学影像技术,4,422,241604
4227,漯河医学高等专科学校,510,康复治疗技术,4,435,233455
4239,郑州旅游职业学院,501,旅游管理,5,429,237526
4239,郑州旅游职业学院,502,智慧景区开发与管理,5,423,241515
4239,郑州旅游职业学院,503,酒店管理与数字化运营,5,418,244542
4239,郑州旅游职业学院,504,旅游英语(涉外酒店英语),5,425,239985
4239,郑州旅游职业学院,505,智慧旅游技术应用(旅游大数据分析方向),5,420,243130
4248,郑州工业应用技术学院,501,大数据与会计,3,396,256536
4248,郑州工业应用技术学院,502,市场营销,1,434,233577
4254,商丘医学高等专科学校,501,临床医学,5,477,197812
4254,商丘医学高等专科学校,503,护理,6,476,198332
4260,商丘工学院,3,城市地下空间工程,3,488,185661
4264,洛阳职业技术学院,501,护理,13,474,200820
4264,洛阳职业技术学院,502,临床医学,5,478,196369
4264,洛阳职业技术学院,504,医学检验技术,3,472,202703
4264,洛阳职业技术学院,506,康复治疗技术,4,455,217529
4264,洛阳职业技术学院,507,眼视光技术,4,467,207281
4264,洛阳职业技术学院,508,药学,3,484,190558
4266,郑州西亚斯学院,5,信息管理与信息系统(中外合作办学),5,469,204834
4266,郑州西亚斯学院,7,大数据管理与应用(中外合作办学),4,464,209511
4270,漯河职业技术学院,501,食品检验检测技术,2,415,245837
4270,漯河职业技术学院,502,食品营养与健康,2,417,245067
4270,漯河职业技术学院,503,食品智能加工技术,2,429,237353
4270,漯河职业技术学院,504,中西面点工艺,2,428,237737
4270,漯河职业技术学院,505,机电一体化技术,2,444,226414
4270,漯河职业技术学院,506,数控技术,2,426,239661
4270,漯河职业技术学院,507,新能源汽车技术,2,423,241063
4270,漯河职业技术学院,508,智能控制技术,2,416,245465
4270,漯河职业技术学院,509,大数据技术,2,416,245650
4270,漯河职业技术学院,510,物联网应用技术,2,402,253152
4270,漯河职业技术学院,511,跨境电子商务,2,424,240683
4270,漯河职业技术学院,512,冷链物流技术与管理,2,416,245813
4270,漯河职业技术学院,513,网络营销与直播电商,2,417,244829
4270,漯河职业技术学院,514,大数据与会计,2,427,238462
4270,漯河职业技术学院,515,金融服务与管理,2,410,248654
4270,漯河职业技术学院,516,服装设计与工艺,2,420,243438
4270,漯河职业技术学院,517,商务英语,3,425,240312
4270,漯河职业技术学院,518,学前教育(师范),2,428,237992
4270,漯河职业技术学院,519,小学语文教育(师范),2,447,224663
4271,周口职业技术学院,501,康复治疗技术,10,437,231820
4271,周口职业技术学院,502,中医康复技术,10,435,233149
4271,周口职业技术学院,503,医学影像技术,10,441,228730
4271,周口职业技术学院,504,护理,30,432,235524
4272,鹤壁职业技术学院,501,医学影像技术,10,423,241105
4272,鹤壁职业技术学院,502,护理,20,425,239787
4272,鹤壁职业技术学院,503,康复治疗技术,15,425,239961
4272,鹤壁职业技术学院,504,数字化设计与制造技术,5,364,269724
4272,鹤壁职业技术学院,505,机电一体化技术,10,408,250125
4273,河南测绘职业学院,501,工程测量技术,5,421,242503
4273,河南测绘职业学院,502,国土资源调查与管理,5,420,242880
4274,郑州卫生健康职业学院,501,护理,14,462,211989
4274,郑州卫生健康职业学院,502,医学检验技术,5,466,208291
4275,郑州医药健康职业学院,501,护理,2,439,230610
4275,郑州医药健康职业学院,502,口腔医学技术,2,475,199658
4275,郑州医药健康职业学院,503,口腔卫生保健,2,324,280342
4275,郑州医药健康职业学院,505,眼视光技术,2,371,267134
4276,河南职业技术学院,501,机电一体化技术,5,446,224749
4276,河南职业技术学院,502,数控技术,5,443,227369
4276,河南职业技术学院,503,电子信息工程技术,5,436,232204
4276,河南职业技术学院,504,食品检验检测技术,5,434,233662
4277,鹤壁汽车工程职业学院,501,汽车检测与维修技术,6,269,290379
4277,鹤壁汽车工程职业学院,502,新能源汽车技术,14,280,288134
4277,鹤壁汽车工程职业学院,503,人工智能技术应用,16,308,283289
4277,鹤壁汽车工程职业学院,504,物联网应用技术,8,319,281296
4277,鹤壁汽车工程职业学院,505,计算机网络技术,8,268,0
4277,鹤壁汽车工程职业学院,506,大数据技术,6,268,0
4277,鹤壁汽车工程职业学院,507,信息安全技术应用,6,320,281083
4277,鹤壁汽车工程职业学院,508,机电一体化技术,10,314,282225
4277,鹤壁汽车工程职业学院,509,工业机器人技术,6,268,0
4277,鹤壁汽车工程职业学院,510,网络营销与直播电商,5,268,0
4277,鹤壁汽车工程职业学院,511,大数据与会计,10,268,0
4277,鹤壁汽车工程职业学院,512,跨境电子商务,5,268,0
4278,河南地矿职业学院,501,水文与工程地质,2,437,232138
4278,河南地矿职业学院,502,地质调查与矿产普查,2,438,230921
4278,河南地矿职业学院,503,工程测量技术,2,427,238489
4278,河南地矿职业学院,504,摄影测量与遥感技术,2,421,242734
4278,河南地矿职业学院,505,测绘地理信息技术,2,427,238820
4278,河南地矿职业学院,506,计算机应用技术,10,426,239023
4279,郑州电力高等专科学校,501,电力系统自动化技术,4,477,197762
4280,信阳航空职业学院,501,飞机机电设备维修,10,268,0
4280,信阳航空职业学院,502,飞机电子设备维修,5,268,0
4280,信阳航空职业学院,503,空中乘务,10,268,0
4280,信阳航空职业学院,504,高速铁路客运服务,5,268,0
4280,信阳航空职业学院,505,无人机应用技术,10,277,288691
4280,信阳航空职业学院,506,应急救援技术,5,268,0
4280,信阳航空职业学院,507,安全技术与管理,5,315,282106
4281,郑州食品工程职业学院,501,食品检验检测技术,6,315,282126
4281,郑州食品工程职业学院,502,大数据与财务管理,6,268,0
4281,郑州食品工程职业学院,504,电子商务(商务数据分析与应用),6,268,0
4281,郑州食品工程职业学院,505,跨境电子商务(营销方向),6,268,0
4281,郑州食品工程职业学院,506,网络营销与直播电商,6,268,0
4281,郑州食品工程职业学院,507,计算机网络技术,6,268,0
4281,郑州食品工程职业学院,508,大数据技术,7,268,0
4281,郑州食品工程职业学院,509,食品营养与健康(食品营养师方向),6,268,0
4281,郑州食品工程职业学院,510,食品营养与健康(健康管理师方向),6,268,0
4281,郑州食品工程职业学院,511,中医养生保健(养生方向),6,268,0
4281,郑州食品工程职业学院,513,食品质量与安全,6,268,0
4281,郑州食品工程职业学院,514,软件技术,7,268,0
4281,郑州食品工程职业学院,516,人工智能技术应用,7,268,0
4303,长沙航空职业技术学院,504,理化测试与质检技术,2,486,188176
4303,长沙航空职业技术学院,511,数控技术,1,487,186597
4303,长沙航空职业技术学院,512,工业机器人技术,1,488,186445
4304,长沙环境保护职业技术学院,501,环境监测技术,5,429,237700
4304,长沙环境保护职业技术学院,502,绿色低碳技术,5,428,237764
4304,长沙环境保护职业技术学院,503,环境工程技术,5,428,238137
4304,长沙环境保护职业技术学院,504,环境管理与评价,5,425,239698
4304,长沙环境保护职业技术学院,505,生态环境修复技术,5,424,240557
4307,长沙民政职业技术学院,502,软件技术(企业信息化管理方向),2,489,185000
4307,长沙民政职业技术学院,513,现代物流管理,1,489,184373
4309,长沙医学院,2,康复治疗学,4,489,185324
4309,长沙医学院,3,眼视光学,3,489,184543
4309,长沙医学院,4,口腔医学,1,520,148482
4309,长沙医学院,8,医学检验技术,4,487,186614
4309,长沙医学院,9,护理学,1,520,148946
4311,湖南财政经济学院,20,房地产开发与管理(智慧城市运营),1,560,100149
4312,湖南城建职业技术学院,501,建筑工程技术,2,431,235739
4312,湖南城建职业技术学院,502,建筑设备工程技术,2,432,235332
4312,湖南城建职业技术学院,503,工程造价,2,434,233672
4312,湖南城建职业技术学院,504,道路与桥梁工程技术,2,433,234622
4320,湖南工程职业技术学院,502,工程测量技术,2,441,229278
4320,湖南工程职业技术学院,507,地下与隧道工程技术,1,437,232040
4320,湖南工程职业技术学院,508,建筑工程技术(智慧建造方向),2,446,225425
4320,湖南工程职业技术学院,509,房地产经营与管理,1,425,240187
4320,湖南工程职业技术学院,510,工程造价,1,449,223091
4320,湖南工程职业技术学院,511,建筑经济信息化管理,1,443,227077
4320,湖南工程职业技术学院,512,建筑室内设计,1,484,190682
4320,湖南工程职业技术学院,513,建筑装饰工程技术(装饰设计与数字建造方向),1,459,214566
4320,湖南工程职业技术学院,514,市场营销,1,461,212525
4320,湖南工程职业技术学院,515,现代物流管理,1,479,195546
4320,湖南工程职业技术学院,516,旅游管理(生态旅游方向),1,446,225246
4320,湖南工程职业技术学院,517,应用英语,1,454,219032
4324,湖南工业职业技术学院,501,数控技术,1,473,201148
4324,湖南工业职业技术学院,502,智能制造装备技术,2,466,208206
4324,湖南工业职业技术学院,503,机电一体化技术,4,471,203235
4324,湖南工业职业技术学院,504,金融服务与管理,4,459,214537
4324,湖南工业职业技术学院,505,商务英语,1,491,183291
4326,湖南环境生物职业技术学院,501,中药学,4,458,214813
4326,湖南环境生物职业技术学院,502,药学,3,461,212516
4326,湖南环境生物职业技术学院,503,医学美容技术,3,458,215563
4326,湖南环境生物职业技术学院,504,护理,3,470,203852
4326,湖南环境生物职业技术学院,507,临床医学,4,478,196545
4329,湖南交通职业技术学院,501,新能源汽车技术,1,485,189025
4329,湖南交通职业技术学院,502,工业机器人技术,2,467,207579
4329,湖南交通职业技术学院,503,人工智能技术应用,2,463,211109
4329,湖南交通职业技术学院,504,无人机应用技术,1,479,195547
4334,岳阳学院,2,生物工程,3,488,185853
4334,岳阳学院,3,应用化学,3,486,187801
4334,岳阳学院,5,机械电子工程,3,488,185537
4334,岳阳学院,12,工程管理,2,482,192276
4338,湖南商务职业技术学院,501,现代物流管理,3,433,234650
4338,湖南商务职业技术学院,502,连锁经营与管理,2,439,230526
4338,湖南商务职业技术学院,503,电子商务,5,433,234471
4338,湖南商务职业技术学院,504,国际商务,3,435,233453
4338,湖南商务职业技术学院,505,大数据与财务管理,3,462,211402
4338,湖南商务职业技术学院,506,商务英语,4,436,232855
4338,湖南商务职业技术学院,507,国际经济与贸易,5,430,236880
4338,湖南商务职业技术学院,508,商务英语,5,430,236422
4340,湘潭理工学院,1,信息管理与信息系统,1,511,159733
4341,湖南涉外经济学院,9,酒店管理,1,530,136763
4341,湖南涉外经济学院,11,英语,1,554,107449
4341,湖南涉外经济学院,13,计算机科学与技术,2,483,191395
4341,湖南涉外经济学院,14,通信工程,2,480,194106
4341,湖南涉外经济学院,15,电子信息科学与技术,2,478,196689
4341,湖南涉外经济学院,16,软件工程,2,476,198072
4341,湖南涉外经济学院,17,机械设计制造及其自动化,2,484,190061
4341,湖南涉外经济学院,18,物联网工程,2,476,198179
4341,湖南涉外经济学院,19,数据科学与大数据技术,2,477,197271
4341,湖南涉外经济学院,20,人工智能,2,481,193279
4343,湖南石油化工职业技术学院,501,石油化工技术,3,447,224074
4343,湖南石油化工职业技术学院,502,油气储运技术,3,439,230357
4343,湖南石油化工职业技术学院,503,应用化工技术,3,439,230451
4343,湖南石油化工职业技术学院,504,电气自动化技术,4,444,226295
4343,湖南石油化工职业技术学院,505,工业过程自动化技术,4,436,232568
4343,湖南石油化工职业技术学院,506,化工装备技术,3,433,234568
4344,湖南水利水电职业技术学院,501,电力系统自动化技术,4,455,217488
4344,湖南水利水电职业技术学院,502,供用电技术,4,457,215789
4344,湖南水利水电职业技术学院,503,工程造价,4,437,231725
4344,湖南水利水电职业技术学院,504,水利水电工程技术,3,469,205418
4344,湖南水利水电职业技术学院,505,水利水电工程智能管理,3,444,226346
4344,湖南水利水电职业技术学院,506,大数据与会计,3,450,221644
4344,湖南水利水电职业技术学院,507,网络营销与直播电商,3,432,235105
4348,常德学院,1,机械设计制造及其自动化,1,510,160795
4348,常德学院,2,自动化,1,496,176793
4348,常德学院,3,机器人工程,2,489,184961
4348,常德学院,4,计算机科学与技术,2,488,186006
4348,常德学院,5,中药学,2,487,186666
4350,湖南信息职业技术学院,502,人工智能技术应用,1,466,207674
4350,湖南信息职业技术学院,504,大数据与会计,2,477,197123
4350,湖南信息职业技术学院,505,电子商务,1,464,209699
4350,湖南信息职业技术学院,507,电子信息工程技术,2,460,213140
4357,张家界学院,11,医学影像技术,2,487,187043
4357,张家界学院,502,医学影像技术,3,318,281540
4357,张家界学院,503,医学影像技术(智慧影像方向),3,447,224438
4357,张家界学院,504,商务英语,1,360,271252
4357,张家界学院,505,商务英语(跨境电子商务运营服务与管理方向),1,326,279983
4364,永州职业技术学院,504,药学,1,483,191523
4375,湖南三一工业职业技术学院,501,数控技术,1,385,261434
4375,湖南三一工业职业技术学院,502,新能源装备技术,1,394,257532
4375,湖南三一工业职业技术学院,503,机电一体化技术,4,411,248336
4375,湖南三一工业职业技术学院,504,工业机器人技术,3,396,256544
4375,湖南三一工业职业技术学院,505,新能源汽车技术,4,401,253882
4375,湖南三一工业职业技术学院,506,智能工程机械运用技术,2,390,259157
4375,湖南三一工业职业技术学院,507,汽车检测与维修技术,1,385,261566
4375,湖南三一工业职业技术学院,508,软件技术,1,403,252695
4375,湖南三一工业职业技术学院,509,关务与外贸服务,1,367,268820
4375,湖南三一工业职业技术学院,510,电子商务,1,400,254061
4375,湖南三一工业职业技术学院,511,现代物流管理,1,383,262409
4378,湖南安全技术职业学院,501,建筑消防技术,3,433,234342
4378,湖南安全技术职业学院,502,安全智能监测技术,2,430,236481
4380,湖南都市职业学院,501,康复治疗技术,3,318,281493
4380,湖南都市职业学院,502,新能源汽车技术,3,316,281934
4380,湖南都市职业学院,503,护理,8,358,271805
4383,湖南外国语职业学院,501,商务英语,10,326,279988
4383,湖南外国语职业学院,502,计算机网络技术,20,288,286676
4383,湖南外国语职业学院,503,大数据技术,14,279,288316
4383,湖南外国语职业学院,504,护理,20,322,280822
4383,湖南外国语职业学院,505,数字媒体艺术设计,2,339,277099
4383,湖南外国语职业学院,506,室内艺术设计,20,318,281443
4384,湖南电子科技职业学院,501,护理,2,404,252291
4384,湖南电子科技职业学院,502,机电一体化技术,2,396,256554
4384,湖南电子科技职业学院,503,城市轨道交通工程技术,2,389,259777
4385,长沙轨道交通职业学院,501,城市轨道交通机电技术,5,414,246364
4385,长沙轨道交通职业学院,502,城市轨道交通通信信号技术,3,405,251575
4385,长沙轨道交通职业学院,503,城市轨道交通运营管理,4,418,244369
4385,长沙轨道交通职业学院,504,人工智能技术应用,2,401,253888
4385,长沙轨道交通职业学院,505,护理,8,396,256341
4385,长沙轨道交通职业学院,506,药学,10,268,0
4385,长沙轨道交通职业学院,507,机械制造及自动化,2,402,253343
4385,长沙轨道交通职业学院,508,高速铁路客运服务,4,393,257655
4385,长沙轨道交通职业学院,509,城市轨道车辆应用技术,2,425,239732
4385,长沙轨道交通职业学院,510,城市轨道交通车辆制造与维护,4,407,250858
4386,长沙文创艺术职业学院,501,护理,20,273,289563
4386,长沙文创艺术职业学院,502,人工智能技术应用,10,344,275770
4387,岳阳现代服务职业学院,501,新能源汽车检测与维修技术,2,338,277166
4387,岳阳现代服务职业学院,502,无人机应用技术,2,360,271137
4387,岳阳现代服务职业学院,503,虚拟现实技术应用,1,326,279931
4387,岳阳现代服务职业学院,504,医学美容技术,2,376,265358
4387,岳阳现代服务职业学院,505,康复治疗技术,2,334,278145
4387,岳阳现代服务职业学院,506,大数据与会计,1,379,263966
4388,郴州思科职业学院,501,网络营销与直播电商,1,407,250691
4388,郴州思科职业学院,502,铁道交通运营管理,1,429,237551
4388,郴州思科职业学院,503,无人机应用技术,1,367,268630
4388,郴州思科职业学院,504,口腔医学技术,1,412,247955
4388,郴州思科职业学院,505,新能源汽车检测与维修技术,1,290,286302
4388,郴州思科职业学院,506,电气自动化技术,1,408,249989
4389,衡阳科技职业学院,501,人工智能技术应用,2,373,266528
4389,衡阳科技职业学院,502,护理,2,369,268207
4390,长沙科技职业学院,501,智能机电技术,2,368,268396
4390,长沙科技职业学院,502,人工智能技术应用,3,358,271691
4390,长沙科技职业学院,503,康复治疗技术,3,367,268838
4390,长沙科技职业学院,504,融媒体技术与运营,2,364,269698
4391,湖南工商职业学院,501,口腔医学技术,2,388,260432
4391,湖南工商职业学院,502,网络营销与直播电商,2,332,278661
4391,湖南工商职业学院,503,护理,3,348,274727
4391,湖南工商职业学院,504,机电一体化技术,3,384,262143
4393,郴州智能科技职业学院,501,人工智能技术应用,2,268,0
4393,郴州智能科技职业学院,502,云计算技术应用,2,268,0
4394,长沙医药健康职业学院,501,医学美容技术,2,449,222556
4394,长沙医药健康职业学院,502,护理,2,385,261646
4394,长沙医药健康职业学院,503,口腔医学技术,2,421,242206
4394,长沙医药健康职业学院,504,中药学,2,451,220789
4395,株洲科技职业学院,501,护理,4,307,283417
4395,株洲科技职业学院,502,中医康复技术,4,316,281815
4395,株洲科技职业学院,503,铁道交通运营管理,14,280,288126
4395,株洲科技职业学院,504,城市轨道交通机电技术,8,282,287748
4396,邵阳工业职业技术学院,501,智能机电技术,5,424,240371
4396,邵阳工业职业技术学院,502,电气自动化技术,5,428,237772
4396,邵阳工业职业技术学院,503,新能源汽车技术,5,418,244640
4397,湖南交通工程学院,501,机械设计与制造,4,300,284595
4397,湖南交通工程学院,502,高速铁路施工与维护,3,402,253085
4397,湖南交通工程学院,503,高速铁路客运服务,3,330,279090
4398,衡阳理工职业学院,501,软件技术,2,272,289778
4398,衡阳理工职业学院,502,护理,4,308,283237
4398,衡阳理工职业学院,503,口腔医学技术,4,278,288504
4399,潇湘职业学院,501,健康管理,1,335,278039
4399,潇湘职业学院,503,工业机器人技术,1,393,257733
4399,潇湘职业学院,504,人工智能技术应用,5,268,0
4399,潇湘职业学院,505,现代移动通信技术,2,268,0
4403,电子科技大学中山学院,6,应用化学,1,488,185692
4404,东莞城市学院,7,人工智能,1,479,195200
4404,东莞城市学院,8,物联网工程,2,479,195493
4404,东莞城市学院,9,环境工程,2,476,198062
4404,东莞城市学院,10,工程造价,2,474,200465
4404,东莞城市学院,13,数字经济,2,475,199437
4404,东莞城市学院,17,机器人工程(中美人才培养计划121双学位项目),2,467,206890
4405,广东白云学院,1,计算机科学与技术,1,486,187896
4405,广东白云学院,4,人工智能,2,481,192981
4413,广东亚视演艺职业学院,501,大数据与财务管理,8,327,279770
4413,广东亚视演艺职业学院,502,大数据与会计,8,341,276460
4413,广东亚视演艺职业学院,503,工商企业管理,10,319,281342
4413,广东亚视演艺职业学院,504,电子商务,6,292,285904
4413,广东亚视演艺职业学院,505,网络营销与直播电商,8,327,279746
4413,广东亚视演艺职业学院,506,人工智能技术应用,8,292,285960
4413,广东亚视演艺职业学院,507,计算机应用技术,8,342,276266
4413,广东亚视演艺职业学院,508,信息安全技术应用,6,268,0
4413,广东亚视演艺职业学院,509,学前教育,20,291,286129
4413,广东亚视演艺职业学院,510,护理,56,268,0
4413,广东亚视演艺职业学院,511,医学检验技术,28,268,0
4413,广东亚视演艺职业学院,512,药学,26,268,0
4413,广东亚视演艺职业学院,513,中医养生保健,18,268,0
4416,广州应用科技学院,5,计算机科学与技术,2,484,190288
4416,广州应用科技学院,6,数字媒体技术,2,485,188832
4416,广州应用科技学院,7,机械电子工程,2,487,187005
4417,广州工商学院,5,数据科学与大数据技术(中外合作办学),8,465,208809
4417,广州工商学院,6,软件工程(中外合作办学),8,464,209502
4417,广州工商学院,7,通信工程(中外合作办学),8,461,212218
4420,广州民航职业技术学院,501,飞机机电设备维修(中外合作办学),10,459,214245
4420,广州民航职业技术学院,502,飞机结构修理(中外合作办学),4,453,219235
4420,广州民航职业技术学院,503,飞机电子设备维修(中外合作办学),4,464,210409
4420,广州民航职业技术学院,504,飞机机电设备维修,2,488,185597
4420,广州民航职业技术学院,505,飞机部件修理,1,486,187648
4420,广州民航职业技术学院,506,通用航空器维修,3,485,189401
4420,广州民航职业技术学院,507,航空发动机维修技术,2,481,193018
4420,广州民航职业技术学院,509,空中乘务(中外合作办学),29,399,254956
4420,广州民航职业技术学院,517,通用航空航务技术(通航管制),2,485,188800
4420,广州民航职业技术学院,519,应用电子技术,2,479,195005
4420,广州民航职业技术学院,520,机场电工技术,3,485,188735
4420,广州民航职业技术学院,521,民航通信技术(导航设备维修),1,485,188690
4420,广州民航职业技术学院,522,人工智能技术应用,2,477,197579
4420,广州民航职业技术学院,523,物联网应用技术,1,469,205138
4430,广东南华工商职业学院,502,建设工程管理,4,435,232978
4430,广东南华工商职业学院,503,国际经济与贸易,3,473,201842
4430,广东南华工商职业学院,504,旅游管理,7,409,249689
4430,广东南华工商职业学院,505,婴幼儿托育服务与管理,5,357,271982
4434,私立华联学院,501,新能源汽车技术,5,358,271908
4434,私立华联学院,502,软件技术,5,351,273870
4434,私立华联学院,503,工业机器人技术,5,331,278920
4434,私立华联学院,504,工商企业管理,5,341,276587
4434,私立华联学院,505,电子商务,5,365,269605
4434,私立华联学院,506,全媒体广告策划与营销,5,326,279961
4438,珠海艺术职业学院,508,计算机应用技术,2,389,259894
4438,珠海艺术职业学院,509,电子商务,2,357,272126
4438,珠海艺术职业学院,510,商务英语,2,374,266267
4438,珠海艺术职业学院,511,空中乘务,3,343,275980
4438,珠海艺术职业学院,512,新闻采编与制作,2,397,255891
4452,广东理工学院,2,金融工程,2,475,199036
4452,广东理工学院,8,人工智能,2,484,189795
4452,广东理工学院,9,机械设计制造及其自动化,1,511,160050
4452,广东理工学院,10,机器人工程,1,487,187169
4456,广东轻工职业技术大学,505,卫星通信与导航技术,1,486,187644
4457,广州软件学院,1,软件工程,1,489,184896
4457,广州软件学院,2,网络工程,1,488,185857
4457,广州软件学院,3,电子信息工程,1,485,188958
4457,广州软件学院,4,自动化,2,486,187971
4458,广州铁路职业技术学院,502,电气自动化技术,3,479,195027
4458,广州铁路职业技术学院,503,高速铁路综合维修技术,3,484,189926
4458,广州铁路职业技术学院,506,计算机类,5,469,204930
4464,岭南师范学院,13,烹饪与营养教育(中外合作办学)(师范),1,489,185330
4468,华南农业大学珠江学院,13,传播学,4,526,141734
4468,华南农业大学珠江学院,14,会计学,2,531,135446
4469,广州华立科技职业学院,501,电力系统自动化技术,5,425,239992
4469,广州华立科技职业学院,502,计算机应用技术,5,415,246212
4469,广州华立科技职业学院,503,心理咨询,8,387,260769
4469,广州华立科技职业学院,504,播音与主持,8,307,283444
4469,广州华立科技职业学院,505,眼视光技术,8,370,267627
4469,广州华立科技职业学院,506,医学检验技术,8,346,275397
4469,广州华立科技职业学院,508,动物医学,5,457,216331
4470,广州科技贸易职业学院,501,云计算技术应用,2,458,215121
4470,广州科技贸易职业学院,502,城市轨道车辆应用技术,2,454,218598
4470,广州科技贸易职业学院,503,汽车制造与试验技术,2,442,227989
4470,广州科技贸易职业学院,504,电气自动化技术,2,475,199523
4470,广州科技贸易职业学院,505,机电一体化技术,2,454,218657
4471,广东信息工程职业学院,501,计算机应用技术,12,363,270200
4471,广东信息工程职业学院,502,数字媒体技术,11,382,262866
4471,广东信息工程职业学院,503,新能源汽车技术,11,283,287494
4471,广东信息工程职业学院,504,机械制造及自动化,11,278,288517
4471,广东信息工程职业学院,505,电子商务,11,358,271917
4471,广东信息工程职业学院,506,大数据与会计,11,268,0
4471,广东信息工程职业学院,507,护理,11,370,267648
4471,广东信息工程职业学院,508,口腔医学技术,11,354,272886
4471,广东信息工程职业学院,509,药学,11,372,266976
4472,广州卫生职业技术学院,502,药学,2,459,214519
4472,广州卫生职业技术学院,503,卫生检验与检疫技术,1,482,192074
4472,广州卫生职业技术学院,505,医学影像技术,2,475,199866
4472,广州卫生职业技术学院,506,健康大数据管理与服务,1,473,201863
4474,广东茂名幼儿师范专科学校,501,学前教育(师范),5,408,250027
4476,广东碧桂园职业学院,501,电子竞技运动与管理,70,268,0
4477,广州新华学院,6,计算机科学与技术,3,483,191112
4479,广州华南商贸职业学院,501,虚拟现实技术应用,5,269,290393
4479,广州华南商贸职业学院,502,影视动画,4,327,279733
4481,广州理工学院,3,数据科学与大数据技术,2,483,191549
4481,广州理工学院,4,软件工程,1,487,186750
4481,广州理工学院,5,人工智能,2,482,192029
4483,广州涉外经济职业技术学院,501,工商企业管理,4,311,282741
4483,广州涉外经济职业技术学院,502,中文,4,268,0
4483,广州涉外经济职业技术学院,504,商务英语,4,282,287737
4483,广州涉外经济职业技术学院,505,大数据与会计,4,294,285566
4483,广州涉外经济职业技术学院,506,跨境电子商务,4,269,290381
4506,广西科技大学,10,机械工程(中外合作办学),1,518,151385
4507,柳州工学院,1,电气工程及其自动化,5,484,190712
4507,柳州工学院,2,自动化,5,482,192262
4507,柳州工学院,3,计算机科学与技术,4,481,193180
4507,柳州工学院,4,化妆品技术与工程,5,475,199204
4507,柳州工学院,5,金融科技,5,470,204430
4507,柳州工学院,6,工商管理,1,554,107171
4507,柳州工学院,8,标准化工程,5,464,209532
4507,柳州工学院,9,车辆工程,5,479,195397
4507,柳州工学院,15,机械类,5,476,198052
4509,广西机电职业技术学院,501,建筑室内设计,5,419,243540
4509,广西机电职业技术学院,502,供热通风与空调工程技术,10,423,241070
4509,广西机电职业技术学院,503,机械制造及自动化,10,422,242080
4509,广西机电职业技术学院,504,工业设计,5,422,241659
4509,广西机电职业技术学院,505,汽车制造与试验技术,10,422,242090
4509,广西机电职业技术学院,506,新能源汽车技术,10,431,235977
4509,广西机电职业技术学院,507,汽车电子技术,5,413,246966
4509,广西机电职业技术学院,508,计算机网络技术,10,428,237900
4509,广西机电职业技术学院,509,电子商务,10,416,245288
4509,广西机电职业技术学院,510,商务数据分析与应用,5,420,243006
4509,广西机电职业技术学院,511,现代物流管理,10,417,244970
4509,广西机电职业技术学院,512,数字媒体艺术设计,10,418,244225
4511,广西民族大学,7,法语,1,585,69754
4511,广西民族大学,20,化学工程与工艺(中澳2+2学分互认联合培养),1,498,174930
4511,广西民族大学,22,电子信息工程(中澳3+2学分互认联合培养),2,498,175023
4514,桂林学院,4,物流工程,3,485,188814
4514,桂林学院,6,软件工程,3,482,192284
4514,桂林学院,7,计算机科学与技术,2,487,186643
4514,桂林学院,8,电子信息工程,3,484,190193
4514,桂林学院,9,物联网工程,1,488,186203
4514,桂林学院,10,智能测控工程,3,481,193430
4514,桂林学院,11,医学信息工程,3,482,192244
4514,桂林学院,15,工程造价,2,482,192121
4517,广西医科大学,8,药学(中澳学分互认联合培养项目),2,491,183050
4519,广西中医药大学,9,康复治疗学(中澳学分互认联合培养项目),3,485,189414
4520,广西中医药大学赛恩斯新医药学院,5,药物制剂,1,504,167846
4520,广西中医药大学赛恩斯新医药学院,7,食品质量与安全,1,501,171371
4522,桂林信息科技学院,5,智能交互设计,2,462,211338
4522,桂林信息科技学院,6,通信工程,2,477,197251
4522,桂林信息科技学院,7,计算机科学与技术,2,475,199361
4522,桂林信息科技学院,8,软件工程,2,476,198419
4522,桂林信息科技学院,9,网络工程,2,475,199326
4522,桂林信息科技学院,10,数据科学与大数据技术,2,471,203150
4522,桂林信息科技学院,11,电子信息工程,1,474,200098
4522,桂林信息科技学院,12,自动化,1,477,197372
4522,桂林信息科技学院,13,医学信息工程,2,475,199410
4522,桂林信息科技学院,14,物联网工程,2,475,199119
4522,桂林信息科技学院,15,电子信息科学与技术,2,474,199974
4522,桂林信息科技学院,16,机械设计制造及其自动化,1,489,184517
4522,桂林信息科技学院,17,智能制造工程,2,472,202155
4522,桂林信息科技学院,18,机械电子工程,2,475,199295
4522,桂林信息科技学院,20,新能源科学与工程,2,472,202354
4522,桂林信息科技学院,21,机器人工程,2,472,202618
4522,桂林信息科技学院,22,新能源材料与器件,2,480,194696
4522,桂林信息科技学院,23,无人驾驶航空器系统工程,2,474,200327
4526,桂林旅游学院,3,数据科学与大数据技术(中外合作办学),8,465,209102
4527,桂林师范学院,501,大数据与会计,1,506,165603
4527,桂林师范学院,504,计算机网络技术,3,461,212613
4527,桂林师范学院,506,现代移动通信技术,3,456,216612
4527,桂林师范学院,507,分析检验技术,2,476,198702
4527,桂林师范学院,508,药品生产技术,2,470,204683
4527,桂林师范学院,509,食品营养与健康,1,487,186848
4527,桂林师范学院,510,舞蹈教育(中外合作办学)(师范),6,268,0
4527,桂林师范学院,511,音乐教育(中外合作办学)(师范),6,332,278765
4528,桂林医科大学,5,食品卫生与营养学(中澳学分互认联合培养项目),2,485,188891
4528,桂林医科大学,7,药学(中澳学分互认联合培养项目),1,488,185642
4529,北部湾大学,7,海洋科学,1,529,138214
4531,玉林师范学院,11,生物制药,1,527,140310
4531,玉林师范学院,13,智慧农业,2,524,143977
4532,广西工程职业学院,501,建筑工程技术,15,268,0
4532,广西工程职业学院,502,环境工程技术,15,268,0
4532,广西工程职业学院,503,电气自动化技术,15,349,274510
4532,广西工程职业学院,504,工业机器人技术,15,268,0
4532,广西工程职业学院,505,金属智能加工技术,15,268,0
4532,广西工程职业学院,506,电子信息工程技术,15,273,289546
4532,广西工程职业学院,507,建筑室内设计,15,268,0
4532,广西工程职业学院,508,建筑设计,15,268,0
4532,广西工程职业学院,509,电子商务,15,268,0
4532,广西工程职业学院,510,国际经济与贸易,15,268,0
4533,广西英华国际职业学院,501,大数据与会计,15,268,0
4533,广西英华国际职业学院,502,电子商务,15,292,285906
4535,广西外国语学院,1,英语,1,564,95047
4535,广西外国语学院,13,汉语言文学,1,531,136238
4535,广西外国语学院,22,金融科技,1,473,201188
4535,广西外国语学院,26,物流工程,1,466,208256
4535,广西外国语学院,33,软件工程,1,469,205611
4535,广西外国语学院,34,网络工程,1,462,211856
4535,广西外国语学院,35,计算机科学与技术,2,467,207373
4535,广西外国语学院,36,人工智能,2,465,209010
4535,广西外国语学院,37,数据科学与大数据技术,1,477,197043
4535,广西外国语学院,38,信息工程,1,454,218330
4535,广西外国语学院,39,计算机科学与技术(优必选智能机器人创新班),1,486,187979
4535,广西外国语学院,40,人工智能(优必选智能机器人创新班),1,474,200139
4537,广西演艺职业学院,504,计算机应用技术,12,298,284872
4537,广西演艺职业学院,505,大数据与会计,12,268,0
4537,广西演艺职业学院,506,工商企业管理,15,268,0
4538,南宁理工学院,10,网络与新媒体,1,548,114664
4538,南宁理工学院,11,数字经济,5,475,199387
4538,南宁理工学院,12,金融科技,5,474,200204
4538,南宁理工学院,14,工商管理,1,533,133545
4538,南宁理工学院,15,会计学,1,558,102128
4539,广西电力职业技术学院,501,发电厂及电力系统,14,433,234493
4539,广西电力职业技术学院,502,供用电技术,10,433,234283
4539,广西电力职业技术学院,503,电力系统自动化技术,20,437,231905
4539,广西电力职业技术学院,504,热能动力工程技术,12,422,242144
4539,广西电力职业技术学院,505,新能源装备技术,4,434,233956
4539,广西电力职业技术学院,506,电气自动化技术,4,451,221559
4539,广西电力职业技术学院,507,机电一体化技术,4,446,224882
4539,广西电力职业技术学院,508,机电设备技术,4,430,236373
4539,广西电力职业技术学院,509,工业机器人技术,4,438,231044
4539,广西电力职业技术学院,510,建筑智能化工程技术,4,419,243805
4539,广西电力职业技术学院,511,工程造价,8,417,245044
4539,广西电力职业技术学院,512,建筑室内设计,4,419,243635
4539,广西电力职业技术学院,513,新能源汽车技术,4,431,235876
4539,广西电力职业技术学院,514,汽车制造与试验技术,4,421,242316
4540,广西经济职业学院,501,建筑工程技术,16,268,0
4540,广西经济职业学院,502,建筑消防技术,12,268,0
4540,广西经济职业学院,503,工程造价,10,268,0
4540,广西经济职业学院,504,建设工程监理,5,268,0
4540,广西经济职业学院,505,机电一体化技术,16,327,279817
4540,广西经济职业学院,506,工业机器人技术,10,268,0
4540,广西经济职业学院,507,无人机应用技术,13,268,0
4540,广西经济职业学院,508,新能源汽车技术,13,268,0
4540,广西经济职业学院,509,食品检验检测技术,13,268,0
4540,广西经济职业学院,510,高速铁路客运服务,16,268,0
4540,广西经济职业学院,511,汽车检测与维修技术,10,268,0
4540,广西经济职业学院,512,应用电子技术,5,268,0
4540,广西经济职业学院,513,计算机应用技术,16,268,0
4540,广西经济职业学院,514,大数据技术,3,316,281834
4540,广西经济职业学院,515,云计算技术应用,8,268,0
4540,广西经济职业学院,516,婴幼儿托育服务与管理,6,285,287179
4540,广西经济职业学院,517,老年保健与管理,6,268,0
4540,广西经济职业学院,518,金融服务与管理,2,301,284387
4540,广西经济职业学院,519,大数据与财务管理,5,275,289131
4540,广西经济职业学院,520,大数据与会计,16,268,0
4540,广西经济职业学院,521,工商企业管理,6,295,285458
4540,广西经济职业学院,522,市场营销,11,268,0
4540,广西经济职业学院,523,电子商务,13,268,0
4540,广西经济职业学院,524,现代物流管理,10,268,0
4540,广西经济职业学院,525,酒店管理与数字化运营,6,273,289550
4540,广西经济职业学院,526,烹饪工艺与营养,13,268,0
4540,广西经济职业学院,527,艺术设计,10,268,0
4540,广西经济职业学院,528,数字媒体艺术设计,13,268,0
4540,广西经济职业学院,529,环境艺术设计,2,317,281759
4540,广西经济职业学院,530,美容美体艺术,10,268,0
4540,广西经济职业学院,531,工艺美术品设计,10,268,0
4540,广西经济职业学院,533,表演艺术,6,268,0
4540,广西经济职业学院,534,社会体育,6,268,0
4540,广西经济职业学院,535,人力资源管理,6,268,0
4540,广西经济职业学院,536,行政管理,6,268,0
4540,广西经济职业学院,537,现代家政服务与管理,6,268,0
4540,广西经济职业学院,538,智慧健康养老服务与管理,6,268,0
4540,广西经济职业学院,539,建筑工程技术(建筑节能技术方向),6,268,0
4540,广西经济职业学院,540,大数据与会计(国际会计方向),6,268,0
4540,广西经济职业学院,541,烹饪工艺与营养(公众营养方向),6,268,0
4540,广西经济职业学院,542,烹饪工艺与营养(西餐工艺方向),6,268,0
4540,广西经济职业学院,544,舞蹈表演(流行舞方向),2,288,286669
4541,广西培贤国际职业学院,501,电子商务,2,373,266381
4541,广西培贤国际职业学院,502,全媒体广告策划与营销,2,268,0
4541,广西培贤国际职业学院,503,网络营销与直播电商,2,361,270972
4541,广西培贤国际职业学院,504,动漫制作技术,2,268,0
4541,广西培贤国际职业学院,505,播音与主持,2,365,269413
4541,广西培贤国际职业学院,506,无人机应用技术,2,359,271487
4541,广西培贤国际职业学院,507,大数据技术,2,310,282940
4541,广西培贤国际职业学院,508,大数据与会计,2,380,263631
4541,广西培贤国际职业学院,509,人力资源管理,2,340,276772
4541,广西培贤国际职业学院,511,眼视光仪器技术,2,400,254385
4541,广西培贤国际职业学院,512,婴幼儿托育服务与管理,2,268,0
4541,广西培贤国际职业学院,513,商务英语,2,343,276136
4541,广西培贤国际职业学院,514,国际商务,2,268,0
4541,广西培贤国际职业学院,515,高速铁路客运服务,2,401,253724
4542,南宁学院,2,机械设计制造及其自动化,1,489,184541
4542,南宁学院,3,新能源汽车工程,1,485,188717
4542,南宁学院,4,智能车辆工程,2,481,193065
4542,南宁学院,5,工程造价,2,477,197885
4542,南宁学院,6,智能建造,2,477,197030
4542,南宁学院,7,计算机科学与技术,1,489,184430
4542,南宁学院,9,智能科学与技术,2,485,189056
4542,南宁学院,10,软件工程,2,483,191566
4542,南宁学院,11,大数据管理与应用,3,479,195201
4542,南宁学院,14,数字经济,2,480,193996
4543,柳州铁道职业技术学院,502,铁路物流管理(多式联运),3,478,196835
4543,柳州铁道职业技术学院,503,铁道机车运用与维护,1,489,184932
4543,柳州铁道职业技术学院,504,动车组检修技术,4,470,204043
4543,柳州铁道职业技术学院,505,铁道桥梁隧道工程技术,4,453,219145
4544,广西科技职业学院,501,电子商务,2,342,276295
4546,广西国际商务职业技术学院,501,跨境电子商务,7,405,251929
4546,广西国际商务职业技术学院,502,酒店管理与数字化运营,7,401,253753
4546,广西国际商务职业技术学院,503,大数据技术,6,414,246551
4547,广西自然资源职业技术学院,501,工程测量技术,8,409,249263
4547,广西自然资源职业技术学院,502,道路工程造价,8,416,245782
4547,广西自然资源职业技术学院,503,工业机器人技术,9,418,244540
4547,广西自然资源职业技术学院,504,新能源汽车技术,9,422,241667
4547,广西自然资源职业技术学院,505,电子商务,6,414,246892
4547,广西自然资源职业技术学院,506,网络营销与直播电商,12,415,246025
4548,广西物流职业技术学院,501,供应链运营,15,415,246335
4548,广西物流职业技术学院,502,智能物流技术,5,421,242219
4548,广西物流职业技术学院,503,汽车制造与试验技术,5,401,253709
4548,广西物流职业技术学院,504,大数据与会计,15,410,248870
4549,广西质量工程职业技术学院,501,机电一体化技术,4,437,231485
4549,广西质量工程职业技术学院,502,电梯工程技术,8,419,244004
4549,广西质量工程职业技术学院,503,数字媒体艺术设计,8,419,243907
4550,桂林信息工程职业学院,501,数控技术,8,298,284882
4550,桂林信息工程职业学院,502,智能控制技术,6,296,285196
4550,桂林信息工程职业学院,503,应用电子技术,8,268,0
4550,桂林信息工程职业学院,504,计算机网络技术,8,343,276046
4550,桂林信息工程职业学院,505,旅游管理,5,268,0
4551,梧州医学高等专科学校,501,护理,5,360,271086
4551,梧州医学高等专科学校,502,中医学,2,468,206444
4551,梧州医学高等专科学校,503,药学,3,268,0
4551,梧州医学高等专科学校,504,中医康复技术,2,379,263965
4551,梧州医学高等专科学校,505,康复治疗技术,2,292,285905
4551,梧州医学高等专科学校,506,医学美容技术,2,347,275001
4551,梧州医学高等专科学校,508,医学影像技术,2,268,0
4552,广西金融职业技术学院,501,金融服务与管理,4,405,251856
4552,广西金融职业技术学院,502,金融科技应用,4,386,261266
4552,广西金融职业技术学院,503,大数据与财务管理,4,405,251665
4552,广西金融职业技术学院,504,大数据与会计,4,410,249005
4552,广西金融职业技术学院,505,电子商务,4,408,249866
4552,广西金融职业技术学院,506,移动互联应用技术,4,396,256266
4552,广西金融职业技术学院,507,融媒体技术与运营,3,407,250787
4552,广西金融职业技术学院,508,财富管理,3,399,254757
4553,南宁职业技术大学,501,市政工程技术,5,402,253175
4553,南宁职业技术大学,502,软件技术,5,427,238628
4553,南宁职业技术大学,503,市场营销,5,412,247688
4553,南宁职业技术大学,504,机电一体化技术,9,446,225082
4553,南宁职业技术大学,505,数控技术,6,421,242302
4554,广西幼儿师范高等专科学校,501,学前教育(师范),3,379,264193
4554,广西幼儿师范高等专科学校,502,小学教育(师范),3,451,220831
4601,海口经济学院,11,电气工程及其自动化(智能控制),3,476,198032
4601,海口经济学院,24,地理空间信息工程,2,467,206736
4601,海口经济学院,25,智能科学与技术,2,467,207154
4601,海口经济学院,27,数据科学与大数据技术(智能数据分析),3,472,202133
4601,海口经济学院,501,测绘地理信息技术,4,309,283074
4601,海口经济学院,502,建筑设计,2,341,276649
4601,海口经济学院,503,工程造价,2,313,282490
4601,海口经济学院,505,大数据与会计,8,336,277733
4601,海口经济学院,506,人力资源管理,5,312,282662
4601,海口经济学院,507,现代物流管理,3,302,284264
4601,海口经济学院,508,电子商务,4,344,275829
4601,海口经济学院,509,金融服务与管理,2,310,282982
4601,海口经济学院,510,商务英语,2,377,264758
4601,海口经济学院,511,国际经济与贸易(跨境电商),2,313,282455
4601,海口经济学院,512,计算机网络技术,2,300,284584
4601,海口经济学院,513,现代移动通信技术,3,308,283317
4601,海口经济学院,514,电气自动化技术,3,405,251846
4601,海口经济学院,515,智能产品开发与应用,3,291,286119
4601,海口经济学院,517,旅游管理(含智慧旅游、数字文旅方向),5,343,276127
4601,海口经济学院,518,民航运输服务,4,312,282660
4601,海口经济学院,519,酒店管理与数字化运营,2,337,277524
4601,海口经济学院,525,影视编导,2,324,280372
4601,海口经济学院,541,市场营销(奢饰品营销),3,311,282744
4601,海口经济学院,542,会展策划与管理(含数字会展方向),4,354,272873
4601,海口经济学院,543,市场营销,2,294,285556
4601,海口经济学院,544,人力资源管理(人力资本管理与分析师),4,300,284510
4601,海口经济学院,545,电子商务(商业分析与大数据),3,358,271769
4601,海口经济学院,546,应用韩语,5,308,283327
4601,海口经济学院,547,园林工程技术,3,284,287389
4601,海口经济学院,550,市场营销(影视营销与制作),10,268,0
4601,海口经济学院,553,连锁经营与管理,4,284,287368
4601,海口经济学院,554,民宿管理与运营,4,296,285187
4601,海口经济学院,555,人工智能技术应用,2,315,282055
4601,海口经济学院,556,汽车智能技术,2,280,288133
4601,海口经济学院,557,环境监测技术,2,268,0
4601,海口经济学院,558,金融科技应用,3,310,282920
4601,海口经济学院,559,计算机应用技术,6,303,284046
4601,海口经济学院,560,商务管理,2,283,287546
4601,海口经济学院,561,新能源汽车技术,3,313,282471
4601,海口经济学院,562,无人机应用技术,2,355,272652
4601,海口经济学院,563,港口与航运管理,2,328,279654
4601,海口经济学院,564,动漫制作技术,2,304,283936
4601,海口经济学院,566,网络新闻与传播,2,312,282571
4601,海口经济学院,567,文化创意与策划,2,404,252480
4603,三亚学院,7,财务管理,1,527,141106
4603,三亚学院,12,供应链管理,1,557,103663
4603,三亚学院,14,旅游管理(智慧旅游大数据),1,525,142667
4603,三亚学院,16,会展经济与管理,1,521,148234
4603,三亚学院,22,语言学(语言科技),1,527,140882
4603,三亚学院,24,艺术管理,1,520,149127
4603,三亚学院,28,健康服务与管理,1,545,118867
4603,三亚学院,33,风景园林,1,526,142201
4603,三亚学院,35,医学检验技术,5,481,193089
4603,三亚学院,36,康复治疗学,4,483,190900
4603,三亚学院,37,数据计算及应用,8,467,207094
4603,三亚学院,38,车辆工程,8,467,206730
4603,三亚学院,39,新能源汽车工程,8,471,203409
4603,三亚学院,40,测控技术与仪器,8,466,207653
4603,三亚学院,41,新能源科学与工程,8,470,203933
4603,三亚学院,42,储能科学与工程,8,467,206724
4603,三亚学院,43,电子信息工程,7,472,202187
4603,三亚学院,44,通信工程,8,471,203309
4603,三亚学院,45,集成电路设计与集成系统,8,468,205915
4603,三亚学院,46,计算机科学与技术,8,474,200256
4603,三亚学院,47,软件工程,8,472,202332
4603,三亚学院,48,智能科学与技术,8,467,206650
4603,三亚学院,49,数据科学与大数据技术,10,471,203224
4603,三亚学院,50,虚拟现实技术,7,471,203512
4603,三亚学院,54,投资学(量化投资),1,520,148692
4603,三亚学院,55,国际经济与贸易(中外合作办学),1,507,165046
4603,三亚学院,56,数字经济,10,466,207745
4603,三亚学院,57,金融科技,12,464,209574
4603,三亚学院,58,区块链工程(数据资产管理),16,463,210413
4606,海南软件职业技术学院,501,软件技术,2,454,218666
4606,海南软件职业技术学院,502,大数据技术,2,429,237626
4606,海南软件职业技术学院,503,计算机应用技术,2,431,236303
4606,海南软件职业技术学院,504,信息安全技术应用,2,429,237163
4606,海南软件职业技术学院,505,广告艺术设计,2,422,242178
4606,海南软件职业技术学院,506,数字媒体艺术设计,2,434,234247
4606,海南软件职业技术学院,507,酒店管理与数字化运营,2,421,242293
4606,海南软件职业技术学院,508,旅游管理,2,417,244698
4606,海南软件职业技术学院,509,电子商务,2,435,233506
4608,海南外国语职业学院,501,应用英语,2,444,226685
4608,海南外国语职业学院,502,国际经济与贸易,1,424,240898
4608,海南外国语职业学院,503,应用日语,1,438,231204
4608,海南外国语职业学院,504,应用韩语,1,424,240369
4608,海南外国语职业学院,505,应用法语,1,435,233523
4608,海南外国语职业学院,506,应用外语(意大利语),1,467,207617
4609,海南医科大学,16,医学影像技术(中外合作办学),1,487,187295
4611,海南职业技术学院,501,计算机网络技术,3,424,240506
4611,海南职业技术学院,502,计算机应用技术,3,420,242950
4611,海南职业技术学院,503,建筑工程技术,3,416,245500
4611,海南职业技术学院,504,智能网联汽车技术,3,417,244691
4611,海南职业技术学院,505,珠宝首饰技术与管理,3,412,247629
4611,海南职业技术学院,506,中药学,4,452,220738
4611,海南职业技术学院,507,药学,5,439,230450
4611,海南职业技术学院,508,现代农业技术,4,416,245510
4611,海南职业技术学院,509,供应链运营,3,414,246532
4611,海南职业技术学院,510,现代物流管理,3,421,242223
4611,海南职业技术学院,511,跨境电子商务,4,416,245789
4611,海南职业技术学院,512,大数据与财务管理,3,420,243267
4611,海南职业技术学院,513,婴幼儿托育服务与管理,5,413,247195
4611,海南职业技术学院,514,融媒体技术与运营,4,397,255719
4614,三亚航空旅游职业学院,501,飞机机电设备维修,7,384,261789
4614,三亚航空旅游职业学院,502,空中乘务,38,332,278600
4614,三亚航空旅游职业学院,503,民航空中安全保卫,8,322,280665
4614,三亚航空旅游职业学院,504,高速铁路客运服务,2,400,254196
4614,三亚航空旅游职业学院,506,市场营销(奢侈品运营与管理),1,349,274404
4614,三亚航空旅游职业学院,507,旅游管理,1,388,260278
4614,三亚航空旅游职业学院,508,跨境电子商务,2,371,267244
4614,三亚航空旅游职业学院,509,网络营销与直播电商,2,330,279185
4615,海南卫生健康职业学院,501,护理,2,478,195978
4615,海南卫生健康职业学院,502,护理(健康与社会照护),1,473,201423
4615,海南卫生健康职业学院,503,护理(医学美容),1,488,186144
4615,海南卫生健康职业学院,504,婴幼儿托育服务与管理,1,395,256980
4615,海南卫生健康职业学院,505,药学,1,482,191940
4615,海南卫生健康职业学院,507,药品质量与安全,1,463,210556
4615,海南卫生健康职业学院,508,康复治疗技术,1,467,207347
4615,海南卫生健康职业学院,509,医学检验技术,1,488,186201
4615,海南卫生健康职业学院,510,医学影像技术,1,488,186227
4616,海南工商职业学院,501,计算机应用技术,65,268,0
4616,海南工商职业学院,502,网络直播与运营,45,268,0
4616,海南工商职业学院,503,大数据技术,40,268,0
4616,海南工商职业学院,504,电气自动化技术,30,268,0
4616,海南工商职业学院,505,人工智能技术应用,45,268,0
4616,海南工商职业学院,506,智能机器人技术,45,268,0
4616,海南工商职业学院,507,智能制造装备技术,30,268,0
4617,海南科技职业大学,1,机械设计制造及自动化,2,482,192104
4617,海南科技职业大学,501,智能机器人技术,6,356,272544
4617,海南科技职业大学,502,航海技术,5,403,252757
4617,海南科技职业大学,503,轮机工程技术,3,404,252251
4617,海南科技职业大学,504,大数据技术,6,368,268553
4617,海南科技职业大学,505,护理,8,376,265466
4617,海南科技职业大学,506,助产,4,329,279391
4617,海南科技职业大学,507,口腔医学技术,6,398,255261
4618,三亚理工职业学院,501,国际邮轮乘务管理,2,378,264548
4618,三亚理工职业学院,502,大数据与会计,1,396,256170
4618,三亚理工职业学院,503,护理,2,416,245526
4618,三亚理工职业学院,504,旅游管理,1,444,226838
4618,三亚理工职业学院,505,酒店管理与数字化运营,1,390,259344
4618,三亚理工职业学院,506,会展策划与管理,1,374,265964
4618,三亚理工职业学院,507,新能源汽车技术,2,376,265335
4618,三亚理工职业学院,508,广播影视节目制作,2,319,281403
4618,三亚理工职业学院,511,动漫制作技术,2,386,261268
4619,三亚城市职业学院,501,建筑工程技术,3,336,277666
4619,三亚城市职业学院,502,建筑消防技术,3,320,281234
4619,三亚城市职业学院,503,新能源汽车技术,3,352,273506
4619,三亚城市职业学院,506,大数据与会计,3,356,272538
4619,三亚城市职业学院,507,市场营销(新媒体运营),2,362,270540
4619,三亚城市职业学院,508,现代物流管理,3,360,271167
4619,三亚城市职业学院,509,智慧健康养老服务与管理,3,282,287710
4619,三亚城市职业学院,510,人力资源管理,3,283,287545
4619,三亚城市职业学院,511,宠物养护与驯导,3,388,260159
4619,三亚城市职业学院,512,旅游管理,3,357,272220
4619,三亚城市职业学院,513,烹饪工艺与营养,3,348,274732
4619,三亚城市职业学院,514,高速铁路客运服务,7,354,273158
4619,三亚城市职业学院,515,空中乘务,7,306,283594
4619,三亚城市职业学院,516,计算机应用技术,7,340,276726
4619,三亚城市职业学院,517,婴幼儿托育服务与管理,7,291,286069
4619,三亚城市职业学院,518,电子商务,7,327,279735
4619,三亚城市职业学院,523,应用英语,2,328,279535
4619,三亚城市职业学院,524,大数据与会计(中外合作办学),5,294,285541
4619,三亚城市职业学院,525,现代物流管理(中外合作办学),5,287,286795
4620,三亚中瑞酒店管理职业学院,501,酒店管理与数字化运营(互联网营销官方向),10,287,286836
4620,三亚中瑞酒店管理职业学院,502,国际邮轮乘务管理,5,298,284903
4620,三亚中瑞酒店管理职业学院,503,烹饪工艺与营养,5,268,0
4620,三亚中瑞酒店管理职业学院,504,西式烹饪工艺,10,268,0
4620,三亚中瑞酒店管理职业学院,505,空中乘务,15,268,0
4620,三亚中瑞酒店管理职业学院,507,民航空中安全保卫,10,268,0
4620,三亚中瑞酒店管理职业学院,508,旅游管理,5,309,283136
4620,三亚中瑞酒店管理职业学院,509,融媒体技术与运营,95,268,0
4620,三亚中瑞酒店管理职业学院,510,网络新闻与传播,40,268,0
4620,三亚中瑞酒店管理职业学院,511,市场营销(奢侈品营销方向),55,268,0
4620,三亚中瑞酒店管理职业学院,512,建筑装饰工程技术,20,268,0
4620,三亚中瑞酒店管理职业学院,513,大数据与财务管理(智能财务方向),5,268,0
4620,三亚中瑞酒店管理职业学院,514,大数据与会计,5,275,289146
4620,三亚中瑞酒店管理职业学院,515,工商企业管理,5,268,0
4621,海南比勒费尔德应用科学大学,1,计算机科学与技术,2,480,194312
4621,海南比勒费尔德应用科学大学,2,电子信息科学与技术,3,485,189378
4621,海南比勒费尔德应用科学大学,3,经济工程,5,471,203091
4621,海南比勒费尔德应用科学大学,4,物流工程,5,470,204155
4622,海南东方新丝路职业学院,501,新能源材料应用技术,5,298,284850
4622,海南东方新丝路职业学院,502,机电一体化技术,30,268,0
4622,海南东方新丝路职业学院,503,工业机器人技术,30,268,0
4622,海南东方新丝路职业学院,504,新能源汽车技术,35,268,0
4622,海南东方新丝路职业学院,505,软件技术,20,268,0
4622,海南东方新丝路职业学院,506,中药学,55,268,0
4622,海南东方新丝路职业学院,507,康复治疗技术,25,268,0
4622,海南东方新丝路职业学院,508,大数据与会计,32,268,0
4622,海南东方新丝路职业学院,509,电子商务,5,311,282783
4622,海南东方新丝路职业学院,510,视觉传达设计,25,268,0
4622,海南东方新丝路职业学院,511,数字媒体艺术设计,25,268,0
4623,三亚护理职业学院,501,护理,86,268,0
4623,三亚护理职业学院,505,中医康复技术,2,268,0
4623,三亚护理职业学院,507,医学美容技术,4,268,0
4623,三亚护理职业学院,508,康复治疗技术,4,268,0
4623,三亚护理职业学院,509,口腔卫生保健,4,268,0
4623,三亚护理职业学院,512,智慧健康养老服务与管理,6,268,0
5006,重庆人文科技学院,6,广播电视编导,1,567,91676
5009,重庆城市管理职业学院,502,跨境电子商务,1,504,167511
5009,重庆城市管理职业学院,504,园林工程技术,3,437,231756
5009,重庆城市管理职业学院,505,药品质量与安全,2,488,186404
5012,重庆城市科技学院,2,工程造价,2,489,184539
5012,重庆城市科技学院,8,信息安全,1,515,154503
5012,重庆城市科技学院,10,数字经济,1,507,164178
5012,重庆城市科技学院,11,金融学,1,564,95373
5012,重庆城市科技学院,25,健康服务与管理,1,563,96663
5012,重庆城市科技学院,30,会计学(菁英实验班),2,568,90469
5013,重庆电力高等专科学校,508,工业互联网应用,2,488,185919
5015,重庆工程职业技术学院,503,机电一体化技术(中外合作办学),4,446,225263
5015,重庆工程职业技术学院,504,工业机器人技术(中外合作办学),4,446,225078
5015,重庆工程职业技术学院,506,软件技术(中外合作办学),4,468,206315
5015,重庆工程职业技术学院,507,通信类,2,465,209114
5015,重庆工程职业技术学院,508,工程造价,2,471,203252
5015,重庆工程职业技术学院,509,水文与工程地质,2,486,188143
5015,重庆工程职业技术学院,510,工程测量技术,1,482,192448
5015,重庆工程职业技术学院,511,测绘地理信息技术,2,489,184385
5018,重庆工商大学派斯学院,1,数字经济,2,503,168749
5018,重庆工商大学派斯学院,4,金融工程,6,489,185189
5019,重庆财经学院,5,经济统计学,1,508,163226
5019,重庆财经学院,19,区块链工程,1,519,149959
5028,重庆对外经贸学院,2,金融工程,2,489,185424
5028,重庆对外经贸学院,6,电子科学与技术,2,506,165579
5028,重庆对外经贸学院,9,数据科学与大数据技术,3,496,177046
5028,重庆对外经贸学院,20,数字经济,3,490,183484
5028,重庆对外经贸学院,21,虚拟现实技术,4,489,184492
5028,重庆对外经贸学院,22,区块链工程,5,488,185638
5028,重庆对外经贸学院,24,软件工程,4,495,177911
5033,重庆移通学院,6,电气工程及其自动化(中外合作办学),20,473,201167
5033,重庆移通学院,7,机械设计制造及其自动化(中外合作办学),25,467,206690
5036,重庆电子科技职业大学,503,建筑智能化工程技术,3,477,197006
5036,重庆电子科技职业大学,504,建设工程管理类,5,470,204018
5037,重庆信息技术职业学院,501,护理,6,366,269221
5037,重庆信息技术职业学院,502,智能机器人技术,3,381,263054
5037,重庆信息技术职业学院,503,新能源汽车技术,3,383,262238
5037,重庆信息技术职业学院,504,电子信息工程技术,3,364,269705
5037,重庆信息技术职业学院,505,软件技术,4,353,273206
5037,重庆信息技术职业学院,506,数字媒体技术,3,383,262413
5037,重庆信息技术职业学院,507,康复治疗技术,5,360,271288
5037,重庆信息技术职业学院,508,电子商务,3,396,256214
5038,重庆建筑科技职业学院,501,智能建造技术,3,383,262353
5038,重庆建筑科技职业学院,502,智能机器人技术,4,359,271562
5038,重庆建筑科技职业学院,503,无人机应用技术,4,366,269094
5038,重庆建筑科技职业学院,504,物联网应用技术,4,368,268244
5038,重庆建筑科技职业学院,505,人工智能数据工程技术,4,341,276600
5038,重庆建筑科技职业学院,506,健康管理,3,372,267017
5038,重庆建筑科技职业学院,507,研学旅行管理与服务,3,337,277564
5038,重庆建筑科技职业学院,508,移动商务,3,366,269262
5038,重庆建筑科技职业学院,509,网络直播与运营,3,352,273533
5038,重庆建筑科技职业学院,510,虚拟现实技术应用,3,350,274141
5038,重庆建筑科技职业学院,511,新能源汽车技术(中外合作办学),6,268,0
5039,重庆电讯职业学院,501,建筑消防技术,6,344,275742
5039,重庆电讯职业学院,502,机电一体化技术,18,354,273040
5039,重庆电讯职业学院,503,工业机器人技术,18,330,279046
5039,重庆电讯职业学院,504,新能源汽车技术,18,331,278893
5039,重庆电讯职业学院,505,智能网联汽车技术,18,306,283674
5039,重庆电讯职业学院,506,药品经营与管理,3,322,280784
5039,重庆电讯职业学院,507,民航运输服务,8,311,282714
5039,重庆电讯职业学院,508,城市轨道交通运营管理,7,394,257296
5039,重庆电讯职业学院,509,应用电子技术,6,326,279923
5039,重庆电讯职业学院,510,软件技术,18,311,282791
5039,重庆电讯职业学院,511,数字媒体技术,11,315,282019
5039,重庆电讯职业学院,512,大数据技术,18,313,282412
5039,重庆电讯职业学院,513,信息安全技术应用,8,291,286106
5039,重庆电讯职业学院,514,工业互联网技术,5,315,282081
5039,重庆电讯职业学院,516,现代通信技术,7,312,282658
5039,重庆电讯职业学院,517,现代移动通信技术,9,307,283521
5039,重庆电讯职业学院,518,电信服务与管理,5,268,0
5039,重庆电讯职业学院,519,会计信息管理,6,322,280818
5039,重庆电讯职业学院,520,电子商务,9,342,276182
5039,重庆电讯职业学院,521,现代物流管理,5,268,0
5039,重庆电讯职业学院,522,融媒体技术与运营,9,319,281328
5039,重庆电讯职业学院,523,汽车制造与试验技术(中外合作办学),46,268,0
5039,重庆电讯职业学院,524,通信系统运行管理(中外合作办学),30,268,0
5040,重庆艺术工程职业学院,501,建筑智能化工程技术,4,372,266706
5040,重庆艺术工程职业学院,502,物联网应用技术,4,383,262251
5040,重庆艺术工程职业学院,510,融媒体技术与运营,4,389,259674
5040,重庆艺术工程职业学院,511,空中乘务,4,268,0
5040,重庆艺术工程职业学院,512,民航安全技术管理,4,268,0
5041,重庆轻工职业学院,501,机电一体化技术,10,368,268276
5041,重庆轻工职业学院,502,工业机器人技术,10,337,277563
5041,重庆轻工职业学院,503,新能源汽车技术,10,329,279388
5041,重庆轻工职业学院,504,人工智能技术应用,10,340,276748
5041,重庆轻工职业学院,505,智能安防运营管理,5,268,0
5041,重庆轻工职业学院,506,包装策划与设计,5,325,280119
5041,重庆轻工职业学院,507,数字媒体技术,10,344,275891
5041,重庆轻工职业学院,508,物联网应用技术,12,325,280201
5041,重庆轻工职业学院,509,大数据技术,10,324,280421
5041,重庆轻工职业学院,510,食品智能加工技术,6,268,0
5041,重庆轻工职业学院,511,食品检验检测技术,6,352,273565
5041,重庆轻工职业学院,512,药物制剂技术,8,355,272860
5041,重庆轻工职业学院,513,药品经营与管理,6,382,262743
5041,重庆轻工职业学院,514,智慧健康养老服务与管理,5,268,0
5041,重庆轻工职业学院,515,大数据与财务管理,6,331,278975
5041,重庆轻工职业学院,516,网络营销与直播电商,6,299,284757
5041,重庆轻工职业学院,517,城市轨道交通运营管理,5,313,282473
5041,重庆轻工职业学院,518,智能网联汽车技术,10,268,0
5041,重庆轻工职业学院,519,护理,12,268,0
5041,重庆轻工职业学院,520,跨境电子商务,6,268,0
5042,重庆电信职业学院,501,汽车电子技术,4,331,278998
5042,重庆电信职业学院,502,汽车造型与改装技术,15,310,282972
5042,重庆电信职业学院,503,新能源汽车技术,18,314,282252
5042,重庆电信职业学院,504,虚拟现实技术应用,8,305,283792
5042,重庆电信职业学院,505,工业互联网技术,18,268,0
5042,重庆电信职业学院,506,电信服务与管理,41,268,0
5043,重庆幼儿师范高等专科学校,501,智慧健康养老服务与管理,3,476,198767
5044,重庆科技职业学院,501,城市轨道交通运营管理,5,383,262304
5044,重庆科技职业学院,502,现代移动通信技术,5,268,0
5044,重庆科技职业学院,503,智能网联汽车技术,5,268,0
5044,重庆科技职业学院,504,大数据技术,5,353,273246
5044,重庆科技职业学院,505,酒店管理与数字化运营,5,298,284886
5044,重庆科技职业学院,506,新能源汽车技术,5,375,265535
5044,重庆科技职业学院,507,大数据与会计,5,398,255430
5044,重庆科技职业学院,508,旅游管理,5,268,0
5044,重庆科技职业学院,509,学前教育,5,345,275628
5044,重庆科技职业学院,510,电子商务,5,321,280983
5044,重庆科技职业学院,511,电子信息工程技术,5,363,270141
5044,重庆科技职业学院,512,汽车检测与维修技术,5,268,0
5044,重庆科技职业学院,513,智慧健康养老服务与管理,5,333,278566
5044,重庆科技职业学院,514,机械制造及自动化,5,399,254633
5044,重庆科技职业学院,515,智能控制技术,5,353,273277
5044,重庆科技职业学院,516,计算机应用技术,5,370,267715
5044,重庆科技职业学院,517,物联网应用技术,5,334,278220
5044,重庆科技职业学院,518,人工智能技术应用,5,346,275310
5045,重庆资源与环境保护职业学院,501,金融科技应用,10,275,289147
5045,重庆资源与环境保护职业学院,502,新能源汽车检测与维修技术,10,338,277215
5045,重庆资源与环境保护职业学院,503,大数据技术,15,319,281402
5045,重庆资源与环境保护职业学院,504,大数据与会计,6,358,271939
5045,重庆资源与环境保护职业学院,505,人工智能技术应用,15,304,283912
5045,重庆资源与环境保护职业学院,506,环境监测技术,8,316,281804
5045,重庆资源与环境保护职业学院,507,药品质量与安全,10,329,279281
5045,重庆资源与环境保护职业学院,508,城市轨道交通运营管理,14,367,268871
5045,重庆资源与环境保护职业学院,509,数字媒体技术,15,317,281631
5045,重庆资源与环境保护职业学院,510,环境工程技术,19,268,0
5045,重庆资源与环境保护职业学院,511,药品经营与管理,12,321,280894
5045,重庆资源与环境保护职业学院,512,建筑室内设计,8,314,282211
5045,重庆资源与环境保护职业学院,513,物联网应用技术,10,268,0
5045,重庆资源与环境保护职业学院,514,智能环保装备技术,8,268,0
5045,重庆资源与环境保护职业学院,515,智慧健康养老服务与管理,4,329,279405
5045,重庆资源与环境保护职业学院,516,学前教育,2,357,272230
5045,重庆资源与环境保护职业学院,517,计算机应用技术,10,268,0
5045,重庆资源与环境保护职业学院,519,智能机电技术,10,308,283283
5045,重庆资源与环境保护职业学院,520,移动互联应用技术,10,268,0
5045,重庆资源与环境保护职业学院,521,生态环境修复技术,8,268,0
5045,重庆资源与环境保护职业学院,522,康复治疗技术,10,268,0
5045,重庆资源与环境保护职业学院,523,工业机器人技术,10,328,279570
5045,重庆资源与环境保护职业学院,524,绿色低碳技术,8,346,275294
5045,重庆资源与环境保护职业学院,525,婴幼儿托育服务与管理,4,292,285953
5045,重庆资源与环境保护职业学院,526,电气自动化技术,10,339,277044
5045,重庆资源与环境保护职业学院,527,汽车电子技术,8,298,284887
5046,重庆理工职业学院,501,数字化设计与制造技术,12,314,282214
5046,重庆理工职业学院,502,新能源汽车技术,16,395,256934
5046,重庆理工职业学院,503,智能网联汽车技术,12,300,284539
5046,重庆理工职业学院,504,城市轨道交通运营管理,16,300,284561
5046,重庆理工职业学院,505,移动互联应用技术,7,309,283053
5046,重庆理工职业学院,506,软件技术,8,368,268435
5046,重庆理工职业学院,507,数字媒体技术,12,387,260714
5046,重庆理工职业学院,508,大数据技术,8,283,287513
5046,重庆理工职业学院,509,虚拟现实技术应用,7,326,279925
5046,重庆理工职业学院,510,人工智能技术应用,18,285,287143
5046,重庆理工职业学院,511,护理,40,268,0
5046,重庆理工职业学院,512,工业互联网技术,8,268,0
5046,重庆理工职业学院,513,康复治疗技术,8,271,289961
5046,重庆理工职业学院,514,财税大数据应用,6,317,281638
5046,重庆理工职业学院,515,智慧健康养老服务与管理,8,268,0
5046,重庆理工职业学院,516,社区康复,12,357,272209
5047,重庆海联职业技术学院,501,空中乘务,1,374,266263
5047,重庆海联职业技术学院,502,民航空中安全保卫,1,359,271581
5047,重庆海联职业技术学院,503,民航运输服务,1,404,252119
5047,重庆海联职业技术学院,504,高速铁路客运服务,1,374,266152
5047,重庆海联职业技术学院,505,民航安全技术管理,1,387,260765
5047,重庆海联职业技术学院,506,航空物流管理,1,416,245372
5047,重庆海联职业技术学院,507,飞机机电设备维修,1,408,249833
5047,重庆海联职业技术学院,508,航空地面设备维修,1,426,239252
5047,重庆海联职业技术学院,509,无人机应用技术,1,419,243655
5047,重庆海联职业技术学院,510,无人机测绘技术,1,387,260667
5047,重庆海联职业技术学院,511,应急救援技术,1,404,252449
5047,重庆海联职业技术学院,512,新能源汽车技术,1,417,244924
5047,重庆海联职业技术学院,513,汽车制造与试验技术,1,376,265150
5047,重庆海联职业技术学院,514,智能网联汽车技术,1,375,265631
5047,重庆海联职业技术学院,515,旅游管理,1,411,248419
5047,重庆海联职业技术学院,516,定制旅行管理与服务,1,373,266460
5047,重庆海联职业技术学院,517,智慧旅游技术应用,1,326,279919
5047,重庆海联职业技术学院,518,法律事务,1,465,208730
5047,重庆海联职业技术学院,519,工程造价,1,393,257882
5047,重庆海联职业技术学院,520,跨境电子商务,1,375,265812
5048,重庆传媒职业学院,501,数字媒体技术,8,363,270079
5048,重庆传媒职业学院,502,大数据技术,6,300,284567
5048,重庆传媒职业学院,503,云计算技术应用,6,331,278877
5048,重庆传媒职业学院,504,动漫制作技术,5,378,264623
5048,重庆传媒职业学院,505,康复治疗技术,6,415,245947
5048,重庆传媒职业学院,506,大数据与财务管理,6,336,277858
5048,重庆传媒职业学院,507,电子商务,4,351,273855
5048,重庆传媒职业学院,508,广播影视节目制作,5,378,264661
5048,重庆传媒职业学院,509,新闻采编与制作,6,391,258946
5048,重庆传媒职业学院,510,录音技术与艺术,4,354,273017
5048,重庆传媒职业学院,511,摄影摄像技术,5,354,272972
5048,重庆传媒职业学院,512,融媒体技术与运营,5,353,273247
5048,重庆传媒职业学院,513,传播与策划,5,344,275899
5048,重庆传媒职业学院,514,影视制片管理,4,318,281456
5048,重庆传媒职业学院,515,人工智能技术应用,8,310,282994
5048,重庆传媒职业学院,518,影视编导,5,332,278739
5049,重庆化工职业学院,501,药品生产技术,5,441,228746
5049,重庆化工职业学院,502,新能源材料应用技术,5,438,231139
5050,重庆经贸职业学院,501,大数据与会计,10,382,262831
5050,重庆经贸职业学院,502,电子商务,20,325,280103
5050,重庆经贸职业学院,503,统计与大数据分析,10,269,290404
5050,重庆经贸职业学院,505,大数据技术,15,268,0
5050,重庆经贸职业学院,506,新能源汽车技术,10,328,279474
5050,重庆经贸职业学院,507,民航安全技术管理,10,290,286272
5050,重庆经贸职业学院,508,物联网应用技术,20,296,285208
5050,重庆经贸职业学院,509,机电一体化技术,30,370,267711
5051,重庆健康职业学院,501,物联网应用技术,10,296,285264
5051,重庆健康职业学院,502,人工智能技术应用,10,318,281483
5051,重庆健康职业学院,503,护理,30,323,280498
5051,重庆健康职业学院,504,药学,15,325,280196
5051,重庆健康职业学院,505,健康管理,15,295,285444
5053,重庆数字产业职业技术学院,501,无人机应用技术,8,295,285410
5053,重庆数字产业职业技术学院,502,智能网联汽车技术,8,274,289347
5053,重庆数字产业职业技术学院,503,城市轨道交通运营管理,8,293,285759
5053,重庆数字产业职业技术学院,504,会计信息管理,5,313,282480
5053,重庆数字产业职业技术学院,505,移动商务,5,283,287555
5053,重庆数字产业职业技术学院,506,数字媒体技术,15,292,285898
5053,重庆数字产业职业技术学院,507,大数据技术,11,304,283937
5053,重庆数字产业职业技术学院,508,虚拟现实技术应用,5,302,284236
5053,重庆数字产业职业技术学院,509,人工智能数据工程技术,5,289,286456
5055,重庆现代制造职业学院,501,机械制造及自动化,10,318,281536
5055,重庆现代制造职业学院,502,模具设计与制造,6,345,275577
5055,重庆现代制造职业学院,503,新能源装备技术,4,268,0
5055,重庆现代制造职业学院,504,智能机电技术,10,268,0
5055,重庆现代制造职业学院,506,电气自动化技术,10,320,281199
5055,重庆现代制造职业学院,507,工业互联网应用,6,268,0
5055,重庆现代制造职业学院,508,国际商务,6,268,0
5055,重庆现代制造职业学院,510,采购与供应管理,7,268,0
5056,重庆能源职业学院,501,护理,20,268,0
5056,重庆能源职业学院,502,中药学,20,268,0
5056,重庆能源职业学院,503,新能源装备技术,10,268,0
5056,重庆能源职业学院,504,城市轨道交通运营管理,5,355,272808
5056,重庆能源职业学院,505,家具设计与制造,10,268,0
5056,重庆能源职业学院,506,密码技术应用,5,268,0
5056,重庆能源职业学院,507,计算机类,10,268,0
5056,重庆能源职业学院,508,汽车制造类,10,268,0
5057,重庆工信职业学院,501,药品生物技术,10,427,238527
5057,重庆工信职业学院,502,智能控制技术,10,425,239938
5058,重庆应用技术职业学院,501,计算机网络技术,10,268,0
5058,重庆应用技术职业学院,503,软件技术,10,268,0
5058,重庆应用技术职业学院,505,数字媒体技术,10,268,0
5058,重庆应用技术职业学院,506,汽车制造与试验技术,20,268,0
5058,重庆应用技术职业学院,507,汽车智能技术,40,268,0
5058,重庆应用技术职业学院,508,汽车电子技术,30,268,0
5058,重庆应用技术职业学院,509,新能源汽车技术,20,268,0
5058,重庆应用技术职业学院,510,建筑设计,10,268,0
5058,重庆应用技术职业学院,512,工程造价,10,268,0
5059,重庆智能工程职业学院,501,工业机器人技术,10,294,285628
5059,重庆智能工程职业学院,502,无人机应用技术,10,278,288482
5059,重庆智能工程职业学院,503,新能源汽车技术,10,268,0
5059,重庆智能工程职业学院,504,信息安全技术应用,10,268,0
5059,重庆智能工程职业学院,505,人工智能技术应用,10,268,0
5059,重庆智能工程职业学院,506,护理,10,268,0
5059,重庆智能工程职业学院,507,医学检验技术,10,328,279633
5060,重庆公共运输职业学院,501,铁道机车运用与维护,5,398,255156
5102,成都航空职业技术大学,501,航空复合材料成型与加工技术,1,485,188698
5102,成都航空职业技术大学,502,机电一体化技术,2,488,186087
5102,成都航空职业技术大学,503,电气自动化技术,1,489,184525
5102,成都航空职业技术大学,504,飞行器数字化制造技术,2,481,193453
5102,成都航空职业技术大学,505,飞行器数字化装配技术,2,477,197471
5102,成都航空职业技术大学,506,航空材料精密成型技术,2,479,195737
5102,成都航空职业技术大学,507,增材制造技术,2,457,215638
5102,成都航空职业技术大学,508,航空装备表面处理技术,2,473,201433
5102,成都航空职业技术大学,509,工业机器人技术,3,474,200076
5102,成都航空职业技术大学,512,飞机结构修理,1,481,192959
5102,成都航空职业技术大学,514,电子信息工程技术,3,475,199285
5102,成都航空职业技术大学,515,应用电子技术,2,474,200148
5108,成都银杏酒店管理学院,2,烹饪与营养教育,5,431,235810
5109,成都大学,501,工程造价(中外合作办学),19,455,217757
5119,南充职业技术学院,501,大数据技术,4,423,241025
5119,南充职业技术学院,502,电子商务,4,413,247201
5122,四川大学锦江学院,7,土木工程,2,487,186901
5123,四川工程职业技术大学,504,工程造价,6,405,251709
5123,四川工程职业技术大学,507,智能网联汽车技术,3,466,207801
5124,四川国际标榜职业学院,501,护理,15,268,0
5124,四川国际标榜职业学院,502,学前教育,15,268,0
5124,四川国际标榜职业学院,503,电子竞技运动与管理,15,271,289944
5124,四川国际标榜职业学院,504,影视多媒体技术(影视制作),20,294,285560
5124,四川国际标榜职业学院,505,家具设计与制造,15,268,0
5124,四川国际标榜职业学院,506,建筑室内设计,20,268,0
5124,四川国际标榜职业学院,507,电子商务,15,273,289557
5124,四川国际标榜职业学院,508,应用日语,15,268,0
5124,四川国际标榜职业学院,513,网络直播与运营,10,268,0
5124,四川国际标榜职业学院,514,人工智能技术应用,10,268,0
5124,四川国际标榜职业学院,516,数字媒体技术,10,291,286084
5125,四川建筑职业技术学院,502,建筑工程技术,2,443,227423
5126,四川交通职业技术学院,501,机械制造及自动化,1,485,188959
5126,四川交通职业技术学院,502,氢能技术应用,5,444,226879
5132,四川工商学院,3,数字经济,2,488,185660
5133,成都文理学院,2,艺术教育,1,561,98698
5133,成都文理学院,502,早期教育,20,268,0
5134,四川水利职业技术学院,501,电力系统自动化技术,5,462,211352
5136,成都外国语学院,14,朝鲜语,1,556,104444
5148,中国民用航空飞行学院,10,计算机科学与技术,1,568,89560
5151,四川旅游学院,1,建筑电气与智能化(中外合作办学),1,501,171015
5152,四川化工职业技术学院,501,药品生产技术,10,437,231673
5152,四川化工职业技术学院,502,应用化工技术,39,416,245447
5154,四川华新现代职业学院,501,动漫制作技术,6,321,280887
5155,四川铁道职业学院,501,城市轨道车辆应用技术,5,461,212258
5155,四川铁道职业学院,502,城市轨道交通机电技术,5,458,215171
5155,四川铁道职业学院,503,铁道供电技术,1,478,196438
5155,四川铁道职业学院,504,城市轨道交通供配电技术,2,456,216636
5155,四川铁道职业学院,505,高速铁路综合维修技术,2,467,206731
5155,四川铁道职业学院,506,电气自动化技术,2,470,203914
5155,四川铁道职业学院,507,铁道通信与信息化技术,2,476,198086
5156,四川文轩职业学院,501,中文,6,308,283326
5156,四川文轩职业学院,502,护理,40,268,0
5156,四川文轩职业学院,503,口腔医学技术,14,369,267949
5156,四川文轩职业学院,504,康复治疗技术,4,328,279536
5156,四川文轩职业学院,505,助产,2,332,278693
5156,四川文轩职业学院,506,药学,8,313,282398
5156,四川文轩职业学院,507,中药学,36,268,0
5156,四川文轩职业学院,508,空中乘务,2,326,280063
5156,四川文轩职业学院,509,高速铁路客运服务,2,327,279722
5156,四川文轩职业学院,510,计算机应用技术,6,354,272938
5156,四川文轩职业学院,511,计算机网络技术,10,314,282334
5156,四川文轩职业学院,512,大数据技术,2,330,279079
5156,四川文轩职业学院,513,数字媒体技术,2,346,275265
5156,四川文轩职业学院,514,财税大数据应用,2,324,280400
5156,四川文轩职业学院,515,大数据与会计,6,319,281280
5156,四川文轩职业学院,516,金融服务与管理,2,323,280617
5156,四川文轩职业学院,517,中小企业创业与经营,2,322,280772
5156,四川文轩职业学院,518,电子商务,2,335,277962
5156,四川文轩职业学院,519,建筑工程技术,2,330,279102
5156,四川文轩职业学院,520,机械制造及自动化,10,342,276327
5156,四川文轩职业学院,521,无人机应用技术,4,323,280474
5156,四川文轩职业学院,522,工业机器人技术,2,338,277227
5156,四川文轩职业学院,523,数控技术,4,332,278723
5157,天府新区信息职业学院,501,工业机器人技术,7,287,286823
5157,天府新区信息职业学院,502,无人机应用技术,6,268,0
5157,天府新区信息职业学院,503,新能源汽车技术,12,268,0
5157,天府新区信息职业学院,504,城市轨道交通运营管理,7,296,285245
5157,天府新区信息职业学院,505,民航安全技术管理,6,268,0
5157,天府新区信息职业学院,506,数字媒体技术,6,268,0
5157,天府新区信息职业学院,507,电子竞技运动与管理,6,268,0
5158,江阳城建职业学院,501,工程测量技术,20,268,0
5158,江阳城建职业学院,502,地下与隧道工程技术,15,268,0
5158,江阳城建职业学院,503,建设工程管理,15,268,0
5158,江阳城建职业学院,504,机电一体化技术,20,268,0
5158,江阳城建职业学院,505,智能控制技术,15,268,0
5158,江阳城建职业学院,506,工业机器人技术,15,268,0
5158,江阳城建职业学院,507,无人机应用技术,15,268,0
5158,江阳城建职业学院,508,道路与桥梁工程技术,20,268,0
5158,江阳城建职业学院,509,大数据与财务管理,15,268,0
5159,南充文化旅游职业学院,501,旅游管理,3,422,242082
5159,南充文化旅游职业学院,502,酒店管理与数字化运营,3,421,242479
5159,南充文化旅游职业学院,503,电子商务,3,426,239420
5159,南充文化旅游职业学院,504,智慧健康养老服务与管理,3,434,233622
5160,自贡职业技术学院,501,无人机应用技术(无人机航测应用技术),8,268,0
5160,自贡职业技术学院,503,人工智能技术应用(彩灯虚拟仿真设计),6,268,0
5160,自贡职业技术学院,504,数字媒体技术(影视与短视频制作),8,268,0
5160,自贡职业技术学院,506,电子信息工程技术,3,268,0
5160,自贡职业技术学院,513,宠物医疗技术,2,398,255427
5161,遂宁工程职业学院,501,软件技术,4,268,0
5161,遂宁工程职业学院,502,信息安全技术应用,2,268,0
5161,遂宁工程职业学院,503,数字媒体技术,2,303,284026
5161,遂宁工程职业学院,504,大数据与会计,2,301,284395
5161,遂宁工程职业学院,505,网络营销与直播电商,2,284,287360
5161,遂宁工程职业学院,506,应急救援技术,2,300,284505
5161,遂宁工程职业学院,509,宠物医疗技术,2,311,282790
5162,成都东软学院,5,数据科学与大数据技术(中外合作办学),3,465,208866
5166,四川文化产业职业学院,502,人工智能技术应用,2,489,184956
5167,德阳科贸职业学院,501,学前教育,10,268,0
5167,德阳科贸职业学院,504,电子商务,4,304,283970
5167,德阳科贸职业学院,505,大数据与会计,10,268,0
5167,德阳科贸职业学院,506,定制旅行管理与服务,4,268,0
5167,德阳科贸职业学院,508,金融服务与管理,4,311,282803
5167,德阳科贸职业学院,509,中小企业创业与经营,4,268,0
5167,德阳科贸职业学院,512,智能控制技术,4,268,0
5167,德阳科贸职业学院,513,智能控制技术(机器人应用与维护),4,268,0
5167,德阳科贸职业学院,515,人工智能技术应用,10,268,0
5167,德阳科贸职业学院,516,大数据技术,10,268,0
5167,德阳科贸职业学院,517,软件技术,10,268,290596
5167,德阳科贸职业学院,518,智能互联网络技术,10,268,0
5167,德阳科贸职业学院,519,数字媒体技术,6,268,0
5167,德阳科贸职业学院,520,数字媒体技术(无人机拍摄与影像处理),6,268,0
5167,德阳科贸职业学院,525,应急救援技术,6,268,0
5167,德阳科贸职业学院,527,建筑消防技术,6,268,0
5167,德阳科贸职业学院,529,护理,20,268,0
5167,德阳科贸职业学院,530,护理(老年护理),10,268,0
5167,德阳科贸职业学院,531,护理(母婴护理),10,268,0
5167,德阳科贸职业学院,532,眼视光仪器技术,8,268,0
5167,德阳科贸职业学院,533,医学美容技术,8,311,282763
5167,德阳科贸职业学院,534,公共卫生管理,6,268,0
5167,德阳科贸职业学院,535,康复治疗技术,8,299,284736
5167,德阳科贸职业学院,536,口腔医学技术,20,268,0
5168,四川航天职业技术学院,501,数控技术,4,486,188160
5168,四川航天职业技术学院,502,飞行器数字化制造技术(中外合作办学),6,451,220807
5169,四川托普信息技术职业学院,501,软件技术,5,306,283659
5169,四川托普信息技术职业学院,502,计算机网络技术,5,273,289528
5169,四川托普信息技术职业学院,503,计算机应用技术,5,275,289123
5169,四川托普信息技术职业学院,504,人工智能技术应用,5,304,283877
5169,四川托普信息技术职业学院,505,城市轨道交通运营管理,5,279,288295
5169,四川托普信息技术职业学院,506,光伏工程技术,5,268,0
5169,四川托普信息技术职业学院,507,机电一体化技术,5,329,279453
5169,四川托普信息技术职业学院,508,电子商务,5,317,281653
5169,四川托普信息技术职业学院,509,现代物流管理,5,268,0
5169,四川托普信息技术职业学院,510,旅游管理,5,268,0
5169,四川托普信息技术职业学院,511,护理,5,294,285624
5169,四川托普信息技术职业学院,514,烹饪工艺与营养,5,268,0
5170,四川城市职业学院,502,学前教育,20,268,0
5170,四川城市职业学院,503,美术教育,20,288,286633
5170,四川城市职业学院,504,网络直播与运营,20,268,0
5170,四川城市职业学院,505,护理,34,268,0
5170,四川城市职业学院,506,医学影像技术,35,268,0
5170,四川城市职业学院,507,口腔医学技术,65,268,0
5170,四川城市职业学院,508,医学美容技术,25,268,0
5170,四川城市职业学院,510,宠物医疗技术,30,309,283110
5170,四川城市职业学院,511,无人机应用技术,20,268,0
5171,四川现代职业学院,501,建筑室内设计,2,398,255493
5171,四川现代职业学院,502,工程造价,2,375,265559
5171,四川现代职业学院,504,机械设计与制造,2,416,245797
5171,四川现代职业学院,505,数控技术,2,354,273005
5171,四川现代职业学院,506,工业机器人技术,2,356,272489
5171,四川现代职业学院,507,无人机应用技术,2,373,266433
5171,四川现代职业学院,508,新能源汽车技术,2,374,266129
5171,四川现代职业学院,509,家具设计与制造,2,302,284222
5171,四川现代职业学院,510,药品生产技术,2,356,272540
5171,四川现代职业学院,511,生物制药技术,2,348,274794
5171,四川现代职业学院,512,药物制剂技术,2,382,262992
5171,四川现代职业学院,513,药品质量与安全,2,383,262290
5171,四川现代职业学院,514,电子信息工程技术,2,392,258409
5171,四川现代职业学院,515,软件技术,2,404,252121
5171,四川现代职业学院,516,数字媒体技术,2,385,261387
5171,四川现代职业学院,517,人工智能技术应用,2,275,289115
5171,四川现代职业学院,518,工业互联网技术,2,379,263847
5171,四川现代职业学院,519,集成电路技术,2,382,262963
5171,四川现代职业学院,520,微电子技术,2,380,263436
5172,四川长江职业学院,501,现代通信技术,8,268,0
5172,四川长江职业学院,503,护理,8,369,267887
5172,四川长江职业学院,504,建筑室内设计,8,309,283032
5172,四川长江职业学院,505,现代物流管理,8,298,284892
5172,四川长江职业学院,506,应急救援技术,8,268,0
5172,四川长江职业学院,508,宠物医疗技术,12,402,253195
5172,四川长江职业学院,509,无人机应用技术,13,303,284095
5172,四川长江职业学院,510,智能控制技术,13,268,0
5172,四川长江职业学院,511,智能机器人技术,12,268,0
5173,四川汽车职业技术学院,501,新能源汽车技术,120,268,0
5173,四川汽车职业技术学院,502,机械制造及自动化,50,268,0
5173,四川汽车职业技术学院,503,城市轨道交通运营管理,80,268,0
5174,巴中职业技术学院,501,临床医学,5,434,234113
5174,巴中职业技术学院,502,护理,35,268,0
5174,巴中职业技术学院,503,康复治疗技术,30,268,0
5174,巴中职业技术学院,504,预防医学,25,268,0
5174,巴中职业技术学院,505,医学检验技术,25,268,0
5174,巴中职业技术学院,506,医学影像技术,30,268,0
5174,巴中职业技术学院,507,法律事务,20,268,0
5174,巴中职业技术学院,508,新能源汽车技术,25,268,0
5174,巴中职业技术学院,509,动物医学,20,330,279114
5174,巴中职业技术学院,510,计算机网络技术,25,268,0
5174,巴中职业技术学院,511,软件技术,20,268,0
5174,巴中职业技术学院,512,智能机电技术,20,268,0
5174,巴中职业技术学院,513,畜牧兽医,20,268,0
5175,四川希望汽车职业学院,501,新能源汽车技术,50,268,0
5175,四川希望汽车职业学院,502,智能网联汽车技术,10,268,0
5175,四川希望汽车职业学院,503,城市轨道交通运营管理,10,268,0
5175,四川希望汽车职业学院,504,护理,40,268,0
5175,四川希望汽车职业学院,505,计算机应用技术,10,268,0
5175,四川希望汽车职业学院,506,大数据与会计,20,268,0
5175,四川希望汽车职业学院,507,学前教育,30,268,0
5176,四川电子机械职业技术学院,501,电子信息工程技术,5,346,275301
5176,四川电子机械职业技术学院,502,物联网应用技术,5,288,286686
5176,四川电子机械职业技术学院,503,移动互联应用技术,5,268,0
5176,四川电子机械职业技术学院,504,现代通信技术,5,268,0
5176,四川电子机械职业技术学院,505,现代移动通信技术,5,268,0
5176,四川电子机械职业技术学院,506,应用电子技术(国产芯片应用与开发),5,309,283120
5176,四川电子机械职业技术学院,507,智能产品开发与应用(系统适配与测试),5,268,0
5176,四川电子机械职业技术学院,508,计算机应用技术(国产软件与数据库应用),5,268,0
5176,四川电子机械职业技术学院,509,机械制造及自动化,5,341,276592
5176,四川电子机械职业技术学院,510,机电一体化技术,5,344,275827
5176,四川电子机械职业技术学院,511,智能控制技术,5,296,285202
5176,四川电子机械职业技术学院,512,智能机器人技术,5,268,0
5176,四川电子机械职业技术学院,513,数字化设计与制造技术,3,268,0
5176,四川电子机械职业技术学院,514,工商企业管理,2,313,282486
5176,四川电子机械职业技术学院,515,现代物流管理,3,299,284690
5176,四川电子机械职业技术学院,516,融媒体技术与运营,5,268,0
5176,四川电子机械职业技术学院,517,建设工程管理,2,299,284682
5176,四川电子机械职业技术学院,518,数字媒体技术,5,313,282381
5177,四川西南航空职业学院,501,民航空中安全保卫,12,307,283404
5177,四川西南航空职业学院,502,空中乘务,24,310,282918
5177,四川西南航空职业学院,503,民航安全技术管理,10,304,283935
5177,四川西南航空职业学院,504,消防救援技术,7,295,285377
5177,四川西南航空职业学院,505,飞机机电设备维修,15,362,270471
5177,四川西南航空职业学院,506,机场运行服务与管理,6,314,282182
5177,四川西南航空职业学院,507,人工智能技术应用,7,322,280743
5177,四川西南航空职业学院,508,移动互联应用技术,4,268,0
5177,四川西南航空职业学院,509,大数据与财务管理,6,278,288468
5177,四川西南航空职业学院,510,高速铁路客运服务,6,347,274924
5177,四川西南航空职业学院,511,无人机应用技术,10,330,279200
5177,四川西南航空职业学院,512,网络直播与运营,4,300,284608
5177,四川西南航空职业学院,513,城市轨道交通工程技术,4,335,278083
5178,四川应用技术职业学院,501,护理,30,268,0
5178,四川应用技术职业学院,502,计算机应用技术,25,268,0
5178,四川应用技术职业学院,504,汽车制造与试验技术,20,268,0
5178,四川应用技术职业学院,505,大数据与会计,15,268,0
5178,四川应用技术职业学院,506,数字媒体技术,10,268,0
5178,四川应用技术职业学院,507,大数据与财务管理,10,268,0
5178,四川应用技术职业学院,508,机械制造及自动化,10,306,283651
5178,四川应用技术职业学院,509,电气自动化技术,20,312,282661
5178,四川应用技术职业学院,510,社区康复,10,268,0
5178,四川应用技术职业学院,511,新能源汽车技术,20,268,0
5178,四川应用技术职业学院,512,人工智能技术应用,20,268,0
5179,德阳城市轨道交通职业学院,501,城市轨道交通机电技术,15,317,281721
5179,德阳城市轨道交通职业学院,502,城市轨道车辆应用技术,15,300,284611
5179,德阳城市轨道交通职业学院,503,城市轨道交通供配电技术,15,297,285030
5179,德阳城市轨道交通职业学院,504,电气自动化技术,35,298,284943
5179,德阳城市轨道交通职业学院,505,城市轨道交通车辆制造与维护,15,268,0
5179,德阳城市轨道交通职业学院,506,高速铁路综合维修技术,10,309,283116
5179,德阳城市轨道交通职业学院,507,城市轨道交通通信信号技术,15,268,0
5180,天府新区航空旅游职业学院,501,社会体育,5,268,0
5180,天府新区航空旅游职业学院,502,民航安全技术管理,10,268,0
5180,天府新区航空旅游职业学院,503,医学检验技术,10,268,0
5180,天府新区航空旅游职业学院,504,生物产品检验检疫,5,292,285890
5180,天府新区航空旅游职业学院,505,康复治疗技术,15,268,0
5180,天府新区航空旅游职业学院,506,健康管理,15,268,0
5180,天府新区航空旅游职业学院,507,社区康复,15,268,0
5180,天府新区航空旅游职业学院,508,高速铁路客运服务,9,341,276626
5180,天府新区航空旅游职业学院,509,城市轨道交通运营管理,20,299,284768
5180,天府新区航空旅游职业学院,510,会展策划与管理,5,268,0
5180,天府新区航空旅游职业学院,511,飞机机电设备维修,10,268,0
5180,天府新区航空旅游职业学院,512,飞机电子设备维修,10,268,0
5180,天府新区航空旅游职业学院,513,无人机应用技术,20,268,0
5180,天府新区航空旅游职业学院,514,电子商务,10,268,0
5180,天府新区航空旅游职业学院,515,软件技术,10,268,0
5180,天府新区航空旅游职业学院,516,计算机应用技术,15,268,0
5180,天府新区航空旅游职业学院,517,数字媒体技术,15,268,0
5181,南充科技职业学院,504,助产,2,351,274049
5181,南充科技职业学院,505,医学美容技术,10,268,0
5181,南充科技职业学院,506,智能机器人技术,10,331,278876
5181,南充科技职业学院,507,智能网联汽车技术,5,359,271634
5181,南充科技职业学院,508,大数据技术,3,268,0
5181,南充科技职业学院,509,人工智能技术应用,3,331,278839
5181,南充科技职业学院,510,人工智能技术应用(元宇宙方向),2,328,279551
5181,南充科技职业学院,511,现代移动通信技术,3,326,279974
5181,南充科技职业学院,512,现代移动通信技术(国产通信设备维护方向),2,316,281911
5182,攀枝花攀西职业学院,501,村镇建设与管理,5,298,284883
5182,攀枝花攀西职业学院,502,机电设备技术,5,370,267820
5182,攀枝花攀西职业学院,503,电梯工程技术,5,360,271049
5182,攀枝花攀西职业学院,504,汽车检测与维修技术,5,268,0
5182,攀枝花攀西职业学院,506,中医养生保健,5,268,0
5182,攀枝花攀西职业学院,508,网络营销与直播电商,5,281,287898
5182,攀枝花攀西职业学院,509,数字媒体艺术设计,5,268,0
5182,攀枝花攀西职业学院,510,环境艺术设计,5,268,0
5183,资阳口腔职业学院,501,口腔医学,35,449,222891
5183,资阳口腔职业学院,502,口腔医学技术,15,372,267090
5183,资阳口腔职业学院,503,口腔卫生保健,15,268,0
5183,资阳口腔职业学院,504,护理(口腔护理),15,268,0
5184,资阳环境科技职业学院,501,环境工程技术,5,305,283761
5184,资阳环境科技职业学院,502,机电一体化技术,10,308,283221
5184,资阳环境科技职业学院,503,工业机器人技术,10,268,0
5184,资阳环境科技职业学院,504,中医康复技术,30,268,0
5184,资阳环境科技职业学院,505,康复治疗技术,30,268,0
5184,资阳环境科技职业学院,506,护理,50,268,0
5184,资阳环境科技职业学院,507,药学,50,268,0
5184,资阳环境科技职业学院,508,宠物医疗技术,30,318,281465
5184,资阳环境科技职业学院,509,数字媒体技术,5,280,288151
5185,南充电影工业职业学院,509,动漫制作技术,8,313,282472
5185,南充电影工业职业学院,510,动漫制作技术(动画电影制作),4,309,283034
5185,南充电影工业职业学院,511,数字媒体技术,20,279,288286
5185,南充电影工业职业学院,513,摄影摄像技术,4,292,285893
5185,南充电影工业职业学院,514,影视制片管理,10,268,0
5185,南充电影工业职业学院,516,影视制片管理(影视经纪人),2,343,276167
5185,南充电影工业职业学院,517,电子商务,8,318,281464
5185,南充电影工业职业学院,518,电子商务(直播电商),4,316,281944
5185,南充电影工业职业学院,519,城市轨道交通运营管理,6,268,0
5185,南充电影工业职业学院,520,大数据技术,12,268,0
5185,南充电影工业职业学院,521,计算机应用技术,8,268,0
5185,南充电影工业职业学院,522,智能机电技术,8,268,0
5185,南充电影工业职业学院,523,新能源汽车技术,8,299,284724
5186,绵阳飞行职业学院,501,定翼机驾驶技术,2,314,282326
5186,绵阳飞行职业学院,502,直升机驾驶技术,2,341,276614
5186,绵阳飞行职业学院,503,无人机应用技术,25,268,0
5186,绵阳飞行职业学院,504,飞机机电设备维修,15,268,0
5186,绵阳飞行职业学院,505,应用电子技术,10,268,0
5186,绵阳飞行职业学院,506,电气自动化技术,15,268,0
5186,绵阳飞行职业学院,507,空中乘务,25,268,0
5186,绵阳飞行职业学院,508,民航空中安全保卫,10,268,0
5186,绵阳飞行职业学院,509,环境艺术设计,20,268,0
5186,绵阳飞行职业学院,510,民航安全技术管理,16,268,0
5186,绵阳飞行职业学院,511,安全智能监测技术,10,268,0
5186,绵阳飞行职业学院,512,大数据与会计,20,268,0
5186,绵阳飞行职业学院,513,新能源汽车技术,20,313,282478
5186,绵阳飞行职业学院,514,消防救援技术,10,268,0
5187,德阳农业科技职业学院,501,茶叶生产与加工技术,4,268,0
5187,德阳农业科技职业学院,502,宠物医疗技术,2,411,248525
5187,德阳农业科技职业学院,504,大数据与会计,4,311,282751
5187,德阳农业科技职业学院,505,药品经营与管理,4,268,0
5187,德阳农业科技职业学院,507,研学旅行管理与服务,4,268,0
5187,德阳农业科技职业学院,508,新能源汽车检测与维修技术,8,268,0
5187,德阳农业科技职业学院,509,供用电技术,2,394,257234
5187,德阳农业科技职业学院,510,消防救援技术,4,283,287515
5187,德阳农业科技职业学院,511,护理,8,268,0
5187,德阳农业科技职业学院,513,连锁经营与管理,4,268,0
5187,德阳农业科技职业学院,515,酿酒技术,4,268,0
5187,德阳农业科技职业学院,517,融媒体技术与运营,2,330,279158
5187,德阳农业科技职业学院,518,软件技术,2,268,0
5187,德阳农业科技职业学院,519,设施农业与装备,4,268,0
5187,德阳农业科技职业学院,521,通信软件技术,2,294,285532
5187,德阳农业科技职业学院,522,网络直播与运营,2,280,288117
5187,德阳农业科技职业学院,523,无人机应用技术,4,268,0
5187,德阳农业科技职业学院,524,物联网应用技术,2,317,281775
5188,泸州医疗器械职业学院,501,机械制造及自动化,6,373,266310
5188,泸州医疗器械职业学院,503,医疗器械维护与管理,6,390,259353
5188,泸州医疗器械职业学院,504,康复工程技术,2,352,273679
5188,泸州医疗器械职业学院,505,人工智能技术应用,6,384,261807
5188,泸州医疗器械职业学院,507,药学,2,426,239575
5188,泸州医疗器械职业学院,508,医学检验技术,2,419,243814
5188,泸州医疗器械职业学院,509,医学影像技术,2,387,260519
5188,泸州医疗器械职业学院,510,口腔医学技术,2,405,251765
5188,泸州医疗器械职业学院,511,放射治疗技术,2,407,250620
5188,泸州医疗器械职业学院,512,医学美容技术,2,393,257896
5188,泸州医疗器械职业学院,513,康复治疗技术,2,417,245041
5189,广元中核职业技术学院,501,核电站动力设备运行与维护,8,419,243550
5189,广元中核职业技术学院,502,数控技术,4,380,263648
5191,遂宁职业学院,501,护理,10,268,0
5191,遂宁职业学院,502,康复治疗技术,10,268,0
5191,遂宁职业学院,503,心理咨询,10,268,0
5191,遂宁职业学院,504,建筑消防技术,5,268,0
5191,遂宁职业学院,505,高速铁路客运服务,10,268,0
5191,遂宁职业学院,506,城市轨道交通运营管理,10,268,0
5191,遂宁职业学院,508,网络营销与直播电商,10,268,0
5191,遂宁职业学院,510,人工智能技术应用,10,268,0
5191,遂宁职业学院,511,无人机应用技术,10,268,0
5192,四川科技职业学院,501,储能材料技术,4,268,0
5192,四川科技职业学院,502,动漫制作技术,4,294,285564
5192,四川科技职业学院,503,医学检验技术,4,268,0
5192,四川科技职业学院,504,工业机器人技术,4,268,0
5192,四川科技职业学院,505,空中乘务,4,268,0
5193,四川工业科技学院,1,电子信息工程,2,499,173538
5194,眉山药科职业学院,502,中药学,4,268,0
5195,四川职业技术学院,501,采购与供应管理,5,416,245664
5195,四川职业技术学院,502,现代物流管理,5,409,249593
5195,四川职业技术学院,503,电子商务,11,386,260929
5195,四川职业技术学院,504,网络营销与直播电商,10,373,266605
5195,四川职业技术学院,505,区块链技术应用,5,411,248187
5195,四川职业技术学院,506,新能源装备技术,5,407,250303
5196,四川文化传媒职业学院,501,学前教育,2,285,287152
5196,四川文化传媒职业学院,502,城市轨道交通运营管理,2,270,290202
5196,四川文化传媒职业学院,503,大数据技术,2,356,272535
5196,四川文化传媒职业学院,504,无人机应用技术,2,348,274726
5196,四川文化传媒职业学院,505,艺术教育,2,352,273689
5202,安顺职业技术学院,501,临床医学,6,438,231158
5202,安顺职业技术学院,502,医学影像技术,8,352,273635
5202,安顺职业技术学院,503,医学检验技术,4,382,262679
5202,安顺职业技术学院,504,护理,7,458,215106
5204,贵州医科大学,5,食品卫生与营养学(中外高水平大学学生交流计划),2,486,188029
5208,贵州财经大学,3,市场营销(中外合作办学),3,482,192640
5209,贵州黔南经济学院,2,法学,1,563,96648
5211,贵州黔南科技学院,2,计算机科学与技术,3,495,178158
5212,贵州电子信息职业技术学院,501,机电一体化技术,3,451,221377
5212,贵州电子信息职业技术学院,502,数字化设计与制造技术,4,406,250936
5212,贵州电子信息职业技术学院,503,工业机器人技术,3,398,255085
5212,贵州电子信息职业技术学院,504,大数据技术,3,421,242646
5212,贵州电子信息职业技术学院,505,软件技术,3,424,240393
5212,贵州电子信息职业技术学院,506,信息安全技术应用,3,410,249196
5212,贵州电子信息职业技术学院,507,电子信息工程技术,4,436,232187
5212,贵州电子信息职业技术学院,508,计算机应用技术,4,419,243590
5212,贵州电子信息职业技术学院,509,影视动画,3,429,237139
5227,贵州工贸职业学院,501,工程造价,9,294,285548
5227,贵州工贸职业学院,502,机械设计与制造,8,275,289119
5227,贵州工贸职业学院,503,新能源装备技术,9,370,267492
5227,贵州工贸职业学院,504,工业机器人技术,8,388,260336
5227,贵州工贸职业学院,505,食品智能加工技术,8,268,0
5227,贵州工贸职业学院,506,高速铁路客运服务,8,364,269974
5227,贵州工贸职业学院,507,城市轨道交通运营管理,8,268,0
5227,贵州工贸职业学院,508,计算机应用技术,8,388,260323
5227,贵州工贸职业学院,509,大数据技术,9,268,0
5227,贵州工贸职业学院,510,护理,8,268,0
5227,贵州工贸职业学院,511,药学,8,268,0
5227,贵州工贸职业学院,512,中医康复技术,8,268,0
5227,贵州工贸职业学院,513,金融服务与管理,8,268,0
5227,贵州工贸职业学院,514,大数据与会计,9,381,263078
5227,贵州工贸职业学院,515,跨境电子商务,9,268,0
5228,贵州城市职业学院,501,工商企业管理,15,305,283825
5228,贵州城市职业学院,502,建筑工程技术(消防技术方向),25,268,0
5228,贵州城市职业学院,503,无人机测绘技术,20,268,0
5228,贵州城市职业学院,504,机电一体化技术,15,311,282846
5228,贵州城市职业学院,505,新能源汽车技术,20,268,0
5228,贵州城市职业学院,506,汽车制造与试验技术,15,268,0
5228,贵州城市职业学院,507,工业机器人技术,15,268,0
5228,贵州城市职业学院,508,数字化设计与制造技术,15,268,0
5228,贵州城市职业学院,509,护理,30,268,0
5228,贵州城市职业学院,510,口腔医学技术,40,268,0
5228,贵州城市职业学院,511,大数据技术,20,268,0
5229,贵州民用航空职业学院,501,数字媒体技术,8,268,0
5229,贵州民用航空职业学院,502,护理,15,268,0
5229,贵州民用航空职业学院,503,口腔医学技术,13,268,0
5229,贵州民用航空职业学院,504,大数据与会计,3,311,282764
5229,贵州民用航空职业学院,505,网络营销与直播电商,11,268,0
5230,贵州铜仁数据职业学院,501,大数据技术,8,314,282235
5230,贵州铜仁数据职业学院,502,计算机应用技术,8,321,281021
5230,贵州铜仁数据职业学院,503,商务数据分析与应用,8,290,286254
5230,贵州铜仁数据职业学院,504,信息安全技术应用,6,268,0
5230,贵州铜仁数据职业学院,505,电子竞技运动与管理,8,270,290178
5230,贵州铜仁数据职业学院,507,计算机网络技术,8,268,0
5230,贵州铜仁数据职业学院,508,软件技术,6,291,286120
5230,贵州铜仁数据职业学院,509,酒店管理与数字化运营,6,335,277934
5230,贵州铜仁数据职业学院,510,网络营销与直播电商,6,328,279555
5230,贵州铜仁数据职业学院,512,人工智能技术应用,6,268,0
5230,贵州铜仁数据职业学院,514,城市轨道交通运营管理,8,341,276521
5230,贵州铜仁数据职业学院,515,大数据与会计,8,268,0
5230,贵州铜仁数据职业学院,516,数字媒体技术,9,299,284727
5230,贵州铜仁数据职业学院,517,无人机应用技术,5,268,0
5230,贵州铜仁数据职业学院,518,智能机器人技术,6,268,0
5232,贵州工程职业学院,501,数控技术,5,358,271937
5232,贵州工程职业学院,502,机械制造及自动化,5,353,273203
5232,贵州工程职业学院,503,机电一体化技术,5,358,271861
5232,贵州工程职业学院,504,新能源汽车技术,5,339,277124
5232,贵州工程职业学院,505,人工智能技术应用,5,352,273473
5232,贵州工程职业学院,506,数字媒体技术,10,316,281928
5232,贵州工程职业学院,507,健康管理,10,305,283748
5232,贵州工程职业学院,508,药学,5,309,283086
5233,贵州工商职业学院,501,建筑工程技术(无人机航空摄影测绘方向),15,268,0
5233,贵州工商职业学院,503,汽车制造与试验技术(新能源汽车技术方向),15,268,0
5233,贵州工商职业学院,504,汽车制造与试验技术(新能源汽车检测与维修技术方向),15,268,0
5233,贵州工商职业学院,506,大数据与会计,45,268,0
5233,贵州工商职业学院,507,电子商务(跨境电商运营方向),10,268,0
5233,贵州工商职业学院,508,电子商务(新媒体运营方向),10,268,0
5233,贵州工商职业学院,509,护理,30,268,0
5233,贵州工商职业学院,510,护理(中医护理方向),10,268,0
5233,贵州工商职业学院,511,护理(医疗美容方向),10,268,0
5233,贵州工商职业学院,512,护理(口腔护理方向),10,268,0
5233,贵州工商职业学院,513,大数据技术,15,268,0
5233,贵州工商职业学院,514,大数据技术(人工智能方向),15,268,0
5233,贵州工商职业学院,517,计算机应用技术(软件开发与运维方向),30,268,0
5234,贵州应用技术职业学院,501,药学,5,268,0
5234,贵州应用技术职业学院,502,大数据与会计,10,268,0
5234,贵州应用技术职业学院,503,电子商务,5,268,0
5236,贵州传媒职业学院,502,网络新闻与传播,2,416,245533
5236,贵州传媒职业学院,503,数字媒体技术,2,447,224383
5237,贵州工业职业技术学院,501,应用化工技术,5,413,247030
5237,贵州工业职业技术学院,502,分析检验技术,5,391,258901
5237,贵州工业职业技术学院,503,机械制造及自动化,5,427,238387
5237,贵州工业职业技术学院,504,物联网应用技术,5,395,256654
5305,昆明理工大学津桥学院,1,计算机科学与技术,1,488,185557
5305,昆明理工大学津桥学院,2,电子信息科学与技术,2,486,187762
5305,昆明理工大学津桥学院,4,自动化,1,500,172461
5305,昆明理工大学津桥学院,7,土木工程,2,475,199465
5305,昆明理工大学津桥学院,8,给排水科学与工程,3,477,197345
5305,昆明理工大学津桥学院,9,水利水电工程,1,488,185725
5305,昆明理工大学津桥学院,10,工程造价,3,480,194098
5305,昆明理工大学津桥学院,11,汽车服务工程,2,478,196107
5305,昆明理工大学津桥学院,16,文化产业管理,1,555,105632
5306,昆明冶金高等专科学校,501,测绘工程技术,5,427,238593
5306,昆明冶金高等专科学校,502,机械制造及自动化,5,448,223286
5306,昆明冶金高等专科学校,503,机电一体化技术,5,438,231184
5306,昆明冶金高等专科学校,504,电气自动化技术,5,452,220060
5306,昆明冶金高等专科学校,505,道路与桥梁工程技术,5,268,0
5306,昆明冶金高等专科学校,506,环境工程技术,5,268,0
5306,昆明冶金高等专科学校,507,应用化工技术,5,415,245899
5306,昆明冶金高等专科学校,508,信息安全技术应用,5,417,245058
5306,昆明冶金高等专科学校,509,现代通信技术,5,401,253989
5306,昆明冶金高等专科学校,510,大数据与会计,3,472,202349
5308,昆明医科大学海源学院,3,医学影像技术,4,487,187053
5308,昆明医科大学海源学院,4,医学检验技术,3,486,188148
5308,昆明医科大学海源学院,5,药学,2,486,187868
5308,昆明医科大学海源学院,6,康复治疗学,1,489,184616
5308,昆明医科大学海源学院,13,生物医药数据科学,2,481,193562
5315,滇池学院,2,数字经济,1,481,192971
5315,滇池学院,8,法学,1,570,88213
5315,滇池学院,16,物联网工程,2,480,193978
5315,滇池学院,17,土木工程,2,477,197739
5315,滇池学院,20,工程管理,2,483,191413
5316,丽江文化旅游学院,5,财务管理,1,535,130745
5316,丽江文化旅游学院,6,审计学,1,542,121954
5316,丽江文化旅游学院,7,旅游管理,2,518,150967
5316,丽江文化旅游学院,14,秘书学,1,522,146283
5316,丽江文化旅游学院,18,电子信息工程,8,471,203684
5316,丽江文化旅游学院,19,计算机科学与技术,8,471,202933
5316,丽江文化旅游学院,20,软件工程,8,470,203910
5316,丽江文化旅游学院,21,数据科学与大数据技术,2,469,205058
5316,丽江文化旅游学院,22,人工智能,3,470,203920
5316,丽江文化旅游学院,23,护理学,3,489,185352
5316,丽江文化旅游学院,25,药学,5,475,199026
5316,丽江文化旅游学院,501,跨境电子商务,10,280,288155
5316,丽江文化旅游学院,502,大数据与财务管理,10,268,0
5316,丽江文化旅游学院,503,研学旅行管理与服务,10,268,0
5316,丽江文化旅游学院,504,酒店管理与数字化运营,8,268,0
5316,丽江文化旅游学院,505,会展策划与管理,8,268,0
5316,丽江文化旅游学院,506,休闲服务与管理,8,268,0
5316,丽江文化旅游学院,507,应用英语,10,268,0
5316,丽江文化旅游学院,508,大数据技术,10,268,0
5316,丽江文化旅游学院,510,医学美容技术,8,337,277539
5316,丽江文化旅游学院,511,老年保健与管理,8,268,0
5319,云南民族大学,5,化学,4,528,139091
5319,云南民族大学,6,药物分析,2,527,140257
5322,昆明城市学院,10,财务管理,1,557,103210
5322,昆明城市学院,15,应用心理学,1,564,94784
5322,昆明城市学院,501,大数据与财务管理,5,290,286243
5322,昆明城市学院,502,大数据技术,10,269,290376
5322,昆明城市学院,504,网络新闻与传播,5,312,282540
5322,昆明城市学院,505,人工智能技术应用,9,283,287563
5322,昆明城市学院,506,软件技术,5,268,0
5322,昆明城市学院,507,信息安全技术应用,7,268,0
5323,昆明文理学院,2,法语,1,564,95483
5323,昆明文理学院,9,电子信息工程,2,483,190919
5325,云南经济管理学院,2,水利水电工程,2,480,194238
5325,云南经济管理学院,4,物流管理,1,555,105913
5325,云南经济管理学院,5,电子商务,1,544,119818
5325,云南经济管理学院,6,人工智能,3,476,198301
5325,云南经济管理学院,7,软件工程,4,476,198353
5325,云南经济管理学院,8,物联网工程,4,474,200783
5325,云南经济管理学院,9,医学检验技术,2,484,189771
5325,云南经济管理学院,501,大数据与会计,4,355,272598
5325,云南经济管理学院,502,工程造价,4,268,0
5325,云南经济管理学院,503,高速铁路客运服务,4,344,275862
5325,云南经济管理学院,504,电子商务,10,268,0
5325,云南经济管理学院,505,法律事务,4,268,0
5325,云南经济管理学院,506,电力系统自动化技术,4,380,263673
5325,云南经济管理学院,507,人工智能技术应用,6,317,281650
5325,云南经济管理学院,508,现代通信技术,4,339,277116
5325,云南经济管理学院,509,学前教育,4,268,0
5325,云南经济管理学院,510,药学,10,268,0
5325,云南经济管理学院,511,医学检验技术,6,383,262204
5325,云南经济管理学院,512,口腔医学技术,10,268,0
5325,云南经济管理学院,513,康复治疗技术,4,395,256732
5325,云南经济管理学院,514,数字媒体艺术设计,6,330,279165
5331,云南医药健康职业学院,501,口腔医学,32,472,202188
5331,云南医药健康职业学院,502,临床医学,26,431,235692
5331,云南医药健康职业学院,503,针灸推拿,26,450,221738
5331,云南医药健康职业学院,504,康复治疗技术,8,391,258875
5331,云南医药健康职业学院,505,医学检验技术,12,268,0
5331,云南医药健康职业学院,506,医学影像技术,10,341,276505
5331,云南医药健康职业学院,507,药学,10,268,0
5331,云南医药健康职业学院,508,中药学,10,409,249577
5331,云南医药健康职业学院,509,动物医学,8,404,252016
5334,云南城市建设职业学院,501,城市轨道交通工程技术,10,268,0
5334,云南城市建设职业学院,502,城市轨道交通运营管理,20,268,0
5334,云南城市建设职业学院,503,计算机应用技术,10,268,0
5334,云南城市建设职业学院,504,大数据技术,5,268,0
5334,云南城市建设职业学院,505,人工智能技术应用,15,268,0
5334,云南城市建设职业学院,506,护理,20,268,0
5334,云南城市建设职业学院,507,口腔医学技术,15,340,276723
5334,云南城市建设职业学院,508,医学美容技术,10,295,285386
5334,云南城市建设职业学院,509,大数据与会计,10,268,0
5334,云南城市建设职业学院,510,电子商务,5,268,0
5334,云南城市建设职业学院,511,网络营销与直播电商,10,268,0
5335,云南工商学院,5,计算机科学与技术,2,482,192360
5335,云南工商学院,501,护理,20,360,271091
5335,云南工商学院,502,学前教育,10,315,282102
5335,云南工商学院,503,大数据与会计,15,268,0
5335,云南工商学院,504,机电一体化技术,5,271,289964
5335,云南工商学院,505,计算机网络技术,5,268,0
5336,云南新兴职业学院,501,动物医学,5,433,234305
5336,云南新兴职业学院,502,大数据技术,6,323,280536
5336,云南新兴职业学院,503,护理,4,268,0
5336,云南新兴职业学院,504,药学,2,365,269624
5336,云南新兴职业学院,505,针灸推拿,28,435,233289
5336,云南新兴职业学院,506,中药学,2,408,250037
5336,云南新兴职业学院,507,医学检验技术,2,317,281726
5336,云南新兴职业学院,508,医学影像技术,4,268,0
5336,云南新兴职业学院,509,口腔医学技术,2,365,269365
5336,云南新兴职业学院,510,学前教育,5,268,0
5337,云南经贸外事职业学院,502,音乐表演,1,373,266513
5337,云南经贸外事职业学院,503,中文,2,323,280489
5338,昆明卫生职业学院,501,临床医学,4,448,223355
5338,昆明卫生职业学院,503,中医学,1,460,213234
5338,昆明卫生职业学院,504,针灸推拿,2,449,222510
5338,昆明卫生职业学院,505,预防医学,1,451,221383
5339,云南理工职业学院,501,建筑消防技术,3,309,283170
5339,云南理工职业学院,502,无人机应用技术,4,317,281709
5339,云南理工职业学院,503,新能源汽车技术,3,352,273757
5339,云南理工职业学院,504,新能源汽车检测与维修技术,2,268,0
5339,云南理工职业学院,505,城市轨道车辆应用技术,7,321,280933
5339,云南理工职业学院,506,城市轨道交通运营管理,6,344,275765
5339,云南理工职业学院,507,计算机网络技术,4,322,280667
5339,云南理工职业学院,508,大数据技术,2,320,281084
5339,云南理工职业学院,509,跨境电子商务,4,317,281752
5339,云南理工职业学院,511,数字媒体艺术设计,4,365,269448
5339,云南理工职业学院,512,学前教育,4,293,285733
5340,云南工程职业学院,501,电气自动化技术,15,268,0
5340,云南工程职业学院,502,计算机网络技术,5,268,0
5340,云南工程职业学院,503,新能源汽车技术,12,268,0
5340,云南工程职业学院,504,机电一体化技术,14,304,283913
5340,云南工程职业学院,505,口腔医学技术,5,374,266018
5340,云南工程职业学院,506,护理,10,268,0
5340,云南工程职业学院,507,医学影像技术,5,357,272263
5340,云南工程职业学院,508,水利水电建筑工程,2,331,278883
5340,云南工程职业学院,510,康复治疗技术,5,268,0
5341,云南三鑫职业技术学院,501,供用电技术,5,268,0
5341,云南三鑫职业技术学院,502,护理,45,268,0
5341,云南三鑫职业技术学院,503,药学,14,268,0
5341,云南三鑫职业技术学院,504,中医康复技术,6,268,0
5341,云南三鑫职业技术学院,506,医学影像技术,22,268,0
5341,云南三鑫职业技术学院,507,口腔医学技术,30,268,0
5341,云南三鑫职业技术学院,508,中药学,13,268,0
5341,云南三鑫职业技术学院,509,动物医学,20,268,0
5342,云南商务职业学院,501,应急救援技术,10,268,0
5342,云南商务职业学院,502,护理,24,268,0
5342,云南商务职业学院,503,医学检验技术,20,268,0
5342,云南商务职业学院,504,医学影像技术,18,268,0
5342,云南商务职业学院,506,法律事务,10,268,0
5342,云南商务职业学院,507,人工智能数据工程技术,8,268,0
5343,昆明工业职业技术学院,501,钢铁智能冶金技术,2,428,238301
5343,昆明工业职业技术学院,502,建筑钢结构工程技术,2,330,279051
5343,昆明工业职业技术学院,503,电气自动化技术,2,436,232192
5345,昆明传媒学院,505,数字媒体技术,3,317,281611
5345,昆明传媒学院,507,视觉传达设计,2,306,283611
5345,昆明传媒学院,508,融媒体技术与运营,4,268,0
5345,昆明传媒学院,509,全媒体广告策划与营销,3,268,0
5345,昆明传媒学院,510,社会体育,2,268,0
5403,西藏职业技术学院,501,林业技术,4,278,288510
5403,西藏职业技术学院,502,农产品加工与质量检测,4,400,254542
5403,西藏职业技术学院,504,旅游管理,10,276,288933
5403,西藏职业技术学院,507,现代农业经济管理,5,268,0
5403,西藏职业技术学院,508,道路与桥梁工程技术,6,268,0
5403,西藏职业技术学院,509,汽车检测与维修技术,6,268,0
6103,陕西服装工程学院,1,计算机科学与技术,2,477,197503
6103,陕西服装工程学院,2,智能科学与技术,1,473,201327
6103,陕西服装工程学院,6,健康服务与管理,1,514,156806
6103,陕西服装工程学院,501,智能控制技术,4,364,269650
6103,陕西服装工程学院,502,高速铁路客运服务,4,291,286118
6103,陕西服装工程学院,503,空中乘务,2,303,284072
6103,陕西服装工程学院,504,城市轨道交通运营管理,12,268,0
6103,陕西服装工程学院,505,计算机网络技术,6,268,0
6103,陕西服装工程学院,506,大数据技术,2,359,271498
6103,陕西服装工程学院,507,软件技术,4,268,0
6103,陕西服装工程学院,508,护理,8,268,0
6103,陕西服装工程学院,509,建筑工程技术,3,268,0
6103,陕西服装工程学院,510,大数据与会计,8,268,0
6103,陕西服装工程学院,511,人工智能技术应用,7,268,0
6104,陕西交通职业技术学院,501,安全技术与管理,1,443,227768
6104,陕西交通职业技术学院,502,新能源汽车技术,1,470,204460
6104,陕西交通职业技术学院,504,铁道信号自动控制,1,477,197022
6104,陕西交通职业技术学院,505,铁道通信与信息化技术,2,466,207670
6104,陕西交通职业技术学院,506,道路工程检测技术,1,456,216928
6104,陕西交通职业技术学院,508,城市轨道交通机电技术,2,468,205841
6104,陕西交通职业技术学院,509,城市轨道交通通信信号技术,2,468,205848
6104,陕西交通职业技术学院,510,城市轨道交通运营管理,1,489,185127
6104,陕西交通职业技术学院,511,汽车智能技术,1,454,218643
6104,陕西交通职业技术学院,512,软件技术,1,475,199504
6104,陕西交通职业技术学院,513,数字媒体技术,1,465,208971
6104,陕西交通职业技术学院,514,大数据与财务管理,1,441,228744
6104,陕西交通职业技术学院,515,大数据与会计,4,433,234550
6104,陕西交通职业技术学院,516,电子商务,2,423,241160
6104,陕西交通职业技术学院,517,现代物流管理,1,454,218555
6104,陕西交通职业技术学院,518,电子商务(新媒体运营),2,444,226900
6114,西安财经大学行知学院,3,经济统计学,1,485,188920
6114,西安财经大学行知学院,5,数据科学与大数据技术,2,489,184833
6118,西安翻译学院,7,电子信息科学与技术,3,489,185153
6118,西安翻译学院,8,人工智能,3,484,190079
6118,西安翻译学院,9,数据科学与大数据技术,4,476,198240
6118,西安翻译学院,501,大数据与会计,7,424,240944
6118,西安翻译学院,502,电子商务,6,386,261167
6118,西安翻译学院,503,护理,7,374,265958
6121,西安工商学院,4,会计学,1,535,131243
6121,西安工商学院,5,金融科技,4,474,200415
6121,西安工商学院,7,大数据管理与应用,1,475,199440
6121,西安工商学院,11,数字媒体技术,2,477,197801
6121,西安工商学院,503,智能机器人技术,1,460,213125
6121,西安工商学院,504,中文,2,467,206667
6121,西安工商学院,505,大数据与财务管理,4,435,233264
6121,西安工商学院,506,跨境电子商务,3,423,241175
6121,西安工商学院,507,网络新闻与传播,2,451,221011
6121,西安工商学院,508,大数据与会计,4,451,221013
6121,西安工商学院,509,数字媒体技术,1,467,207559
6122,西安海棠职业学院,501,动物医学,8,453,219718
6122,西安海棠职业学院,502,建筑消防技术,2,374,266094
6122,西安海棠职业学院,503,建设工程管理,2,317,281722
6122,西安海棠职业学院,504,护理,8,408,249876
6122,西安海棠职业学院,505,中药学,3,404,252053
6122,西安海棠职业学院,506,中医康复技术,3,426,239057
6122,西安海棠职业学院,507,医学检验技术,8,388,260012
6122,西安海棠职业学院,508,医学影像技术,4,421,242759
6122,西安海棠职业学院,509,口腔医学技术,8,389,259950
6122,西安海棠职业学院,510,医学美容技术,16,350,274203
6122,西安海棠职业学院,511,康复治疗技术,4,415,245842
6122,西安海棠职业学院,512,眼视光技术,2,447,224514
6122,西安海棠职业学院,513,大数据与会计,2,381,263104
6126,西安建筑科技大学华清学院,2,建筑环境与能源应用工程,2,482,191902
6126,西安建筑科技大学华清学院,3,城市地下空间工程,2,479,195530
6126,西安建筑科技大学华清学院,5,数字经济,2,484,190078
6126,西安建筑科技大学华清学院,6,工程管理,3,477,197578
6129,西安科技大学高新学院,3,人工智能,1,488,185889
6129,西安科技大学高新学院,4,计算机科学与技术(中外合作办学),2,476,198457
6131,西安理工大学高科学院,3,智能电网信息工程,2,487,187004
6131,西安理工大学高科学院,4,集成电路设计与集成系统,2,488,185910
6133,西安欧亚学院,1,经济统计学,2,470,204298
6133,西安欧亚学院,3,大数据管理与应用,1,474,200123
6133,西安欧亚学院,12,电子信息工程,2,481,192941
6133,西安欧亚学院,13,通信工程,2,476,198573
6133,西安欧亚学院,14,软件工程,8,478,196338
6133,西安欧亚学院,15,数据科学与大数据技术,1,482,192572
6133,西安欧亚学院,16,土木工程,2,473,201007
6133,西安欧亚学院,17,智能建造,5,472,202192
6133,西安欧亚学院,501,工程造价,14,358,271872
6133,西安欧亚学院,502,新闻采编与制作,4,424,240787
6133,西安欧亚学院,503,体育运营与管理,4,369,267989
6133,西安欧亚学院,504,软件技术,12,357,272071
6133,西安欧亚学院,505,健身指导与管理,8,280,288124
6134,西安培华学院,16,金融工程,2,481,193315
6134,西安培华学院,17,电子信息工程,1,488,186078
6134,西安培华学院,18,通信工程,1,486,187928
6134,西安培华学院,501,计算机应用技术,2,310,282939
6134,西安培华学院,502,口腔医学技术,1,489,185097
6134,西安培华学院,503,大数据与会计,2,460,213265
6134,西安培华学院,504,临床医学,16,452,220121
6136,西安思源学院,6,增材制造工程,2,470,203867
6136,西安思源学院,8,机器人工程,2,476,198359
6136,西安思源学院,9,计算机类,2,474,200145
6136,西安思源学院,10,土木工程,1,469,204860
6136,西安思源学院,501,建筑工程技术,2,388,260335
6136,西安思源学院,502,建设工程管理(BIM方向),2,394,257088
6136,西安思源学院,503,机电一体化技术,2,411,248114
6136,西安思源学院,504,高速铁路客运服务,2,414,246437
6136,西安思源学院,505,空中乘务,2,349,274577
6136,西安思源学院,506,计算机网络技术,2,403,252788
6136,西安思源学院,507,软件技术,2,382,262735
6136,西安思源学院,508,护理,2,445,225731
6136,西安思源学院,509,医学检验技术,2,441,228891
6136,西安思源学院,510,口腔医学技术,5,390,259134
6136,西安思源学院,511,金融服务与管理,2,377,264690
6136,西安思源学院,512,大数据与财务管理,3,359,271523
6136,西安思源学院,513,大数据与会计,1,406,250885
6136,西安思源学院,514,电子商务,3,392,258204
6136,西安思源学院,515,数字媒体艺术设计,2,402,253186
6136,西安思源学院,516,环境艺术设计,2,356,272427
6136,西安思源学院,517,广告艺术设计,2,351,273813
6136,西安思源学院,518,室内艺术设计,2,386,261329
6136,西安思源学院,520,播音与主持,3,305,283783
6136,西安思源学院,521,广播影视节目制作,2,268,0
6136,西安思源学院,522,网络直播与运营,3,268,0
6136,西安思源学院,523,早期教育,2,348,274655
6136,西安思源学院,524,学前教育,2,322,280777
6136,西安思源学院,525,应用英语,2,319,281282
6136,西安思源学院,526,人力资源管理,2,375,265608
6138,西安铁路职业技术学院,501,轨道交通工程机械制造与维护,9,478,196075
6138,西安铁路职业技术学院,504,铁路物流管理,8,482,192923
6138,西安铁路职业技术学院,505,铁道机车运用与维护,3,504,168470
6138,西安铁路职业技术学院,506,铁道供电技术,7,485,188775
6140,西安外事学院,10,机器人工程,2,479,195063
6140,西安外事学院,501,大数据与会计,3,475,199777
6140,西安外事学院,502,学前教育,2,414,246771
6140,西安外事学院,503,应用英语,4,448,223952
6140,西安外事学院,504,应用日语,2,452,220454
6140,西安外事学院,505,应用法语,5,412,248037
6140,西安外事学院,506,护理,3,462,212015
6146,西安明德理工学院,4,能源经济,1,549,112949
6146,西安明德理工学院,10,电子信息工程,1,487,186962
6146,西安明德理工学院,501,大数据与财务管理,2,332,278732
6146,西安明德理工学院,502,网络营销与直播电商,2,268,0
6146,西安明德理工学院,503,机械制造及自动化,2,428,238032
6146,西安明德理工学院,504,计算机应用技术,2,427,238516
6146,西安明德理工学院,505,人工智能技术应用,2,422,241946
6147,西北农林科技大学,11,农学(农学类),1,606,45285
6147,西北农林科技大学,19,资源环境科学,1,592,61052
6149,西京学院,3,金融科技,2,487,187065
6149,西京学院,9,计算机科学与技术,3,494,179369
6149,西京学院,10,数据科学与大数据技术,2,487,186654
6149,西京学院,11,土木工程,2,483,191170
6149,西京学院,12,智能建造,1,486,187732
6149,西京学院,13,大数据管理与应用,1,489,185052
6152,陕西国际商贸学院,501,大数据与会计,5,349,274496
6152,陕西国际商贸学院,502,药学,3,398,255245
6152,陕西国际商贸学院,503,康复治疗技术,2,408,249971
6152,陕西国际商贸学院,504,电子商务,10,314,282216
6152,陕西国际商贸学院,505,大数据技术,8,306,283595
6152,陕西国际商贸学院,506,计算机应用技术,3,303,284016
6153,西安交通大学城市学院,5,土木工程,5,481,193190
6154,西安交通工程学院,1,交通运输,2,477,197404
6154,西安交通工程学院,2,车辆工程,1,477,197557
6154,西安交通工程学院,501,城市轨道交通运营管理,24,408,249977
6154,西安交通工程学院,502,动车组检修技术,8,406,251080
6154,西安交通工程学院,503,城市轨道车辆应用技术,15,400,254113
6154,西安交通工程学院,504,电气自动化技术,10,422,241605
6154,西安交通工程学院,505,城市轨道交通通信信号技术,5,420,242821
6154,西安交通工程学院,506,现代通信技术,8,391,259006
6154,西安交通工程学院,507,城市轨道交通工程技术,5,419,243697
6154,西安交通工程学院,508,学前教育,6,385,261528
6154,西安交通工程学院,509,大数据与会计,6,395,256772
6154,西安交通工程学院,510,现代物流管理,6,394,257335
6154,西安交通工程学院,511,电子商务,6,386,260925
6157,商洛职业技术学院,501,临床医学,9,458,215036
6157,商洛职业技术学院,502,中医学,7,478,196632
6158,西安汽车职业大学,501,新能源汽车检测与维修技术,2,417,245049
6158,西安汽车职业大学,502,大数据与会计,2,404,252061
6158,西安汽车职业大学,503,氢能技术应用,2,415,246072
6158,西安汽车职业大学,504,电梯工程技术,2,414,246549
6158,西安汽车职业大学,505,智能网联汽车技术,2,402,253449
6159,陕西工商职业学院,501,建筑工程技术,5,424,240638
6159,陕西工商职业学院,502,工程造价,10,418,244510
6159,陕西工商职业学院,503,早期教育,10,413,247509
6160,宝鸡三和职业学院,501,建筑消防技术,2,404,252202
6160,宝鸡三和职业学院,502,机电一体化技术,20,347,274995
6160,宝鸡三和职业学院,503,汽车制造与试验技术,5,313,282460
6160,宝鸡三和职业学院,504,铁道交通运营管理,10,366,269017
6160,宝鸡三和职业学院,505,人工智能技术应用,3,367,268764
6160,宝鸡三和职业学院,506,护理,45,268,0
6160,宝鸡三和职业学院,507,旅游管理,5,361,270763
6161,榆林能源科技职业学院,501,安全技术与管理,3,388,260417
6161,榆林能源科技职业学院,502,智能控制技术,3,407,250470
6161,榆林能源科技职业学院,503,汽车制造与试验技术,2,399,254849
6161,榆林能源科技职业学院,504,新能源汽车技术,3,396,256398
6161,榆林能源科技职业学院,505,高速铁路客运服务,2,405,251739
6161,榆林能源科技职业学院,506,物联网应用技术,2,400,254074
6161,榆林能源科技职业学院,507,护理,3,432,235618
6161,榆林能源科技职业学院,508,医学检验技术,3,419,243530
6161,榆林能源科技职业学院,509,口腔医学技术,3,452,220234
6161,榆林能源科技职业学院,510,环境艺术设计,3,384,261874
6161,榆林能源科技职业学院,511,学前教育,2,393,258029
6161,榆林能源科技职业学院,512,美术教育,2,395,256742
6161,榆林能源科技职业学院,513,畜牧兽医,3,464,210378
6161,榆林能源科技职业学院,514,医学影像技术,3,388,260274
6161,榆林能源科技职业学院,515,建筑消防技术,3,364,269847
6162,陕西职业技术学院,501,建筑工程技术,5,427,238941
6162,陕西职业技术学院,502,人工智能技术应用,5,443,227389
6163,陕西电子信息职业技术学院,501,数控技术,2,378,264533
6163,陕西电子信息职业技术学院,502,机电一体化技术,4,431,235940
6163,陕西电子信息职业技术学院,503,电气自动化技术,4,431,235678
6163,陕西电子信息职业技术学院,504,计算机网络技术,3,403,252673
6163,陕西电子信息职业技术学院,505,软件技术,2,378,264246
6163,陕西电子信息职业技术学院,506,数字媒体技术,2,402,253430
6163,陕西电子信息职业技术学院,507,大数据与财务管理,3,373,266470
6163,陕西电子信息职业技术学院,508,大数据与会计,4,367,268646
6164,陕西旅游烹饪职业学院,501,空中乘务,2,316,281851
6164,陕西旅游烹饪职业学院,502,计算机应用技术,2,456,216759
6164,陕西旅游烹饪职业学院,503,信息安全技术应用,1,444,226590
6164,陕西旅游烹饪职业学院,504,电子商务,2,337,277483
6164,陕西旅游烹饪职业学院,505,旅游管理,2,358,271770
6164,陕西旅游烹饪职业学院,506,烹饪工艺与营养,1,344,275845
6165,宝鸡中北职业学院,501,智能光电制造技术,1,368,268534
6165,宝鸡中北职业学院,502,工业机器人技术,1,374,265880
6165,宝鸡中北职业学院,503,铁道供电技术,1,402,253277
6165,宝鸡中北职业学院,504,高速铁路客运服务,1,393,257587
6165,宝鸡中北职业学院,505,空中乘务,1,369,267894
6165,宝鸡中北职业学院,506,跨境电子商务,2,358,271935
6165,宝鸡中北职业学院,507,数字媒体艺术设计,1,363,270275
6165,宝鸡中北职业学院,508,网络新闻与传播,1,375,265781
6165,宝鸡中北职业学院,509,学前教育,1,370,267696
6206,兰州博文科技学院,5,大数据管理与应用,2,489,185110
6206,兰州博文科技学院,6,工程管理,2,466,207787
6206,兰州博文科技学院,7,车辆工程,2,477,197149
6206,兰州博文科技学院,8,道路桥梁与渡河工程,1,483,191328
6206,兰州博文科技学院,11,交通工程,2,469,205099
6206,兰州博文科技学院,12,交通运输,1,474,200090
6206,兰州博文科技学院,13,土木工程,2,475,199362
6206,兰州博文科技学院,14,自动化,2,486,187910
6206,兰州博文科技学院,15,机器人工程,2,479,195115
6208,兰州信息科技学院,1,电气工程及其自动化,7,483,191151
6208,兰州信息科技学院,2,食品科学与工程,5,471,203357
6208,兰州信息科技学院,3,电子信息工程,4,480,194385
6208,兰州信息科技学院,5,机器人工程,5,476,198104
6208,兰州信息科技学院,6,计算机科学与技术,6,480,194221
6209,兰州财经大学,20,房地产开发与管理,1,559,100878
6211,兰州工商学院,6,网络工程(网络安全方向),1,464,209749
6211,兰州工商学院,7,大数据管理与应用,1,453,219279
6214,西北民族大学,9,土木工程,1,581,73765
6219,兰州石化职业技术大学,504,应用化工技术(公用工程),3,474,200850
6219,兰州石化职业技术大学,507,理化测试与质检技术,2,443,227445
6219,兰州石化职业技术大学,508,化工装备技术,3,421,242760
6219,兰州石化职业技术大学,510,工业自动化仪表技术,1,468,206185
6219,兰州石化职业技术大学,511,汽车检测与维修技术,2,435,232886
6219,兰州石化职业技术大学,512,新能源汽车技术,1,472,202574
6219,兰州石化职业技术大学,513,智能网联汽车技术,2,401,253619
6219,兰州石化职业技术大学,515,现代物流管理,2,386,261119
6219,兰州石化职业技术大学,517,材料工程技术,2,446,224745
6219,兰州石化职业技术大学,518,安全技术与管理,1,473,201135
6219,兰州石化职业技术大学,519,发电厂及电力系统,2,478,196598
6219,兰州石化职业技术大学,520,热能动力工程技术,5,441,228618
6219,兰州石化职业技术大学,521,光伏工程技术,2,464,209659
6222,兰州工业学院,12,建筑环境与能源应用工程,1,633,21548
6223,兰州外语职业学院,501,护理,5,268,0
6223,兰州外语职业学院,503,小学英语教育,4,268,0
6223,兰州外语职业学院,504,计算机应用技术,5,288,286629
6223,兰州外语职业学院,506,药学,7,268,0
6224,兰州科技职业学院,501,护理,12,268,0
6224,兰州科技职业学院,502,药学,11,268,0
6224,兰州科技职业学院,503,口腔医学技术,11,268,0
6224,兰州科技职业学院,504,康复治疗技术,11,268,0
6224,兰州科技职业学院,505,医学检验技术,11,268,0
6224,兰州科技职业学院,506,医学影像技术,11,268,0
6224,兰州科技职业学院,507,计算机应用技术,11,323,280481
6224,兰州科技职业学院,508,电气自动化技术,11,399,254770
6224,兰州科技职业学院,509,建筑消防技术,11,268,0
6225,白银希望职业技术学院,501,口腔医学技术,6,268,0
6225,白银希望职业技术学院,502,人工智能技术应用,7,287,286828
6225,白银希望职业技术学院,503,大数据与会计,6,268,0
6225,白银希望职业技术学院,504,中医康复技术,6,268,0
6227,甘肃建筑职业技术学院,501,建设工程管理,2,409,249708
6227,甘肃建筑职业技术学院,502,智能焊接技术,3,407,250797
6228,甘肃林业职业技术大学,501,林业信息技术应用,1,408,249845
6228,甘肃林业职业技术大学,502,森林生态旅游与康养,1,409,249740
6228,甘肃林业职业技术大学,503,森林和草原资源保护,1,431,235672
6228,甘肃林业职业技术大学,504,林业技术,1,382,262606
6228,甘肃林业职业技术大学,505,草业技术,1,362,270623
6303,青海民族大学,13,土地资源管理(中外合作办学),3,487,186773
6406,宁夏大学新华学院,1,计算机科学与技术,2,477,196992
6406,宁夏大学新华学院,2,数学与应用数学(教育方向),2,483,191199
6406,宁夏大学新华学院,3,化学工程与工艺,1,483,190976
6406,宁夏大学新华学院,4,生物技术,1,482,192006
6408,宁夏理工学院,7,电气工程及其自动化,15,479,195214
6408,宁夏理工学院,8,自动化,4,475,199131
6408,宁夏理工学院,9,电子信息工程,1,469,205108
6408,宁夏理工学院,10,物联网工程,4,470,204428
6408,宁夏理工学院,11,机器人工程,9,470,204053
6408,宁夏理工学院,12,计算机类,23,467,207022
6408,宁夏理工学院,13,机械工程,4,473,201088
6408,宁夏理工学院,14,材料成型及控制工程,2,467,206886
6408,宁夏理工学院,15,智能制造工程,5,469,205032
6408,宁夏理工学院,16,汽车服务工程(智能网联汽车),3,465,208851
6408,宁夏理工学院,17,能源与动力工程,5,468,206183
6408,宁夏理工学院,18,应用化学,5,466,207698
6408,宁夏理工学院,19,制药工程,8,466,207812
6408,宁夏理工学院,20,能源化学工程,5,464,209538
6408,宁夏理工学院,21,材料化学,4,467,206755
6408,宁夏理工学院,22,给排水科学与工程,4,464,209833
6408,宁夏理工学院,23,工程管理,4,465,208864
6408,宁夏理工学院,24,安全工程,6,464,209567
6408,宁夏理工学院,25,环境工程,4,465,209089
6408,宁夏理工学院,28,交通运输(机场运行),3,467,206780
6408,宁夏理工学院,29,交通运输(航空物流),4,466,208228
6417,银川科技学院,501,智能控制技术,1,339,277081
6417,银川科技学院,502,大数据与财务管理,2,318,281515
6417,银川科技学院,503,分布式发电与智能微电网技术,2,354,272875
6417,银川科技学院,504,建筑室内设计,1,274,289336
6417,银川科技学院,507,计算机应用技术,2,378,264529
6417,银川科技学院,509,会计信息管理,2,382,262686
6417,银川科技学院,510,工程造价,2,338,277251
6503,新疆科技学院,1,数字经济,2,501,171013
6503,新疆科技学院,2,金融科技,1,500,172595
6503,新疆科技学院,3,大数据管理与应用,1,527,140712
6503,新疆科技学院,7,数字媒体技术,1,508,162785
6503,新疆科技学院,8,医学信息工程,4,499,173438
6503,新疆科技学院,9,物联网工程,2,508,162824
6503,新疆科技学院,11,化学工程与工艺,5,499,173932
6503,新疆科技学院,12,纺织工程,6,489,184958
6503,新疆科技学院,13,轻化工程,5,489,184536
6503,新疆科技学院,14,精细化工,6,489,184514
6503,新疆科技学院,15,非织造材料与工程,3,489,185033
6503,新疆科技学院,16,药学,3,501,171559
6503,新疆科技学院,19,中药资源与开发,1,507,164608
6505,新疆理工学院,3,食品卫生与营养学,2,493,180063
6505,新疆理工学院,5,应用物理学,2,521,147272
6505,新疆理工学院,6,金融学,2,495,178091
6505,新疆理工学院,27,智能科学与技术,1,510,161022
6505,新疆理工学院,31,过程装备与控制工程,3,503,168690
6505,新疆理工学院,33,能源服务工程,1,504,168559
6505,新疆理工学院,34,材料化学,2,499,173666
6505,新疆理工学院,36,能源与环境系统工程,1,499,173611
6505,新疆理工学院,37,化学工程与工艺,2,502,170672
6506,新疆工程学院,1,安全工程,2,513,156884
6506,新疆工程学院,3,化工与制药类,4,507,164236
6506,新疆工程学院,15,空间信息与数字技术,2,516,153363
6507,新疆农业大学,13,土木工程,4,508,163247
6507,新疆农业大学,20,农业资源与环境,4,507,164041
6507,新疆农业大学,21,土地科学与技术,2,510,160851
6507,新疆农业大学,24,动物药学,4,510,160635
6507,新疆农业大学,35,数据计算及应用,5,512,158116
6507,新疆农业大学,36,土木工程(中外合作办学),2,500,172265
6509,新疆师范大学,30,应用统计学,2,515,154752
6509,新疆师范大学,49,生物工程,2,511,159772
6510,新疆第二医学院,5,预防医学,2,488,185649
6510,新疆第二医学院,6,药学,1,503,168794
6510,新疆第二医学院,7,卫生检验与检疫,1,489,184674
6510,新疆第二医学院,9,信息管理与信息系统,1,487,186680
6518,喀什大学,5,化学(师范),1,511,159323
6518,喀什大学,6,生物科学(师范),1,504,167512
6518,喀什大学,11,给排水科学与工程,1,508,162885
6518,喀什大学,13,大气科学,1,513,156855
6519,新疆政法学院,4,智能科学与技术,1,516,153707
6520,新疆和田学院,6,医学检验技术,1,508,162959
6520,新疆和田学院,7,物理学(师范),2,494,179740
6520,新疆和田学院,11,化学工程与工艺,3,489,184557
6520,新疆和田学院,12,中药学,3,497,175586
6520,新疆和田学院,501,法律事务,1,468,206191
6520,新疆和田学院,504,小学数学教育(师范),3,425,239817
6520,新疆和田学院,505,统计与大数据分析,3,423,240996
6520,新疆和田学院,506,应用化工技术,3,415,246234
6520,新疆和田学院,507,农产品加工与质量检测,3,418,244460
6520,新疆和田学院,508,旅游管理,3,435,233478
6521,伊犁师范大学,5,数学与应用数学(师范),1,554,107363
6521,伊犁师范大学,6,应用统计学,3,500,172650
6521,伊犁师范大学,7,数据科学与大数据技术,1,506,165167
6521,伊犁师范大学,8,工程造价,2,498,174591
6521,伊犁师范大学,9,测绘工程,3,499,173290
6521,伊犁师范大学,10,地理空间信息工程,2,498,174981
6521,伊犁师范大学,12,新能源科学与工程,1,503,169018
6521,伊犁师范大学,13,机器人工程,1,513,157012
6522,昌吉学院,1,智慧农业,2,490,183420
6522,昌吉学院,2,化工安全工程,2,493,180370
6522,昌吉学院,4,微电子科学与工程,3,504,167520
6522,昌吉学院,6,智能感知工程,2,495,178696
6522,昌吉学院,7,无人驾驶航空器系统工程,2,493,180272
6522,昌吉学院,8,飞行器运维工程,3,490,184063
6523,和田职业技术学院,501,电子商务,4,387,260656
6523,和田职业技术学院,502,大数据与会计,2,363,270014
6523,和田职业技术学院,503,现代物流管理,3,330,279101
6523,和田职业技术学院,504,网络营销与直播电商,1,398,255377
6523,和田职业技术学院,505,汽车制造与试验技术,2,411,248107
6523,和田职业技术学院,506,计算机网络技术,2,410,249044
6523,和田职业技术学院,507,机电一体化技术,1,422,242127
6523,和田职业技术学院,508,新能源汽车技术,2,392,258101
6523,和田职业技术学院,509,物联网应用技术,1,421,242362
6523,和田职业技术学院,510,旅游管理,1,408,249905
6523,和田职业技术学院,511,酒店管理与数字化运营,1,402,253536
6523,和田职业技术学院,512,园艺技术,2,294,285563
6523,和田职业技术学院,513,农产品加工与质量检测,2,406,250951
6523,和田职业技术学院,514,动物防疫与检疫,1,408,250212
6523,和田职业技术学院,515,艺术设计,1,420,242958
6523,和田职业技术学院,516,数字媒体技术,2,381,263072
6523,和田职业技术学院,517,民政服务与管理,1,376,265457
6523,和田职业技术学院,518,现代家政服务与管理,1,391,258781
6524,喀什职业技术学院,501,园艺技术,3,388,260406
6524,喀什职业技术学院,502,动物医学,2,454,218426
6524,喀什职业技术学院,503,畜牧兽医,2,392,258429
6524,喀什职业技术学院,504,建筑工程技术,2,393,257661
6524,喀什职业技术学院,505,工程造价,3,391,258622
6524,喀什职业技术学院,506,智能制造装备技术,2,400,254057
6524,喀什职业技术学院,507,机电一体化技术,3,404,252196
6524,喀什职业技术学院,508,电气自动化技术,2,427,238409
6524,喀什职业技术学院,509,新能源汽车技术,2,401,254001
6524,喀什职业技术学院,510,服装设计与工艺,2,368,268322
6524,喀什职业技术学院,511,计算机应用技术,3,403,252926
6524,喀什职业技术学院,512,大数据技术,3,378,264442
6524,喀什职业技术学院,513,临床医学,4,415,245870
6524,喀什职业技术学院,514,护理,2,427,238984
6524,喀什职业技术学院,515,药学,2,414,246379
6524,喀什职业技术学院,516,中药学,2,420,243071
6524,喀什职业技术学院,517,医学检验技术,2,394,257439
6524,喀什职业技术学院,518,医学影像技术,2,400,254153
6524,喀什职业技术学院,519,婴幼儿托育服务与管理,1,361,270986
6524,喀什职业技术学院,520,大数据与会计,2,366,269167
6524,喀什职业技术学院,521,电子商务,2,360,271260
6524,喀什职业技术学院,522,现代物流管理,2,387,260547
6524,喀什职业技术学院,523,冷链物流技术与管理,3,382,262986
6524,喀什职业技术学院,524,旅游管理,5,373,266540
6524,喀什职业技术学院,525,酒店管理与数字化运营,4,347,275026
6525,喀什理工职业技术学院,501,电力系统自动化技术,2,414,246597
6525,喀什理工职业技术学院,502,供用电技术,2,389,259552
6525,喀什理工职业技术学院,503,建筑装饰工程技术,1,377,264994
6525,喀什理工职业技术学院,504,智能焊接技术,2,374,266002
6525,喀什理工职业技术学院,505,机电一体化技术,7,403,252778
6525,喀什理工职业技术学院,506,电气自动化技术,6,405,251647
6525,喀什理工职业技术学院,507,汽车检测与维修技术,2,398,255098
6525,喀什理工职业技术学院,508,新能源汽车检测与维修技术,1,413,246970
6525,喀什理工职业技术学院,509,应用电子技术,1,369,268105
6525,喀什理工职业技术学院,510,计算机网络技术,8,384,262069
6525,喀什理工职业技术学院,511,现代通信技术,2,405,251752
6525,喀什理工职业技术学院,512,护理,3,426,239654
6525,喀什理工职业技术学院,513,康复治疗技术,1,409,249761
6525,喀什理工职业技术学院,514,跨境电子商务,1,400,254386
6525,喀什理工职业技术学院,515,智能物流技术,1,408,250151
6526,阿克苏职业技术学院,501,飞机机电设备维修,5,381,263206
6526,阿克苏职业技术学院,502,民航安全技术管理,5,336,277814
6526,阿克苏职业技术学院,503,飞行器数字化制造技术,5,363,270095
6526,阿克苏职业技术学院,504,智能控制技术,5,320,281156
6527,塔里木职业技术学院,501,机电一体化技术,16,364,269664
6527,塔里木职业技术学院,502,无人机应用技术,4,392,258554
6527,塔里木职业技术学院,503,机场运行服务与管理,4,380,263438
6527,塔里木职业技术学院,504,现代纺织技术,5,334,278191
6527,塔里木职业技术学院,505,旅游管理,15,307,283468
6528,塔城职业技术学院,501,计算机网络技术,3,364,269985
6528,塔城职业技术学院,502,电力系统继电保护技术,2,398,255210
6529,吐鲁番职业技术学院,501,计算机网络技术(网络工程方向),2,368,268527
6529,吐鲁番职业技术学院,502,护理(临床护理),2,398,255556
6529,吐鲁番职业技术学院,503,学前教育,1,346,275356
6530,阿勒泰职业技术学院,501,休闲体育,2,362,270337
6530,阿勒泰职业技术学院,502,运动训练,2,369,267959
6530,阿勒泰职业技术学院,503,运动防护,1,391,258876
6530,阿勒泰职业技术学院,504,冰雪运动与管理,1,449,222680
6530,阿勒泰职业技术学院,505,冰雪设施运维与管理,2,348,274741
6530,阿勒泰职业技术学院,506,体育艺术表演,1,359,271475
